diagnosis,table,column,row,value,repair,extended_diagnosis,file_path,data_type,nullable
envo term error,so,env_broad_biome,1,marine biome [ENVO:00000447];marine benthic biome[ENVO:01000024],http://purl.obolibrary.org/obo/ENVO_00000447;http://purl.obolibrary.org/obo/ENVO_01000024,envo term should be a list of URIs,/github/workspace/logsheets/filtered/sediment_observatory.csv,EMOBONList,False
envo term error,wo,env_broad_biome,1,marine biome [ENVO:00000447],http://purl.obolibrary.org/obo/ENVO_00000447,envo term should be a list of URIs,/github/workspace/logsheets/filtered/water_observatory.csv,EMOBONList,False
envo term error,so,env_local,1,lagoon [ENVO:00000038];shallow_marine_sediment [ENVO:03000034],http://purl.obolibrary.org/obo/ENVO_00000038;http://purl.obolibrary.org/obo/ENVO_03000034,envo term should be a list of URIs,/github/workspace/logsheets/filtered/sediment_observatory.csv,EMOBONList,False
envo term error,wo,env_local,1,lagoon [ENVO:00000038];marine water body [ENVO:00001999],http://purl.obolibrary.org/obo/ENVO_00000038;http://purl.obolibrary.org/obo/ENVO_00001999,envo term should be a list of URIs,/github/workspace/logsheets/filtered/water_observatory.csv,EMOBONList,False
envo term error,ss,env_material,1,lagoon [ENVO_00000038]; sediment [ENVO:00002007],http://purl.obolibrary.org/obo/ENVO_00000038;http://purl.obolibrary.org/obo/ENVO_00002007,envo term should be a list of URIs,/github/workspace/logsheets/filtered/sediment_sampling.csv,EMOBONList,False
envo term error,ss,env_material,2,lagoon [ENVO_00000038]; sediment [ENVO:00002007],http://purl.obolibrary.org/obo/ENVO_00000038;http://purl.obolibrary.org/obo/ENVO_00002007,envo term should be a list of URIs,/github/workspace/logsheets/filtered/sediment_sampling.csv,EMOBONList,False
envo term error,ss,env_material,3,lagoon [ENVO_00000038]; sediment [ENVO:00002007],http://purl.obolibrary.org/obo/ENVO_00000038;http://purl.obolibrary.org/obo/ENVO_00002007,envo term should be a list of URIs,/github/workspace/logsheets/filtered/sediment_sampling.csv,EMOBONList,False
envo term error,ss,env_material,4,lagoon [ENVO_00000038]; sediment [ENVO:00002007],http://purl.obolibrary.org/obo/ENVO_00000038;http://purl.obolibrary.org/obo/ENVO_00002007,envo term should be a list of URIs,/github/workspace/logsheets/filtered/sediment_sampling.csv,EMOBONList,False
envo term error,ss,env_material,6,lagoon [ENVO_00000038]; sediment [ENVO:00002007],http://purl.obolibrary.org/obo/ENVO_00000038;http://purl.obolibrary.org/obo/ENVO_00002007,envo term should be a list of URIs,/github/workspace/logsheets/filtered/sediment_sampling.csv,EMOBONList,False
envo term error,ss,env_material,7,lagoon [ENVO_00000038]; sediment [ENVO:00002007],http://purl.obolibrary.org/obo/ENVO_00000038;http://purl.obolibrary.org/obo/ENVO_00002007,envo term should be a list of URIs,/github/workspace/logsheets/filtered/sediment_sampling.csv,EMOBONList,False
envo term error,ss,env_material,8,lagoon [ENVO_00000038]; sediment [ENVO:00002007],http://purl.obolibrary.org/obo/ENVO_00000038;http://purl.obolibrary.org/obo/ENVO_00002007,envo term should be a list of URIs,/github/workspace/logsheets/filtered/sediment_sampling.csv,EMOBONList,False
envo term error,ss,env_material,9,lagoon [ENVO_00000038]; sediment [ENVO:00002007],http://purl.obolibrary.org/obo/ENVO_00000038;http://purl.obolibrary.org/obo/ENVO_00002007,envo term should be a list of URIs,/github/workspace/logsheets/filtered/sediment_sampling.csv,EMOBONList,False
envo term error,ss,env_material,11,lagoon [ENVO_00000038]; sediment [ENVO:00002007],http://purl.obolibrary.org/obo/ENVO_00000038;http://purl.obolibrary.org/obo/ENVO_00002007,envo term should be a list of URIs,/github/workspace/logsheets/filtered/sediment_sampling.csv,EMOBONList,False
envo term error,ss,env_material,12,lagoon [ENVO_00000038]; sediment [ENVO:00002007],http://purl.obolibrary.org/obo/ENVO_00000038;http://purl.obolibrary.org/obo/ENVO_00002007,envo term should be a list of URIs,/github/workspace/logsheets/filtered/sediment_sampling.csv,EMOBONList,False
envo term error,ss,env_material,13,lagoon [ENVO_00000038]; sediment [ENVO:00002007],http://purl.obolibrary.org/obo/ENVO_00000038;http://purl.obolibrary.org/obo/ENVO_00002007,envo term should be a list of URIs,/github/workspace/logsheets/filtered/sediment_sampling.csv,EMOBONList,False
envo term error,ss,env_material,14,lagoon [ENVO_00000038]; sediment [ENVO:00002007],http://purl.obolibrary.org/obo/ENVO_00000038;http://purl.obolibrary.org/obo/ENVO_00002007,envo term should be a list of URIs,/github/workspace/logsheets/filtered/sediment_sampling.csv,EMOBONList,False
envo term error,ss,env_material,16,lagoon [ENVO_00000038]; sediment [ENVO:00002007],http://purl.obolibrary.org/obo/ENVO_00000038;http://purl.obolibrary.org/obo/ENVO_00002007,envo term should be a list of URIs,/github/workspace/logsheets/filtered/sediment_sampling.csv,EMOBONList,False
envo term error,ss,env_material,17,lagoon [ENVO_00000038]; sediment [ENVO:00002007],http://purl.obolibrary.org/obo/ENVO_00000038;http://purl.obolibrary.org/obo/ENVO_00002007,envo term should be a list of URIs,/github/workspace/logsheets/filtered/sediment_sampling.csv,EMOBONList,False
envo term error,ss,env_material,18,lagoon [ENVO_00000038]; sediment [ENVO:00002007],http://purl.obolibrary.org/obo/ENVO_00000038;http://purl.obolibrary.org/obo/ENVO_00002007,envo term should be a list of URIs,/github/workspace/logsheets/filtered/sediment_sampling.csv,EMOBONList,False
envo term error,ss,env_material,19,lagoon [ENVO_00000038]; sediment [ENVO:00002007],http://purl.obolibrary.org/obo/ENVO_00000038;http://purl.obolibrary.org/obo/ENVO_00002007,envo term should be a list of URIs,/github/workspace/logsheets/filtered/sediment_sampling.csv,EMOBONList,False
envo term error,ss,env_material,21,lagoon [ENVO_00000038]; sediment [ENVO:00002007],http://purl.obolibrary.org/obo/ENVO_00000038;http://purl.obolibrary.org/obo/ENVO_00002007,envo term should be a list of URIs,/github/workspace/logsheets/filtered/sediment_sampling.csv,EMOBONList,False
envo term error,ss,env_material,22,lagoon [ENVO_00000038]; sediment [ENVO:00002007],http://purl.obolibrary.org/obo/ENVO_00000038;http://purl.obolibrary.org/obo/ENVO_00002007,envo term should be a list of URIs,/github/workspace/logsheets/filtered/sediment_sampling.csv,EMOBONList,False
envo term error,ss,env_material,23,lagoon [ENVO_00000038]; sediment [ENVO:00002007],http://purl.obolibrary.org/obo/ENVO_00000038;http://purl.obolibrary.org/obo/ENVO_00002007,envo term should be a list of URIs,/github/workspace/logsheets/filtered/sediment_sampling.csv,EMOBONList,False
envo term error,ss,env_material,24,lagoon [ENVO_00000038]; sediment [ENVO:00002007],http://purl.obolibrary.org/obo/ENVO_00000038;http://purl.obolibrary.org/obo/ENVO_00002007,envo term should be a list of URIs,/github/workspace/logsheets/filtered/sediment_sampling.csv,EMOBONList,False
envo term error,ss,env_material,26,lagoon [ENVO_00000038]; sediment [ENVO:00002007],http://purl.obolibrary.org/obo/ENVO_00000038;http://purl.obolibrary.org/obo/ENVO_00002007,envo term should be a list of URIs,/github/workspace/logsheets/filtered/sediment_sampling.csv,EMOBONList,False
envo term error,ss,env_material,27,lagoon [ENVO_00000038]; sediment [ENVO:00002007],http://purl.obolibrary.org/obo/ENVO_00000038;http://purl.obolibrary.org/obo/ENVO_00002007,envo term should be a list of URIs,/github/workspace/logsheets/filtered/sediment_sampling.csv,EMOBONList,False
envo term error,ss,env_material,28,lagoon [ENVO_00000038]; sediment [ENVO:00002007],http://purl.obolibrary.org/obo/ENVO_00000038;http://purl.obolibrary.org/obo/ENVO_00002007,envo term should be a list of URIs,/github/workspace/logsheets/filtered/sediment_sampling.csv,EMOBONList,False
envo term error,ss,env_material,29,lagoon [ENVO_00000038]; sediment [ENVO:00002007],http://purl.obolibrary.org/obo/ENVO_00000038;http://purl.obolibrary.org/obo/ENVO_00002007,envo term should be a list of URIs,/github/workspace/logsheets/filtered/sediment_sampling.csv,EMOBONList,False
envo term error,ss,env_material,31,lagoon [ENVO_00000038]; sediment [ENVO:00002007],http://purl.obolibrary.org/obo/ENVO_00000038;http://purl.obolibrary.org/obo/ENVO_00002007,envo term should be a list of URIs,/github/workspace/logsheets/filtered/sediment_sampling.csv,EMOBONList,False
envo term error,ss,env_material,32,lagoon [ENVO_00000038]; sediment [ENVO:00002007],http://purl.obolibrary.org/obo/ENVO_00000038;http://purl.obolibrary.org/obo/ENVO_00002007,envo term should be a list of URIs,/github/workspace/logsheets/filtered/sediment_sampling.csv,EMOBONList,False
envo term error,ss,env_material,33,lagoon [ENVO_00000038]; sediment [ENVO:00002007],http://purl.obolibrary.org/obo/ENVO_00000038;http://purl.obolibrary.org/obo/ENVO_00002007,envo term should be a list of URIs,/github/workspace/logsheets/filtered/sediment_sampling.csv,EMOBONList,False
envo term error,ss,env_material,34,lagoon [ENVO_00000038]; sediment [ENVO:00002007],http://purl.obolibrary.org/obo/ENVO_00000038;http://purl.obolibrary.org/obo/ENVO_00002007,envo term should be a list of URIs,/github/workspace/logsheets/filtered/sediment_sampling.csv,EMOBONList,False
envo term error,ss,env_material,36,lagoon [ENVO_00000038]; sediment [ENVO:00002007],http://purl.obolibrary.org/obo/ENVO_00000038;http://purl.obolibrary.org/obo/ENVO_00002007,envo term should be a list of URIs,/github/workspace/logsheets/filtered/sediment_sampling.csv,EMOBONList,False
envo term error,ss,env_material,37,lagoon [ENVO_00000038]; sediment [ENVO:00002007],http://purl.obolibrary.org/obo/ENVO_00000038;http://purl.obolibrary.org/obo/ENVO_00002007,envo term should be a list of URIs,/github/workspace/logsheets/filtered/sediment_sampling.csv,EMOBONList,False
envo term error,ss,env_material,38,lagoon [ENVO_00000038]; sediment [ENVO:00002007],http://purl.obolibrary.org/obo/ENVO_00000038;http://purl.obolibrary.org/obo/ENVO_00002007,envo term should be a list of URIs,/github/workspace/logsheets/filtered/sediment_sampling.csv,EMOBONList,False
envo term error,ss,env_material,39,lagoon [ENVO_00000038]; sediment [ENVO:00002007],http://purl.obolibrary.org/obo/ENVO_00000038;http://purl.obolibrary.org/obo/ENVO_00002007,envo term should be a list of URIs,/github/workspace/logsheets/filtered/sediment_sampling.csv,EMOBONList,False
envo term error,ss,env_material,41,lagoon [ENVO_00000038]; sediment [ENVO:00002007],http://purl.obolibrary.org/obo/ENVO_00000038;http://purl.obolibrary.org/obo/ENVO_00002007,envo term should be a list of URIs,/github/workspace/logsheets/filtered/sediment_sampling.csv,EMOBONList,False
envo term error,ss,env_material,42,lagoon [ENVO_00000038]; sediment [ENVO:00002007],http://purl.obolibrary.org/obo/ENVO_00000038;http://purl.obolibrary.org/obo/ENVO_00002007,envo term should be a list of URIs,/github/workspace/logsheets/filtered/sediment_sampling.csv,EMOBONList,False
envo term error,ss,env_material,43,lagoon [ENVO_00000038]; sediment [ENVO:00002007],http://purl.obolibrary.org/obo/ENVO_00000038;http://purl.obolibrary.org/obo/ENVO_00002007,envo term should be a list of URIs,/github/workspace/logsheets/filtered/sediment_sampling.csv,EMOBONList,False
envo term error,ss,env_material,44,lagoon [ENVO_00000038]; sediment [ENVO:00002007],http://purl.obolibrary.org/obo/ENVO_00000038;http://purl.obolibrary.org/obo/ENVO_00002007,envo term should be a list of URIs,/github/workspace/logsheets/filtered/sediment_sampling.csv,EMOBONList,False
envo term error,ws,env_material,1,lagoon [ENVO_00000038];marine water body [ENVO:00001999]; surface water [ENVO:00002042],http://purl.obolibrary.org/obo/ENVO_00000038;http://purl.obolibrary.org/obo/ENVO_00001999;http://purl.obolibrary.org/obo/ENVO_00002042,envo term should be a list of URIs,/github/workspace/logsheets/filtered/water_sampling.csv,EMOBONList,False
envo term error,ws,env_material,2,lagoon [ENVO_00000038];marine water body [ENVO:00001999]; surface water [ENVO:00002042],http://purl.obolibrary.org/obo/ENVO_00000038;http://purl.obolibrary.org/obo/ENVO_00001999;http://purl.obolibrary.org/obo/ENVO_00002042,envo term should be a list of URIs,/github/workspace/logsheets/filtered/water_sampling.csv,EMOBONList,False
envo term error,ws,env_material,3,lagoon [ENVO_00000038];marine water body [ENVO:00001999]; surface water [ENVO:00002042],http://purl.obolibrary.org/obo/ENVO_00000038;http://purl.obolibrary.org/obo/ENVO_00001999;http://purl.obolibrary.org/obo/ENVO_00002042,envo term should be a list of URIs,/github/workspace/logsheets/filtered/water_sampling.csv,EMOBONList,False
envo term error,ws,env_material,4,lagoon [ENVO_00000038];marine water body [ENVO:00001999]; surface water [ENVO:00002042],http://purl.obolibrary.org/obo/ENVO_00000038;http://purl.obolibrary.org/obo/ENVO_00001999;http://purl.obolibrary.org/obo/ENVO_00002042,envo term should be a list of URIs,/github/workspace/logsheets/filtered/water_sampling.csv,EMOBONList,False
envo term error,ws,env_material,5,lagoon [ENVO_00000038];marine water body [ENVO:00001999]; surface water [ENVO:00002042],http://purl.obolibrary.org/obo/ENVO_00000038;http://purl.obolibrary.org/obo/ENVO_00001999;http://purl.obolibrary.org/obo/ENVO_00002042,envo term should be a list of URIs,/github/workspace/logsheets/filtered/water_sampling.csv,EMOBONList,False
envo term error,ws,env_material,6,lagoon [ENVO_00000038];marine water body [ENVO:00001999]; surface water [ENVO:00002042],http://purl.obolibrary.org/obo/ENVO_00000038;http://purl.obolibrary.org/obo/ENVO_00001999;http://purl.obolibrary.org/obo/ENVO_00002042,envo term should be a list of URIs,/github/workspace/logsheets/filtered/water_sampling.csv,EMOBONList,False
envo term error,ws,env_material,7,lagoon [ENVO_00000038];marine water body [ENVO:00001999]; surface water [ENVO:00002042],http://purl.obolibrary.org/obo/ENVO_00000038;http://purl.obolibrary.org/obo/ENVO_00001999;http://purl.obolibrary.org/obo/ENVO_00002042,envo term should be a list of URIs,/github/workspace/logsheets/filtered/water_sampling.csv,EMOBONList,False
envo term error,ws,env_material,8,lagoon [ENVO_00000038];marine water body [ENVO:00001999]; surface water [ENVO:00002042],http://purl.obolibrary.org/obo/ENVO_00000038;http://purl.obolibrary.org/obo/ENVO_00001999;http://purl.obolibrary.org/obo/ENVO_00002042,envo term should be a list of URIs,/github/workspace/logsheets/filtered/water_sampling.csv,EMOBONList,False
envo term error,ws,env_material,9,lagoon [ENVO_00000038];marine water body [ENVO:00001999]; surface water [ENVO:00002042],http://purl.obolibrary.org/obo/ENVO_00000038;http://purl.obolibrary.org/obo/ENVO_00001999;http://purl.obolibrary.org/obo/ENVO_00002042,envo term should be a list of URIs,/github/workspace/logsheets/filtered/water_sampling.csv,EMOBONList,False
envo term error,ws,env_material,10,lagoon [ENVO_00000038];marine water body [ENVO:00001999]; surface water [ENVO:00002042],http://purl.obolibrary.org/obo/ENVO_00000038;http://purl.obolibrary.org/obo/ENVO_00001999;http://purl.obolibrary.org/obo/ENVO_00002042,envo term should be a list of URIs,/github/workspace/logsheets/filtered/water_sampling.csv,EMOBONList,False
envo term error,ws,env_material,11,lagoon [ENVO_00000038];marine water body [ENVO:00001999]; surface water [ENVO:00002042],http://purl.obolibrary.org/obo/ENVO_00000038;http://purl.obolibrary.org/obo/ENVO_00001999;http://purl.obolibrary.org/obo/ENVO_00002042,envo term should be a list of URIs,/github/workspace/logsheets/filtered/water_sampling.csv,EMOBONList,False
envo term error,ws,env_material,12,lagoon [ENVO_00000038];marine water body [ENVO:00001999]; surface water [ENVO:00002042],http://purl.obolibrary.org/obo/ENVO_00000038;http://purl.obolibrary.org/obo/ENVO_00001999;http://purl.obolibrary.org/obo/ENVO_00002042,envo term should be a list of URIs,/github/workspace/logsheets/filtered/water_sampling.csv,EMOBONList,False
envo term error,ws,env_material,13,lagoon [ENVO_00000038];marine water body [ENVO:00001999]; surface water [ENVO:00002042],http://purl.obolibrary.org/obo/ENVO_00000038;http://purl.obolibrary.org/obo/ENVO_00001999;http://purl.obolibrary.org/obo/ENVO_00002042,envo term should be a list of URIs,/github/workspace/logsheets/filtered/water_sampling.csv,EMOBONList,False
envo term error,ws,env_material,14,lagoon [ENVO_00000038];marine water body [ENVO:00001999]; surface water [ENVO:00002042],http://purl.obolibrary.org/obo/ENVO_00000038;http://purl.obolibrary.org/obo/ENVO_00001999;http://purl.obolibrary.org/obo/ENVO_00002042,envo term should be a list of URIs,/github/workspace/logsheets/filtered/water_sampling.csv,EMOBONList,False
envo term error,ws,env_material,15,lagoon [ENVO_00000038];marine water body [ENVO:00001999]; surface water [ENVO:00002042],http://purl.obolibrary.org/obo/ENVO_00000038;http://purl.obolibrary.org/obo/ENVO_00001999;http://purl.obolibrary.org/obo/ENVO_00002042,envo term should be a list of URIs,/github/workspace/logsheets/filtered/water_sampling.csv,EMOBONList,False
envo term error,ws,env_material,16,lagoon [ENVO_00000038];marine water body [ENVO:00001999]; surface water [ENVO:00002042],http://purl.obolibrary.org/obo/ENVO_00000038;http://purl.obolibrary.org/obo/ENVO_00001999;http://purl.obolibrary.org/obo/ENVO_00002042,envo term should be a list of URIs,/github/workspace/logsheets/filtered/water_sampling.csv,EMOBONList,False
envo term error,ws,env_material,17,lagoon [ENVO_00000038];marine water body [ENVO:00001999]; surface water [ENVO:00002042],http://purl.obolibrary.org/obo/ENVO_00000038;http://purl.obolibrary.org/obo/ENVO_00001999;http://purl.obolibrary.org/obo/ENVO_00002042,envo term should be a list of URIs,/github/workspace/logsheets/filtered/water_sampling.csv,EMOBONList,False
envo term error,ws,env_material,18,lagoon [ENVO_00000038];marine water body [ENVO:00001999]; surface water [ENVO:00002042],http://purl.obolibrary.org/obo/ENVO_00000038;http://purl.obolibrary.org/obo/ENVO_00001999;http://purl.obolibrary.org/obo/ENVO_00002042,envo term should be a list of URIs,/github/workspace/logsheets/filtered/water_sampling.csv,EMOBONList,False
envo term error,ws,env_material,19,lagoon [ENVO_00000038];marine water body [ENVO:00001999]; surface water [ENVO:00002042],http://purl.obolibrary.org/obo/ENVO_00000038;http://purl.obolibrary.org/obo/ENVO_00001999;http://purl.obolibrary.org/obo/ENVO_00002042,envo term should be a list of URIs,/github/workspace/logsheets/filtered/water_sampling.csv,EMOBONList,False
envo term error,ws,env_material,20,lagoon [ENVO_00000038];marine water body [ENVO:00001999]; surface water [ENVO:00002042],http://purl.obolibrary.org/obo/ENVO_00000038;http://purl.obolibrary.org/obo/ENVO_00001999;http://purl.obolibrary.org/obo/ENVO_00002042,envo term should be a list of URIs,/github/workspace/logsheets/filtered/water_sampling.csv,EMOBONList,False
envo term error,ws,env_material,21,lagoon [ENVO_00000038];marine water body [ENVO:00001999]; surface water [ENVO:00002042],http://purl.obolibrary.org/obo/ENVO_00000038;http://purl.obolibrary.org/obo/ENVO_00001999;http://purl.obolibrary.org/obo/ENVO_00002042,envo term should be a list of URIs,/github/workspace/logsheets/filtered/water_sampling.csv,EMOBONList,False
envo term error,ws,env_material,22,lagoon [ENVO_00000038];marine water body [ENVO:00001999]; surface water [ENVO:00002042],http://purl.obolibrary.org/obo/ENVO_00000038;http://purl.obolibrary.org/obo/ENVO_00001999;http://purl.obolibrary.org/obo/ENVO_00002042,envo term should be a list of URIs,/github/workspace/logsheets/filtered/water_sampling.csv,EMOBONList,False
envo term error,ws,env_material,23,lagoon [ENVO_00000038];marine water body [ENVO:00001999]; surface water [ENVO:00002042],http://purl.obolibrary.org/obo/ENVO_00000038;http://purl.obolibrary.org/obo/ENVO_00001999;http://purl.obolibrary.org/obo/ENVO_00002042,envo term should be a list of URIs,/github/workspace/logsheets/filtered/water_sampling.csv,EMOBONList,False
envo term error,ws,env_material,24,lagoon [ENVO_00000038];marine water body [ENVO:00001999]; surface water [ENVO:00002042],http://purl.obolibrary.org/obo/ENVO_00000038;http://purl.obolibrary.org/obo/ENVO_00001999;http://purl.obolibrary.org/obo/ENVO_00002042,envo term should be a list of URIs,/github/workspace/logsheets/filtered/water_sampling.csv,EMOBONList,False
envo term error,ws,env_material,25,lagoon [ENVO_00000038];marine water body [ENVO:00001999]; surface water [ENVO:00002042],http://purl.obolibrary.org/obo/ENVO_00000038;http://purl.obolibrary.org/obo/ENVO_00001999;http://purl.obolibrary.org/obo/ENVO_00002042,envo term should be a list of URIs,/github/workspace/logsheets/filtered/water_sampling.csv,EMOBONList,False
envo term error,ws,env_material,26,lagoon [ENVO_00000038];marine water body [ENVO:00001999]; surface water [ENVO:00002042],http://purl.obolibrary.org/obo/ENVO_00000038;http://purl.obolibrary.org/obo/ENVO_00001999;http://purl.obolibrary.org/obo/ENVO_00002042,envo term should be a list of URIs,/github/workspace/logsheets/filtered/water_sampling.csv,EMOBONList,False
envo term error,ws,env_material,27,lagoon [ENVO_00000038];marine water body [ENVO:00001999]; surface water [ENVO:00002042],http://purl.obolibrary.org/obo/ENVO_00000038;http://purl.obolibrary.org/obo/ENVO_00001999;http://purl.obolibrary.org/obo/ENVO_00002042,envo term should be a list of URIs,/github/workspace/logsheets/filtered/water_sampling.csv,EMOBONList,False
envo term error,ws,env_material,28,lagoon [ENVO_00000038];marine water body [ENVO:00001999]; surface water [ENVO:00002042],http://purl.obolibrary.org/obo/ENVO_00000038;http://purl.obolibrary.org/obo/ENVO_00001999;http://purl.obolibrary.org/obo/ENVO_00002042,envo term should be a list of URIs,/github/workspace/logsheets/filtered/water_sampling.csv,EMOBONList,False
envo term error,ws,env_material,29,lagoon [ENVO_00000038];marine water body [ENVO:00001999]; surface water [ENVO:00002042],http://purl.obolibrary.org/obo/ENVO_00000038;http://purl.obolibrary.org/obo/ENVO_00001999;http://purl.obolibrary.org/obo/ENVO_00002042,envo term should be a list of URIs,/github/workspace/logsheets/filtered/water_sampling.csv,EMOBONList,False
envo term error,ws,env_material,30,lagoon [ENVO_00000038];marine water body [ENVO:00001999]; surface water [ENVO:00002042],http://purl.obolibrary.org/obo/ENVO_00000038;http://purl.obolibrary.org/obo/ENVO_00001999;http://purl.obolibrary.org/obo/ENVO_00002042,envo term should be a list of URIs,/github/workspace/logsheets/filtered/water_sampling.csv,EMOBONList,False
envo term error,ws,env_material,31,lagoon [ENVO_00000038];marine water body [ENVO:00001999]; surface water [ENVO:00002042],http://purl.obolibrary.org/obo/ENVO_00000038;http://purl.obolibrary.org/obo/ENVO_00001999;http://purl.obolibrary.org/obo/ENVO_00002042,envo term should be a list of URIs,/github/workspace/logsheets/filtered/water_sampling.csv,EMOBONList,False
envo term error,ws,env_material,32,lagoon [ENVO_00000038];marine water body [ENVO:00001999]; surface water [ENVO:00002042],http://purl.obolibrary.org/obo/ENVO_00000038;http://purl.obolibrary.org/obo/ENVO_00001999;http://purl.obolibrary.org/obo/ENVO_00002042,envo term should be a list of URIs,/github/workspace/logsheets/filtered/water_sampling.csv,EMOBONList,False
envo term error,ws,env_material,33,lagoon [ENVO_00000038];marine water body [ENVO:00001999]; surface water [ENVO:00002042],http://purl.obolibrary.org/obo/ENVO_00000038;http://purl.obolibrary.org/obo/ENVO_00001999;http://purl.obolibrary.org/obo/ENVO_00002042,envo term should be a list of URIs,/github/workspace/logsheets/filtered/water_sampling.csv,EMOBONList,False
envo term error,ws,env_material,34,lagoon [ENVO_00000038];marine water body [ENVO:00001999]; surface water [ENVO:00002042],http://purl.obolibrary.org/obo/ENVO_00000038;http://purl.obolibrary.org/obo/ENVO_00001999;http://purl.obolibrary.org/obo/ENVO_00002042,envo term should be a list of URIs,/github/workspace/logsheets/filtered/water_sampling.csv,EMOBONList,False
envo term error,ws,env_material,35,lagoon [ENVO_00000038];marine water body [ENVO:00001999]; surface water [ENVO:00002042],http://purl.obolibrary.org/obo/ENVO_00000038;http://purl.obolibrary.org/obo/ENVO_00001999;http://purl.obolibrary.org/obo/ENVO_00002042,envo term should be a list of URIs,/github/workspace/logsheets/filtered/water_sampling.csv,EMOBONList,False
envo term error,ws,env_material,36,lagoon [ENVO_00000038];marine water body [ENVO:00001999]; surface water [ENVO:00002042],http://purl.obolibrary.org/obo/ENVO_00000038;http://purl.obolibrary.org/obo/ENVO_00001999;http://purl.obolibrary.org/obo/ENVO_00002042,envo term should be a list of URIs,/github/workspace/logsheets/filtered/water_sampling.csv,EMOBONList,False
envo term error,ws,env_material,37,lagoon [ENVO_00000038];marine water body [ENVO:00001999]; surface water [ENVO:00002042],http://purl.obolibrary.org/obo/ENVO_00000038;http://purl.obolibrary.org/obo/ENVO_00001999;http://purl.obolibrary.org/obo/ENVO_00002042,envo term should be a list of URIs,/github/workspace/logsheets/filtered/water_sampling.csv,EMOBONList,False
envo term error,ws,env_material,38,lagoon [ENVO_00000038];marine water body [ENVO:00001999]; surface water [ENVO:00002042],http://purl.obolibrary.org/obo/ENVO_00000038;http://purl.obolibrary.org/obo/ENVO_00001999;http://purl.obolibrary.org/obo/ENVO_00002042,envo term should be a list of URIs,/github/workspace/logsheets/filtered/water_sampling.csv,EMOBONList,False
envo term error,ws,env_material,39,lagoon [ENVO_00000038];marine water body [ENVO:00001999]; surface water [ENVO:00002042],http://purl.obolibrary.org/obo/ENVO_00000038;http://purl.obolibrary.org/obo/ENVO_00001999;http://purl.obolibrary.org/obo/ENVO_00002042,envo term should be a list of URIs,/github/workspace/logsheets/filtered/water_sampling.csv,EMOBONList,False
envo term error,ws,env_material,40,lagoon [ENVO_00000038];marine water body [ENVO:00001999]; surface water [ENVO:00002042],http://purl.obolibrary.org/obo/ENVO_00000038;http://purl.obolibrary.org/obo/ENVO_00001999;http://purl.obolibrary.org/obo/ENVO_00002042,envo term should be a list of URIs,/github/workspace/logsheets/filtered/water_sampling.csv,EMOBONList,False
envo term error,ws,env_material,41,lagoon [ENVO_00000038];marine water body [ENVO:00001999]; surface water [ENVO:00002042],http://purl.obolibrary.org/obo/ENVO_00000038;http://purl.obolibrary.org/obo/ENVO_00001999;http://purl.obolibrary.org/obo/ENVO_00002042,envo term should be a list of URIs,/github/workspace/logsheets/filtered/water_sampling.csv,EMOBONList,False
envo term error,ws,env_material,42,lagoon [ENVO_00000038];marine water body [ENVO:00001999]; surface water [ENVO:00002042],http://purl.obolibrary.org/obo/ENVO_00000038;http://purl.obolibrary.org/obo/ENVO_00001999;http://purl.obolibrary.org/obo/ENVO_00002042,envo term should be a list of URIs,/github/workspace/logsheets/filtered/water_sampling.csv,EMOBONList,False
envo term error,ws,env_material,43,lagoon [ENVO_00000038];marine water body [ENVO:00001999]; surface water [ENVO:00002042],http://purl.obolibrary.org/obo/ENVO_00000038;http://purl.obolibrary.org/obo/ENVO_00001999;http://purl.obolibrary.org/obo/ENVO_00002042,envo term should be a list of URIs,/github/workspace/logsheets/filtered/water_sampling.csv,EMOBONList,False
envo term error,ws,env_material,44,lagoon [ENVO_00000038];marine water body [ENVO:00001999]; surface water [ENVO:00002042],http://purl.obolibrary.org/obo/ENVO_00000038;http://purl.obolibrary.org/obo/ENVO_00001999;http://purl.obolibrary.org/obo/ENVO_00002042,envo term should be a list of URIs,/github/workspace/logsheets/filtered/water_sampling.csv,EMOBONList,False
envo term error,ws,env_material,45,lagoon [ENVO_00000038];marine water body [ENVO:00001999]; surface water [ENVO:00002042],http://purl.obolibrary.org/obo/ENVO_00000038;http://purl.obolibrary.org/obo/ENVO_00001999;http://purl.obolibrary.org/obo/ENVO_00002042,envo term should be a list of URIs,/github/workspace/logsheets/filtered/water_sampling.csv,EMOBONList,False
envo term error,ws,env_material,46,lagoon [ENVO_00000038];marine water body [ENVO:00001999]; surface water [ENVO:00002042],http://purl.obolibrary.org/obo/ENVO_00000038;http://purl.obolibrary.org/obo/ENVO_00001999;http://purl.obolibrary.org/obo/ENVO_00002042,envo term should be a list of URIs,/github/workspace/logsheets/filtered/water_sampling.csv,EMOBONList,False
envo term error,ws,env_material,47,lagoon [ENVO_00000038];marine water body [ENVO:00001999]; surface water [ENVO:00002042],http://purl.obolibrary.org/obo/ENVO_00000038;http://purl.obolibrary.org/obo/ENVO_00001999;http://purl.obolibrary.org/obo/ENVO_00002042,envo term should be a list of URIs,/github/workspace/logsheets/filtered/water_sampling.csv,EMOBONList,False
envo term error,ws,env_material,48,lagoon [ENVO_00000038];marine water body [ENVO:00001999]; surface water [ENVO:00002042],http://purl.obolibrary.org/obo/ENVO_00000038;http://purl.obolibrary.org/obo/ENVO_00001999;http://purl.obolibrary.org/obo/ENVO_00002042,envo term should be a list of URIs,/github/workspace/logsheets/filtered/water_sampling.csv,EMOBONList,False
envo term error,ws,env_material,49,lagoon [ENVO_00000038];marine water body [ENVO:00001999]; surface water [ENVO:00002042],http://purl.obolibrary.org/obo/ENVO_00000038;http://purl.obolibrary.org/obo/ENVO_00001999;http://purl.obolibrary.org/obo/ENVO_00002042,envo term should be a list of URIs,/github/workspace/logsheets/filtered/water_sampling.csv,EMOBONList,False
envo term error,ws,env_material,50,lagoon [ENVO_00000038];marine water body [ENVO:00001999]; surface water [ENVO:00002042],http://purl.obolibrary.org/obo/ENVO_00000038;http://purl.obolibrary.org/obo/ENVO_00001999;http://purl.obolibrary.org/obo/ENVO_00002042,envo term should be a list of URIs,/github/workspace/logsheets/filtered/water_sampling.csv,EMOBONList,False
envo term error,ws,env_material,51,lagoon [ENVO_00000038];marine water body [ENVO:00001999]; surface water [ENVO:00002042],http://purl.obolibrary.org/obo/ENVO_00000038;http://purl.obolibrary.org/obo/ENVO_00001999;http://purl.obolibrary.org/obo/ENVO_00002042,envo term should be a list of URIs,/github/workspace/logsheets/filtered/water_sampling.csv,EMOBONList,False
envo term error,ws,env_material,52,lagoon [ENVO_00000038];marine water body [ENVO:00001999]; surface water [ENVO:00002042],http://purl.obolibrary.org/obo/ENVO_00000038;http://purl.obolibrary.org/obo/ENVO_00001999;http://purl.obolibrary.org/obo/ENVO_00002042,envo term should be a list of URIs,/github/workspace/logsheets/filtered/water_sampling.csv,EMOBONList,False
envo term error,ws,env_material,53,lagoon [ENVO_00000038];marine water body [ENVO:00001999]; surface water [ENVO:00002042],http://purl.obolibrary.org/obo/ENVO_00000038;http://purl.obolibrary.org/obo/ENVO_00001999;http://purl.obolibrary.org/obo/ENVO_00002042,envo term should be a list of URIs,/github/workspace/logsheets/filtered/water_sampling.csv,EMOBONList,False
envo term error,ws,env_material,54,lagoon [ENVO_00000038];marine water body [ENVO:00001999]; surface water [ENVO:00002042],http://purl.obolibrary.org/obo/ENVO_00000038;http://purl.obolibrary.org/obo/ENVO_00001999;http://purl.obolibrary.org/obo/ENVO_00002042,envo term should be a list of URIs,/github/workspace/logsheets/filtered/water_sampling.csv,EMOBONList,False
envo term error,ws,env_material,55,lagoon [ENVO_00000038];marine water body [ENVO:00001999]; surface water [ENVO:00002042],http://purl.obolibrary.org/obo/ENVO_00000038;http://purl.obolibrary.org/obo/ENVO_00001999;http://purl.obolibrary.org/obo/ENVO_00002042,envo term should be a list of URIs,/github/workspace/logsheets/filtered/water_sampling.csv,EMOBONList,False
envo term error,ws,env_material,56,lagoon [ENVO_00000038];marine water body [ENVO:00001999]; surface water [ENVO:00002042],http://purl.obolibrary.org/obo/ENVO_00000038;http://purl.obolibrary.org/obo/ENVO_00001999;http://purl.obolibrary.org/obo/ENVO_00002042,envo term should be a list of URIs,/github/workspace/logsheets/filtered/water_sampling.csv,EMOBONList,False
envo term error,ws,env_material,57,lagoon [ENVO_00000038];marine water body [ENVO:00001999]; surface water [ENVO:00002042],http://purl.obolibrary.org/obo/ENVO_00000038;http://purl.obolibrary.org/obo/ENVO_00001999;http://purl.obolibrary.org/obo/ENVO_00002042,envo term should be a list of URIs,/github/workspace/logsheets/filtered/water_sampling.csv,EMOBONList,False
envo term error,ws,env_material,58,lagoon [ENVO_00000038];marine water body [ENVO:00001999]; surface water [ENVO:00002042],http://purl.obolibrary.org/obo/ENVO_00000038;http://purl.obolibrary.org/obo/ENVO_00001999;http://purl.obolibrary.org/obo/ENVO_00002042,envo term should be a list of URIs,/github/workspace/logsheets/filtered/water_sampling.csv,EMOBONList,False
envo term error,ws,env_material,59,lagoon [ENVO_00000038];marine water body [ENVO:00001999]; surface water [ENVO:00002042],http://purl.obolibrary.org/obo/ENVO_00000038;http://purl.obolibrary.org/obo/ENVO_00001999;http://purl.obolibrary.org/obo/ENVO_00002042,envo term should be a list of URIs,/github/workspace/logsheets/filtered/water_sampling.csv,EMOBONList,False
envo term error,ws,env_material,60,lagoon [ENVO_00000038];marine water body [ENVO:00001999]; surface water [ENVO:00002042],http://purl.obolibrary.org/obo/ENVO_00000038;http://purl.obolibrary.org/obo/ENVO_00001999;http://purl.obolibrary.org/obo/ENVO_00002042,envo term should be a list of URIs,/github/workspace/logsheets/filtered/water_sampling.csv,EMOBONList,False
envo term error,ws,env_material,61,lagoon [ENVO_00000038];marine water body [ENVO:00001999]; surface water [ENVO:00002042],http://purl.obolibrary.org/obo/ENVO_00000038;http://purl.obolibrary.org/obo/ENVO_00001999;http://purl.obolibrary.org/obo/ENVO_00002042,envo term should be a list of URIs,/github/workspace/logsheets/filtered/water_sampling.csv,EMOBONList,False
envo term error,ws,env_material,62,lagoon [ENVO_00000038];marine water body [ENVO:00001999]; surface water [ENVO:00002042],http://purl.obolibrary.org/obo/ENVO_00000038;http://purl.obolibrary.org/obo/ENVO_00001999;http://purl.obolibrary.org/obo/ENVO_00002042,envo term should be a list of URIs,/github/workspace/logsheets/filtered/water_sampling.csv,EMOBONList,False
envo term error,ws,env_material,63,lagoon [ENVO_00000038];marine water body [ENVO:00001999]; surface water [ENVO:00002042],http://purl.obolibrary.org/obo/ENVO_00000038;http://purl.obolibrary.org/obo/ENVO_00001999;http://purl.obolibrary.org/obo/ENVO_00002042,envo term should be a list of URIs,/github/workspace/logsheets/filtered/water_sampling.csv,EMOBONList,False
envo term error,ws,env_material,64,lagoon [ENVO_00000038];marine water body [ENVO:00001999]; surface water [ENVO:00002042],http://purl.obolibrary.org/obo/ENVO_00000038;http://purl.obolibrary.org/obo/ENVO_00001999;http://purl.obolibrary.org/obo/ENVO_00002042,envo term should be a list of URIs,/github/workspace/logsheets/filtered/water_sampling.csv,EMOBONList,False
envo term error,ws,env_material,65,lagoon [ENVO_00000038];marine water body [ENVO:00001999]; surface water [ENVO:00002042],http://purl.obolibrary.org/obo/ENVO_00000038;http://purl.obolibrary.org/obo/ENVO_00001999;http://purl.obolibrary.org/obo/ENVO_00002042,envo term should be a list of URIs,/github/workspace/logsheets/filtered/water_sampling.csv,EMOBONList,False
envo term error,ws,env_material,66,lagoon [ENVO_00000038];marine water body [ENVO:00001999]; surface water [ENVO:00002042],http://purl.obolibrary.org/obo/ENVO_00000038;http://purl.obolibrary.org/obo/ENVO_00001999;http://purl.obolibrary.org/obo/ENVO_00002042,envo term should be a list of URIs,/github/workspace/logsheets/filtered/water_sampling.csv,EMOBONList,False
envo term error,ws,env_material,67,lagoon [ENVO_00000038];marine water body [ENVO:00001999]; surface water [ENVO:00002042],http://purl.obolibrary.org/obo/ENVO_00000038;http://purl.obolibrary.org/obo/ENVO_00001999;http://purl.obolibrary.org/obo/ENVO_00002042,envo term should be a list of URIs,/github/workspace/logsheets/filtered/water_sampling.csv,EMOBONList,False
envo term error,ws,env_material,68,lagoon [ENVO_00000038];marine water body [ENVO:00001999]; surface water [ENVO:00002042],http://purl.obolibrary.org/obo/ENVO_00000038;http://purl.obolibrary.org/obo/ENVO_00001999;http://purl.obolibrary.org/obo/ENVO_00002042,envo term should be a list of URIs,/github/workspace/logsheets/filtered/water_sampling.csv,EMOBONList,False
envo term error,ws,env_material,69,lagoon [ENVO_00000038];marine water body [ENVO:00001999]; surface water [ENVO:00002042],http://purl.obolibrary.org/obo/ENVO_00000038;http://purl.obolibrary.org/obo/ENVO_00001999;http://purl.obolibrary.org/obo/ENVO_00002042,envo term should be a list of URIs,/github/workspace/logsheets/filtered/water_sampling.csv,EMOBONList,False
envo term error,ws,env_material,70,lagoon [ENVO_00000038];marine water body [ENVO:00001999]; surface water [ENVO:00002042],http://purl.obolibrary.org/obo/ENVO_00000038;http://purl.obolibrary.org/obo/ENVO_00001999;http://purl.obolibrary.org/obo/ENVO_00002042,envo term should be a list of URIs,/github/workspace/logsheets/filtered/water_sampling.csv,EMOBONList,False
envo term error,ws,env_material,71,lagoon [ENVO_00000038];marine water body [ENVO:00001999]; surface water [ENVO:00002042],http://purl.obolibrary.org/obo/ENVO_00000038;http://purl.obolibrary.org/obo/ENVO_00001999;http://purl.obolibrary.org/obo/ENVO_00002042,envo term should be a list of URIs,/github/workspace/logsheets/filtered/water_sampling.csv,EMOBONList,False
envo term error,ws,env_material,72,lagoon [ENVO_00000038];marine water body [ENVO:00001999]; surface water [ENVO:00002042],http://purl.obolibrary.org/obo/ENVO_00000038;http://purl.obolibrary.org/obo/ENVO_00001999;http://purl.obolibrary.org/obo/ENVO_00002042,envo term should be a list of URIs,/github/workspace/logsheets/filtered/water_sampling.csv,EMOBONList,False
envo term error,ws,env_material,73,lagoon [ENVO_00000038];marine water body [ENVO:00001999]; surface water [ENVO:00002042],http://purl.obolibrary.org/obo/ENVO_00000038;http://purl.obolibrary.org/obo/ENVO_00001999;http://purl.obolibrary.org/obo/ENVO_00002042,envo term should be a list of URIs,/github/workspace/logsheets/filtered/water_sampling.csv,EMOBONList,False
envo term error,ws,env_material,74,lagoon [ENVO_00000038];marine water body [ENVO:00001999]; surface water [ENVO:00002042],http://purl.obolibrary.org/obo/ENVO_00000038;http://purl.obolibrary.org/obo/ENVO_00001999;http://purl.obolibrary.org/obo/ENVO_00002042,envo term should be a list of URIs,/github/workspace/logsheets/filtered/water_sampling.csv,EMOBONList,False
envo term error,ws,env_material,75,lagoon [ENVO_00000038];marine water body [ENVO:00001999]; surface water [ENVO:00002042],http://purl.obolibrary.org/obo/ENVO_00000038;http://purl.obolibrary.org/obo/ENVO_00001999;http://purl.obolibrary.org/obo/ENVO_00002042,envo term should be a list of URIs,/github/workspace/logsheets/filtered/water_sampling.csv,EMOBONList,False
envo term error,ws,env_material,76,lagoon [ENVO_00000038];marine water body [ENVO:00001999]; surface water [ENVO:00002042],http://purl.obolibrary.org/obo/ENVO_00000038;http://purl.obolibrary.org/obo/ENVO_00001999;http://purl.obolibrary.org/obo/ENVO_00002042,envo term should be a list of URIs,/github/workspace/logsheets/filtered/water_sampling.csv,EMOBONList,False
envo term error,ws,env_material,77,lagoon [ENVO_00000038];marine water body [ENVO:00001999]; surface water [ENVO:00002042],http://purl.obolibrary.org/obo/ENVO_00000038;http://purl.obolibrary.org/obo/ENVO_00001999;http://purl.obolibrary.org/obo/ENVO_00002042,envo term should be a list of URIs,/github/workspace/logsheets/filtered/water_sampling.csv,EMOBONList,False
envo term error,ws,env_material,78,lagoon [ENVO_00000038];marine water body [ENVO:00001999]; surface water [ENVO:00002042],http://purl.obolibrary.org/obo/ENVO_00000038;http://purl.obolibrary.org/obo/ENVO_00001999;http://purl.obolibrary.org/obo/ENVO_00002042,envo term should be a list of URIs,/github/workspace/logsheets/filtered/water_sampling.csv,EMOBONList,False
envo term error,ws,env_material,79,lagoon [ENVO_00000038];marine water body [ENVO:00001999]; surface water [ENVO:00002042],http://purl.obolibrary.org/obo/ENVO_00000038;http://purl.obolibrary.org/obo/ENVO_00001999;http://purl.obolibrary.org/obo/ENVO_00002042,envo term should be a list of URIs,/github/workspace/logsheets/filtered/water_sampling.csv,EMOBONList,False
envo term error,ws,env_material,80,lagoon [ENVO_00000038];marine water body [ENVO:00001999]; surface water [ENVO:00002042],http://purl.obolibrary.org/obo/ENVO_00000038;http://purl.obolibrary.org/obo/ENVO_00001999;http://purl.obolibrary.org/obo/ENVO_00002042,envo term should be a list of URIs,/github/workspace/logsheets/filtered/water_sampling.csv,EMOBONList,False
envo term error,ws,env_material,81,lagoon [ENVO_00000038];marine water body [ENVO:00001999]; surface water [ENVO:00002042],http://purl.obolibrary.org/obo/ENVO_00000038;http://purl.obolibrary.org/obo/ENVO_00001999;http://purl.obolibrary.org/obo/ENVO_00002042,envo term should be a list of URIs,/github/workspace/logsheets/filtered/water_sampling.csv,EMOBONList,False
envo term error,ws,env_material,82,lagoon [ENVO_00000038];marine water body [ENVO:00001999]; surface water [ENVO:00002042],http://purl.obolibrary.org/obo/ENVO_00000038;http://purl.obolibrary.org/obo/ENVO_00001999;http://purl.obolibrary.org/obo/ENVO_00002042,envo term should be a list of URIs,/github/workspace/logsheets/filtered/water_sampling.csv,EMOBONList,False
envo term error,ws,env_material,83,lagoon [ENVO_00000038];marine water body [ENVO:00001999]; surface water [ENVO:00002042],http://purl.obolibrary.org/obo/ENVO_00000038;http://purl.obolibrary.org/obo/ENVO_00001999;http://purl.obolibrary.org/obo/ENVO_00002042,envo term should be a list of URIs,/github/workspace/logsheets/filtered/water_sampling.csv,EMOBONList,False
envo term error,ws,env_material,84,lagoon [ENVO_00000038];marine water body [ENVO:00001999]; surface water [ENVO:00002042],http://purl.obolibrary.org/obo/ENVO_00000038;http://purl.obolibrary.org/obo/ENVO_00001999;http://purl.obolibrary.org/obo/ENVO_00002042,envo term should be a list of URIs,/github/workspace/logsheets/filtered/water_sampling.csv,EMOBONList,False
envo term error,ws,env_material,85,lagoon [ENVO_00000038];marine water body [ENVO:00001999]; surface water [ENVO:00002042],http://purl.obolibrary.org/obo/ENVO_00000038;http://purl.obolibrary.org/obo/ENVO_00001999;http://purl.obolibrary.org/obo/ENVO_00002042,envo term should be a list of URIs,/github/workspace/logsheets/filtered/water_sampling.csv,EMOBONList,False
envo term error,ws,env_material,86,lagoon [ENVO_00000038];marine water body [ENVO:00001999]; surface water [ENVO:00002042],http://purl.obolibrary.org/obo/ENVO_00000038;http://purl.obolibrary.org/obo/ENVO_00001999;http://purl.obolibrary.org/obo/ENVO_00002042,envo term should be a list of URIs,/github/workspace/logsheets/filtered/water_sampling.csv,EMOBONList,False
envo term error,ws,env_material,87,lagoon [ENVO_00000038];marine water body [ENVO:00001999]; surface water [ENVO:00002042],http://purl.obolibrary.org/obo/ENVO_00000038;http://purl.obolibrary.org/obo/ENVO_00001999;http://purl.obolibrary.org/obo/ENVO_00002042,envo term should be a list of URIs,/github/workspace/logsheets/filtered/water_sampling.csv,EMOBONList,False
envo term error,ws,env_material,88,lagoon [ENVO_00000038];marine water body [ENVO:00001999]; surface water [ENVO:00002042],http://purl.obolibrary.org/obo/ENVO_00000038;http://purl.obolibrary.org/obo/ENVO_00001999;http://purl.obolibrary.org/obo/ENVO_00002042,envo term should be a list of URIs,/github/workspace/logsheets/filtered/water_sampling.csv,EMOBONList,False
envo term error,ws,env_material,89,lagoon [ENVO_00000038];marine water body [ENVO:00001999]; surface water [ENVO:00002042],http://purl.obolibrary.org/obo/ENVO_00000038;http://purl.obolibrary.org/obo/ENVO_00001999;http://purl.obolibrary.org/obo/ENVO_00002042,envo term should be a list of URIs,/github/workspace/logsheets/filtered/water_sampling.csv,EMOBONList,False
envo term error,ws,env_material,90,lagoon [ENVO_00000038];marine water body [ENVO:00001999]; surface water [ENVO:00002042],http://purl.obolibrary.org/obo/ENVO_00000038;http://purl.obolibrary.org/obo/ENVO_00001999;http://purl.obolibrary.org/obo/ENVO_00002042,envo term should be a list of URIs,/github/workspace/logsheets/filtered/water_sampling.csv,EMOBONList,False
organization edmoid error,so,organization_edmoid,1,2516,https://edmo.seadatanet.org/report/2516,organization edmoid should be a list of URIs,/github/workspace/logsheets/filtered/sediment_observatory.csv,EMOBONList,False
organization edmoid error,wo,organization_edmoid,1,2516,https://edmo.seadatanet.org/report/2516,organization edmoid should be a list of URIs,/github/workspace/logsheets/filtered/water_observatory.csv,EMOBONList,False
source_mat_id error,ss,source_mat_id,1,EMOBON_RFormosa_So_1,,source_mat_id should match ^EMOBON_RFormosa_So_210805_micro_1$,/github/workspace/logsheets/filtered/sediment_sampling.csv,XSDString,False
source_mat_id error,ss,source_mat_id,2,EMOBON_RFormosa_So_2,,source_mat_id should match ^EMOBON_RFormosa_So_210805_micro_2$,/github/workspace/logsheets/filtered/sediment_sampling.csv,XSDString,False
source_mat_id error,ss,source_mat_id,3,EMOBON_RFormosa_So_3,,source_mat_id should match ^EMOBON_RFormosa_So_210805_micro_3$,/github/workspace/logsheets/filtered/sediment_sampling.csv,XSDString,False
source_mat_id error,ss,source_mat_id,4,EMOBON_RFormosa_So_4,,source_mat_id should match ^EMOBON_RFormosa_So_210805_micro_4$,/github/workspace/logsheets/filtered/sediment_sampling.csv,XSDString,False
source_mat_id error,ss,source_mat_id,5,EMOBON_RFormosa_So_5,,source_mat_id should match ^EMOBON_RFormosa_So_210805_micro_blank_1$,/github/workspace/logsheets/filtered/sediment_sampling.csv,XSDString,False
source_mat_id error,ss,source_mat_id,6,EMOBON_RFormosa_So_6,,source_mat_id should match ^EMOBON_RFormosa_So_211022_micro_1$,/github/workspace/logsheets/filtered/sediment_sampling.csv,XSDString,False
source_mat_id error,ss,source_mat_id,7,EMOBON_RFormosa_So_7,,source_mat_id should match ^EMOBON_RFormosa_So_211022_micro_2$,/github/workspace/logsheets/filtered/sediment_sampling.csv,XSDString,False
source_mat_id error,ss,source_mat_id,8,EMOBON_RFormosa_So_8,,source_mat_id should match ^EMOBON_RFormosa_So_211022_micro_3$,/github/workspace/logsheets/filtered/sediment_sampling.csv,XSDString,False
source_mat_id error,ss,source_mat_id,9,EMOBON_RFormosa_So_9,,source_mat_id should match ^EMOBON_RFormosa_So_211022_micro_4$,/github/workspace/logsheets/filtered/sediment_sampling.csv,XSDString,False
source_mat_id error,ss,source_mat_id,10,EMOBON_RFormosa_So_10,,source_mat_id should match ^EMOBON_RFormosa_So_211022_micro_blank_1$,/github/workspace/logsheets/filtered/sediment_sampling.csv,XSDString,False
source_mat_id error,ss,source_mat_id,11,EMOBON_RFormosa_So_11,,source_mat_id should match ^EMOBON_RFormosa_So_211220_micro_1$,/github/workspace/logsheets/filtered/sediment_sampling.csv,XSDString,False
source_mat_id error,ss,source_mat_id,12,EMOBON_RFormosa_So_12,,source_mat_id should match ^EMOBON_RFormosa_So_211220_micro_2$,/github/workspace/logsheets/filtered/sediment_sampling.csv,XSDString,False
source_mat_id error,ss,source_mat_id,13,EMOBON_RFormosa_So_13,,source_mat_id should match ^EMOBON_RFormosa_So_211220_micro_3$,/github/workspace/logsheets/filtered/sediment_sampling.csv,XSDString,False
source_mat_id error,ss,source_mat_id,14,EMOBON_RFormosa_So_14,,source_mat_id should match ^EMOBON_RFormosa_So_211220_micro_4$,/github/workspace/logsheets/filtered/sediment_sampling.csv,XSDString,False
source_mat_id error,ss,source_mat_id,15,EMOBON_RFormosa_So_15,,source_mat_id should match ^EMOBON_RFormosa_So_211220_micro_blank_1$,/github/workspace/logsheets/filtered/sediment_sampling.csv,XSDString,False
source_mat_id error,ss,source_mat_id,16,EMOBON_RFormosa_So_16,,source_mat_id should match ^EMOBON_RFormosa_So_220224_micro_1$,/github/workspace/logsheets/filtered/sediment_sampling.csv,XSDString,False
source_mat_id error,ss,source_mat_id,17,EMOBON_RFormosa_So_17,,source_mat_id should match ^EMOBON_RFormosa_So_220224_micro_2$,/github/workspace/logsheets/filtered/sediment_sampling.csv,XSDString,False
source_mat_id error,ss,source_mat_id,18,EMOBON_RFormosa_So_18,,source_mat_id should match ^EMOBON_RFormosa_So_220224_micro_3$,/github/workspace/logsheets/filtered/sediment_sampling.csv,XSDString,False
source_mat_id error,ss,source_mat_id,19,EMOBON_RFormosa_So_19,,source_mat_id should match ^EMOBON_RFormosa_So_220224_micro_4$,/github/workspace/logsheets/filtered/sediment_sampling.csv,XSDString,False
source_mat_id error,ss,source_mat_id,20,EMOBON_RFormosa_So_20,,source_mat_id should match ^EMOBON_RFormosa_So_220224_micro_blank_1$,/github/workspace/logsheets/filtered/sediment_sampling.csv,XSDString,False
source_mat_id error,ss,source_mat_id,21,EMOBON_RFormosa_So_21,,source_mat_id should match ^EMOBON_RFormosa_So_220428_micro_1$,/github/workspace/logsheets/filtered/sediment_sampling.csv,XSDString,False
source_mat_id error,ss,source_mat_id,22,EMOBON_RFormosa_So_22,,source_mat_id should match ^EMOBON_RFormosa_So_220428_micro_2$,/github/workspace/logsheets/filtered/sediment_sampling.csv,XSDString,False
source_mat_id error,ss,source_mat_id,23,EMOBON_RFormosa_So_23,,source_mat_id should match ^EMOBON_RFormosa_So_220428_micro_3$,/github/workspace/logsheets/filtered/sediment_sampling.csv,XSDString,False
source_mat_id error,ss,source_mat_id,24,EMOBON_RFormosa_So_24,,source_mat_id should match ^EMOBON_RFormosa_So_220428_micro_4$,/github/workspace/logsheets/filtered/sediment_sampling.csv,XSDString,False
source_mat_id error,ss,source_mat_id,25,EMOBON_RFormosa_So_25,,source_mat_id should match ^EMOBON_RFormosa_So_220428_micro_blank_1$,/github/workspace/logsheets/filtered/sediment_sampling.csv,XSDString,False
source_mat_id error,ss,source_mat_id,26,EMOBON_RFormosa_So_26,,source_mat_id should match ^EMOBON_RFormosa_So_220629_micro_1$,/github/workspace/logsheets/filtered/sediment_sampling.csv,XSDString,False
source_mat_id error,ss,source_mat_id,27,EMOBON_RFormosa_So_27,,source_mat_id should match ^EMOBON_RFormosa_So_220629_micro_2$,/github/workspace/logsheets/filtered/sediment_sampling.csv,XSDString,False
source_mat_id error,ss,source_mat_id,28,EMOBON_RFormosa_So_28,,source_mat_id should match ^EMOBON_RFormosa_So_220629_micro_3$,/github/workspace/logsheets/filtered/sediment_sampling.csv,XSDString,False
source_mat_id error,ss,source_mat_id,29,EMOBON_RFormosa_So_29,,source_mat_id should match ^EMOBON_RFormosa_So_220629_micro_4$,/github/workspace/logsheets/filtered/sediment_sampling.csv,XSDString,False
source_mat_id error,ss,source_mat_id,30,EMOBON_RFormosa_So_30,,source_mat_id should match ^EMOBON_RFormosa_So_220629_micro_blank_1$,/github/workspace/logsheets/filtered/sediment_sampling.csv,XSDString,False
source_mat_id error,ss,source_mat_id,31,EMOBON_RFormosa_So_31,,source_mat_id should match ^EMOBON_RFormosa_So_220909_micro_1$,/github/workspace/logsheets/filtered/sediment_sampling.csv,XSDString,False
source_mat_id error,ss,source_mat_id,32,EMOBON_RFormosa_So_32,,source_mat_id should match ^EMOBON_RFormosa_So_220909_micro_2$,/github/workspace/logsheets/filtered/sediment_sampling.csv,XSDString,False
source_mat_id error,ss,source_mat_id,33,EMOBON_RFormosa_So_33,,source_mat_id should match ^EMOBON_RFormosa_So_220909_micro_3$,/github/workspace/logsheets/filtered/sediment_sampling.csv,XSDString,False
source_mat_id error,ss,source_mat_id,34,EMOBON_RFormosa_So_34,,source_mat_id should match ^EMOBON_RFormosa_So_220909_micro_4$,/github/workspace/logsheets/filtered/sediment_sampling.csv,XSDString,False
source_mat_id error,ss,source_mat_id,35,EMOBON_RFormosa_So_35,,source_mat_id should match ^EMOBON_RFormosa_So_220909_micro_blank_1$,/github/workspace/logsheets/filtered/sediment_sampling.csv,XSDString,False
source_mat_id error,ss,source_mat_id,36,EMOBON_RFormosa_So_36,,source_mat_id should match ^EMOBON_RFormosa_So_221021_micro_1$,/github/workspace/logsheets/filtered/sediment_sampling.csv,XSDString,False
source_mat_id error,ss,source_mat_id,37,EMOBON_RFormosa_So_37,,source_mat_id should match ^EMOBON_RFormosa_So_221021_micro_2$,/github/workspace/logsheets/filtered/sediment_sampling.csv,XSDString,False
source_mat_id error,ss,source_mat_id,38,EMOBON_RFormosa_So_38,,source_mat_id should match ^EMOBON_RFormosa_So_221021_micro_3$,/github/workspace/logsheets/filtered/sediment_sampling.csv,XSDString,False
source_mat_id error,ss,source_mat_id,39,EMOBON_RFormosa_So_39,,source_mat_id should match ^EMOBON_RFormosa_So_221021_micro_4$,/github/workspace/logsheets/filtered/sediment_sampling.csv,XSDString,False
source_mat_id error,ss,source_mat_id,40,EMOBON_RFormosa_So_40,,source_mat_id should match ^EMOBON_RFormosa_So_221021_micro_blank_1$,/github/workspace/logsheets/filtered/sediment_sampling.csv,XSDString,False
source_mat_id error,ss,source_mat_id,41,EMOBON_RFormosa_So_41,,source_mat_id should match ^EMOBON_RFormosa_So_221216_micro_1$,/github/workspace/logsheets/filtered/sediment_sampling.csv,XSDString,False
source_mat_id error,ss,source_mat_id,42,EMOBON_RFormosa_So_42,,source_mat_id should match ^EMOBON_RFormosa_So_221216_micro_2$,/github/workspace/logsheets/filtered/sediment_sampling.csv,XSDString,False
source_mat_id error,ss,source_mat_id,43,EMOBON_RFormosa_So_43,,source_mat_id should match ^EMOBON_RFormosa_So_221216_micro_3$,/github/workspace/logsheets/filtered/sediment_sampling.csv,XSDString,False
source_mat_id error,ss,source_mat_id,44,EMOBON_RFormosa_So_44,,source_mat_id should match ^EMOBON_RFormosa_So_221216_micro_4$,/github/workspace/logsheets/filtered/sediment_sampling.csv,XSDString,False
source_mat_id error,ss,source_mat_id,45,EMOBON_RFormosa_So_45,,source_mat_id should match ^EMOBON_RFormosa_So_221216_micro_blank_1$,/github/workspace/logsheets/filtered/sediment_sampling.csv,XSDString,False
source_mat_id error,ss,source_mat_id,126,EMOBON_RFormosa_So_126,,source_mat_id should match ^EMOBON_RFormosa_So___$,/github/workspace/logsheets/filtered/sediment_sampling.csv,XSDString,False
source_mat_id error,ss,source_mat_id,127,EMOBON_RFormosa_So_127,,source_mat_id should match ^EMOBON_RFormosa_So___$,/github/workspace/logsheets/filtered/sediment_sampling.csv,XSDString,False
source_mat_id error,ss,source_mat_id,128,,,source_mat_id is missing,/github/workspace/logsheets/filtered/sediment_sampling.csv,XSDString,False
source_mat_id error,ss,source_mat_id,129,,,source_mat_id is missing,/github/workspace/logsheets/filtered/sediment_sampling.csv,XSDString,False
source_mat_id error,ss,source_mat_id,130,,,source_mat_id is missing,/github/workspace/logsheets/filtered/sediment_sampling.csv,XSDString,False
source_mat_id error,ws,source_mat_id,1,EMOBON_RFormosa_Wa_1,,source_mat_id should match ^EMOBON_RFormosa_Wa_210805_200um_1$,/github/workspace/logsheets/filtered/water_sampling.csv,XSDString,False
source_mat_id error,ws,source_mat_id,2,EMOBON_RFormosa_Wa_2,,source_mat_id should match ^EMOBON_RFormosa_Wa_210805_200um_2$,/github/workspace/logsheets/filtered/water_sampling.csv,XSDString,False
source_mat_id error,ws,source_mat_id,3,EMOBON_RFormosa_Wa_3,,source_mat_id should match ^EMOBON_RFormosa_Wa_210805_200um_3$,/github/workspace/logsheets/filtered/water_sampling.csv,XSDString,False
source_mat_id error,ws,source_mat_id,4,EMOBON_RFormosa_Wa_4,,source_mat_id should match ^EMOBON_RFormosa_Wa_210805_200um_4$,/github/workspace/logsheets/filtered/water_sampling.csv,XSDString,False
source_mat_id error,ws,source_mat_id,5,EMOBON_RFormosa_Wa_5,,source_mat_id should match ^EMOBON_RFormosa_Wa_210805_3um_1$,/github/workspace/logsheets/filtered/water_sampling.csv,XSDString,False
source_mat_id error,ws,source_mat_id,6,EMOBON_RFormosa_Wa_6,,source_mat_id should match ^EMOBON_RFormosa_Wa_210805_3um_2$,/github/workspace/logsheets/filtered/water_sampling.csv,XSDString,False
source_mat_id error,ws,source_mat_id,7,EMOBON_RFormosa_Wa_7,,source_mat_id should match ^EMOBON_RFormosa_Wa_210805_3um_3$,/github/workspace/logsheets/filtered/water_sampling.csv,XSDString,False
source_mat_id error,ws,source_mat_id,8,EMOBON_RFormosa_Wa_8,,source_mat_id should match ^EMOBON_RFormosa_Wa_210805_3um_4$,/github/workspace/logsheets/filtered/water_sampling.csv,XSDString,False
source_mat_id error,ws,source_mat_id,9,EMOBON_RFormosa_Wa_9,,source_mat_id should match ^EMOBON_RFormosa_Wa_210805_200um_blank_1$,/github/workspace/logsheets/filtered/water_sampling.csv,XSDString,False
source_mat_id error,ws,source_mat_id,10,EMOBON_RFormosa_Wa_10,,source_mat_id should match ^EMOBON_RFormosa_Wa_210805_3um_blank_1$,/github/workspace/logsheets/filtered/water_sampling.csv,XSDString,False
source_mat_id error,ws,source_mat_id,11,EMOBON_RFormosa_Wa_11,,source_mat_id should match ^EMOBON_RFormosa_Wa_211022_200um_1$,/github/workspace/logsheets/filtered/water_sampling.csv,XSDString,False
source_mat_id error,ws,source_mat_id,12,EMOBON_RFormosa_Wa_12,,source_mat_id should match ^EMOBON_RFormosa_Wa_211022_200um_2$,/github/workspace/logsheets/filtered/water_sampling.csv,XSDString,False
source_mat_id error,ws,source_mat_id,13,EMOBON_RFormosa_Wa_13,,source_mat_id should match ^EMOBON_RFormosa_Wa_211022_200um_3$,/github/workspace/logsheets/filtered/water_sampling.csv,XSDString,False
source_mat_id error,ws,source_mat_id,14,EMOBON_RFormosa_Wa_14,,source_mat_id should match ^EMOBON_RFormosa_Wa_211022_200um_4$,/github/workspace/logsheets/filtered/water_sampling.csv,XSDString,False
source_mat_id error,ws,source_mat_id,15,EMOBON_RFormosa_Wa_15,,source_mat_id should match ^EMOBON_RFormosa_Wa_211022_3um_1$,/github/workspace/logsheets/filtered/water_sampling.csv,XSDString,False
source_mat_id error,ws,source_mat_id,16,EMOBON_RFormosa_Wa_16,,source_mat_id should match ^EMOBON_RFormosa_Wa_211022_3um_2$,/github/workspace/logsheets/filtered/water_sampling.csv,XSDString,False
source_mat_id error,ws,source_mat_id,17,EMOBON_RFormosa_Wa_17,,source_mat_id should match ^EMOBON_RFormosa_Wa_211022_3um_3$,/github/workspace/logsheets/filtered/water_sampling.csv,XSDString,False
source_mat_id error,ws,source_mat_id,18,EMOBON_RFormosa_Wa_18,,source_mat_id should match ^EMOBON_RFormosa_Wa_211022_3um_4$,/github/workspace/logsheets/filtered/water_sampling.csv,XSDString,False
source_mat_id error,ws,source_mat_id,19,EMOBON_RFormosa_Wa_19,,source_mat_id should match ^EMOBON_RFormosa_Wa_211022_200um_blank_1$,/github/workspace/logsheets/filtered/water_sampling.csv,XSDString,False
source_mat_id error,ws,source_mat_id,20,EMOBON_RFormosa_Wa_20,,source_mat_id should match ^EMOBON_RFormosa_Wa_211022_3um_blank_1$,/github/workspace/logsheets/filtered/water_sampling.csv,XSDString,False
source_mat_id error,ws,source_mat_id,21,EMOBON_RFormosa_Wa_21,,source_mat_id should match ^EMOBON_RFormosa_Wa_211220_200um_1$,/github/workspace/logsheets/filtered/water_sampling.csv,XSDString,False
source_mat_id error,ws,source_mat_id,22,EMOBON_RFormosa_Wa_22,,source_mat_id should match ^EMOBON_RFormosa_Wa_211220_200um_2$,/github/workspace/logsheets/filtered/water_sampling.csv,XSDString,False
source_mat_id error,ws,source_mat_id,23,EMOBON_RFormosa_Wa_23,,source_mat_id should match ^EMOBON_RFormosa_Wa_211220_200um_3$,/github/workspace/logsheets/filtered/water_sampling.csv,XSDString,False
source_mat_id error,ws,source_mat_id,24,EMOBON_RFormosa_Wa_24,,source_mat_id should match ^EMOBON_RFormosa_Wa_211220_200um_4$,/github/workspace/logsheets/filtered/water_sampling.csv,XSDString,False
source_mat_id error,ws,source_mat_id,25,EMOBON_RFormosa_Wa_25,,source_mat_id should match ^EMOBON_RFormosa_Wa_211220_3um_1$,/github/workspace/logsheets/filtered/water_sampling.csv,XSDString,False
source_mat_id error,ws,source_mat_id,26,EMOBON_RFormosa_Wa_26,,source_mat_id should match ^EMOBON_RFormosa_Wa_211220_3um_2$,/github/workspace/logsheets/filtered/water_sampling.csv,XSDString,False
source_mat_id error,ws,source_mat_id,27,EMOBON_RFormosa_Wa_27,,source_mat_id should match ^EMOBON_RFormosa_Wa_211220_3um_3$,/github/workspace/logsheets/filtered/water_sampling.csv,XSDString,False
source_mat_id error,ws,source_mat_id,28,EMOBON_RFormosa_Wa_28,,source_mat_id should match ^EMOBON_RFormosa_Wa_211220_3um_4$,/github/workspace/logsheets/filtered/water_sampling.csv,XSDString,False
source_mat_id error,ws,source_mat_id,29,EMOBON_RFormosa_Wa_29,,source_mat_id should match ^EMOBON_RFormosa_Wa_211220_200um_blank_1$,/github/workspace/logsheets/filtered/water_sampling.csv,XSDString,False
source_mat_id error,ws,source_mat_id,30,EMOBON_RFormosa_Wa_30,,source_mat_id should match ^EMOBON_RFormosa_Wa_211220_3um_blank_1$,/github/workspace/logsheets/filtered/water_sampling.csv,XSDString,False
source_mat_id error,ws,source_mat_id,31,EMOBON_RFormosa_Wa_31,,source_mat_id should match ^EMOBON_RFormosa_Wa_220224_200um_1$,/github/workspace/logsheets/filtered/water_sampling.csv,XSDString,False
source_mat_id error,ws,source_mat_id,32,EMOBON_RFormosa_Wa_32,,source_mat_id should match ^EMOBON_RFormosa_Wa_220224_200um_2$,/github/workspace/logsheets/filtered/water_sampling.csv,XSDString,False
source_mat_id error,ws,source_mat_id,33,EMOBON_RFormosa_Wa_33,,source_mat_id should match ^EMOBON_RFormosa_Wa_220224_200um_3$,/github/workspace/logsheets/filtered/water_sampling.csv,XSDString,False
source_mat_id error,ws,source_mat_id,34,EMOBON_RFormosa_Wa_34,,source_mat_id should match ^EMOBON_RFormosa_Wa_220224_200um_4$,/github/workspace/logsheets/filtered/water_sampling.csv,XSDString,False
source_mat_id error,ws,source_mat_id,35,EMOBON_RFormosa_Wa_35,,source_mat_id should match ^EMOBON_RFormosa_Wa_220224_3um_1$,/github/workspace/logsheets/filtered/water_sampling.csv,XSDString,False
source_mat_id error,ws,source_mat_id,36,EMOBON_RFormosa_Wa_36,,source_mat_id should match ^EMOBON_RFormosa_Wa_220224_3um_2$,/github/workspace/logsheets/filtered/water_sampling.csv,XSDString,False
source_mat_id error,ws,source_mat_id,37,EMOBON_RFormosa_Wa_37,,source_mat_id should match ^EMOBON_RFormosa_Wa_220224_3um_3$,/github/workspace/logsheets/filtered/water_sampling.csv,XSDString,False
source_mat_id error,ws,source_mat_id,38,EMOBON_RFormosa_Wa_38,,source_mat_id should match ^EMOBON_RFormosa_Wa_220224_3um_4$,/github/workspace/logsheets/filtered/water_sampling.csv,XSDString,False
source_mat_id error,ws,source_mat_id,39,EMOBON_RFormosa_Wa_39,,source_mat_id should match ^EMOBON_RFormosa_Wa_220224_200um_blank_1$,/github/workspace/logsheets/filtered/water_sampling.csv,XSDString,False
source_mat_id error,ws,source_mat_id,40,EMOBON_RFormosa_Wa_40,,source_mat_id should match ^EMOBON_RFormosa_Wa_220224_3um_blank_1$,/github/workspace/logsheets/filtered/water_sampling.csv,XSDString,False
source_mat_id error,ws,source_mat_id,41,EMOBON_RFormosa_Wa_41,,source_mat_id should match ^EMOBON_RFormosa_Wa_220428_200um_1$,/github/workspace/logsheets/filtered/water_sampling.csv,XSDString,False
source_mat_id error,ws,source_mat_id,42,EMOBON_RFormosa_Wa_42,,source_mat_id should match ^EMOBON_RFormosa_Wa_220428_200um_2$,/github/workspace/logsheets/filtered/water_sampling.csv,XSDString,False
source_mat_id error,ws,source_mat_id,43,EMOBON_RFormosa_Wa_43,,source_mat_id should match ^EMOBON_RFormosa_Wa_220428_200um_3$,/github/workspace/logsheets/filtered/water_sampling.csv,XSDString,False
source_mat_id error,ws,source_mat_id,44,EMOBON_RFormosa_Wa_44,,source_mat_id should match ^EMOBON_RFormosa_Wa_220428_200um_4$,/github/workspace/logsheets/filtered/water_sampling.csv,XSDString,False
source_mat_id error,ws,source_mat_id,45,EMOBON_RFormosa_Wa_45,,source_mat_id should match ^EMOBON_RFormosa_Wa_220428_3um_1$,/github/workspace/logsheets/filtered/water_sampling.csv,XSDString,False
source_mat_id error,ws,source_mat_id,46,EMOBON_RFormosa_Wa_46,,source_mat_id should match ^EMOBON_RFormosa_Wa_220428_3um_2$,/github/workspace/logsheets/filtered/water_sampling.csv,XSDString,False
source_mat_id error,ws,source_mat_id,47,EMOBON_RFormosa_Wa_47,,source_mat_id should match ^EMOBON_RFormosa_Wa_220428_3um_3$,/github/workspace/logsheets/filtered/water_sampling.csv,XSDString,False
source_mat_id error,ws,source_mat_id,48,EMOBON_RFormosa_Wa_48,,source_mat_id should match ^EMOBON_RFormosa_Wa_220428_3um_4$,/github/workspace/logsheets/filtered/water_sampling.csv,XSDString,False
source_mat_id error,ws,source_mat_id,49,EMOBON_RFormosa_Wa_49,,source_mat_id should match ^EMOBON_RFormosa_Wa_220428_200um_blank_1$,/github/workspace/logsheets/filtered/water_sampling.csv,XSDString,False
source_mat_id error,ws,source_mat_id,50,EMOBON_RFormosa_Wa_50,,source_mat_id should match ^EMOBON_RFormosa_Wa_220428_3um_blank_1$,/github/workspace/logsheets/filtered/water_sampling.csv,XSDString,False
source_mat_id error,ws,source_mat_id,51,EMOBON_RFormosa_Wa_51,,source_mat_id should match ^EMOBON_RFormosa_Wa_220629_200um_1$,/github/workspace/logsheets/filtered/water_sampling.csv,XSDString,False
source_mat_id error,ws,source_mat_id,52,EMOBON_RFormosa_Wa_52,,source_mat_id should match ^EMOBON_RFormosa_Wa_220629_200um_2$,/github/workspace/logsheets/filtered/water_sampling.csv,XSDString,False
source_mat_id error,ws,source_mat_id,53,EMOBON_RFormosa_Wa_53,,source_mat_id should match ^EMOBON_RFormosa_Wa_220629_200um_3$,/github/workspace/logsheets/filtered/water_sampling.csv,XSDString,False
source_mat_id error,ws,source_mat_id,54,EMOBON_RFormosa_Wa_54,,source_mat_id should match ^EMOBON_RFormosa_Wa_220629_200um_4$,/github/workspace/logsheets/filtered/water_sampling.csv,XSDString,False
source_mat_id error,ws,source_mat_id,55,EMOBON_RFormosa_Wa_55,,source_mat_id should match ^EMOBON_RFormosa_Wa_220629_3um_1$,/github/workspace/logsheets/filtered/water_sampling.csv,XSDString,False
source_mat_id error,ws,source_mat_id,56,EMOBON_RFormosa_Wa_56,,source_mat_id should match ^EMOBON_RFormosa_Wa_220629_3um_2$,/github/workspace/logsheets/filtered/water_sampling.csv,XSDString,False
source_mat_id error,ws,source_mat_id,57,EMOBON_RFormosa_Wa_57,,source_mat_id should match ^EMOBON_RFormosa_Wa_220629_3um_3$,/github/workspace/logsheets/filtered/water_sampling.csv,XSDString,False
source_mat_id error,ws,source_mat_id,58,EMOBON_RFormosa_Wa_58,,source_mat_id should match ^EMOBON_RFormosa_Wa_220629_3um_4$,/github/workspace/logsheets/filtered/water_sampling.csv,XSDString,False
source_mat_id error,ws,source_mat_id,59,EMOBON_RFormosa_Wa_59,,source_mat_id should match ^EMOBON_RFormosa_Wa_220629_200um_blank_1$,/github/workspace/logsheets/filtered/water_sampling.csv,XSDString,False
source_mat_id error,ws,source_mat_id,60,EMOBON_RFormosa_Wa_60,,source_mat_id should match ^EMOBON_RFormosa_Wa_220629_3um_blank_1$,/github/workspace/logsheets/filtered/water_sampling.csv,XSDString,False
source_mat_id error,ws,source_mat_id,61,EMOBON_RFormosa_Wa_61,,source_mat_id should match ^EMOBON_RFormosa_Wa_220909_200um_1$,/github/workspace/logsheets/filtered/water_sampling.csv,XSDString,False
source_mat_id error,ws,source_mat_id,62,EMOBON_RFormosa_Wa_62,,source_mat_id should match ^EMOBON_RFormosa_Wa_220909_200um_2$,/github/workspace/logsheets/filtered/water_sampling.csv,XSDString,False
source_mat_id error,ws,source_mat_id,63,EMOBON_RFormosa_Wa_63,,source_mat_id should match ^EMOBON_RFormosa_Wa_220909_200um_3$,/github/workspace/logsheets/filtered/water_sampling.csv,XSDString,False
source_mat_id error,ws,source_mat_id,64,EMOBON_RFormosa_Wa_64,,source_mat_id should match ^EMOBON_RFormosa_Wa_220909_200um_4$,/github/workspace/logsheets/filtered/water_sampling.csv,XSDString,False
source_mat_id error,ws,source_mat_id,65,EMOBON_RFormosa_Wa_65,,source_mat_id should match ^EMOBON_RFormosa_Wa_220909_3um_1$,/github/workspace/logsheets/filtered/water_sampling.csv,XSDString,False
source_mat_id error,ws,source_mat_id,66,EMOBON_RFormosa_Wa_66,,source_mat_id should match ^EMOBON_RFormosa_Wa_220909_3um_2$,/github/workspace/logsheets/filtered/water_sampling.csv,XSDString,False
source_mat_id error,ws,source_mat_id,67,EMOBON_RFormosa_Wa_67,,source_mat_id should match ^EMOBON_RFormosa_Wa_220909_3um_3$,/github/workspace/logsheets/filtered/water_sampling.csv,XSDString,False
source_mat_id error,ws,source_mat_id,68,EMOBON_RFormosa_Wa_68,,source_mat_id should match ^EMOBON_RFormosa_Wa_220909_3um_4$,/github/workspace/logsheets/filtered/water_sampling.csv,XSDString,False
source_mat_id error,ws,source_mat_id,69,EMOBON_RFormosa_Wa_69,,source_mat_id should match ^EMOBON_RFormosa_Wa_220909_200um_blank_1$,/github/workspace/logsheets/filtered/water_sampling.csv,XSDString,False
source_mat_id error,ws,source_mat_id,70,EMOBON_RFormosa_Wa_70,,source_mat_id should match ^EMOBON_RFormosa_Wa_220909_3um_blank_1$,/github/workspace/logsheets/filtered/water_sampling.csv,XSDString,False
source_mat_id error,ws,source_mat_id,71,EMOBON_RFormosa_Wa_71,,source_mat_id should match ^EMOBON_RFormosa_Wa_221021_200um_1$,/github/workspace/logsheets/filtered/water_sampling.csv,XSDString,False
source_mat_id error,ws,source_mat_id,72,EMOBON_RFormosa_Wa_72,,source_mat_id should match ^EMOBON_RFormosa_Wa_221021_200um_2$,/github/workspace/logsheets/filtered/water_sampling.csv,XSDString,False
source_mat_id error,ws,source_mat_id,73,EMOBON_RFormosa_Wa_73,,source_mat_id should match ^EMOBON_RFormosa_Wa_221021_200um_3$,/github/workspace/logsheets/filtered/water_sampling.csv,XSDString,False
source_mat_id error,ws,source_mat_id,74,EMOBON_RFormosa_Wa_74,,source_mat_id should match ^EMOBON_RFormosa_Wa_221021_200um_4$,/github/workspace/logsheets/filtered/water_sampling.csv,XSDString,False
source_mat_id error,ws,source_mat_id,75,EMOBON_RFormosa_Wa_75,,source_mat_id should match ^EMOBON_RFormosa_Wa_221021_3um_1$,/github/workspace/logsheets/filtered/water_sampling.csv,XSDString,False
source_mat_id error,ws,source_mat_id,76,EMOBON_RFormosa_Wa_76,,source_mat_id should match ^EMOBON_RFormosa_Wa_221021_3um_2$,/github/workspace/logsheets/filtered/water_sampling.csv,XSDString,False
source_mat_id error,ws,source_mat_id,77,EMOBON_RFormosa_Wa_77,,source_mat_id should match ^EMOBON_RFormosa_Wa_221021_3um_3$,/github/workspace/logsheets/filtered/water_sampling.csv,XSDString,False
source_mat_id error,ws,source_mat_id,78,EMOBON_RFormosa_Wa_78,,source_mat_id should match ^EMOBON_RFormosa_Wa_221021_3um_4$,/github/workspace/logsheets/filtered/water_sampling.csv,XSDString,False
source_mat_id error,ws,source_mat_id,79,EMOBON_RFormosa_Wa_79,,source_mat_id should match ^EMOBON_RFormosa_Wa_221021_200um_blank_1$,/github/workspace/logsheets/filtered/water_sampling.csv,XSDString,False
source_mat_id error,ws,source_mat_id,80,EMOBON_RFormosa_Wa_80,,source_mat_id should match ^EMOBON_RFormosa_Wa_221021_3um_blank_1$,/github/workspace/logsheets/filtered/water_sampling.csv,XSDString,False
source_mat_id error,ws,source_mat_id,81,EMOBON_RFormosa_Wa_81,,source_mat_id should match ^EMOBON_RFormosa_Wa_221216_200um_1$,/github/workspace/logsheets/filtered/water_sampling.csv,XSDString,False
source_mat_id error,ws,source_mat_id,82,EMOBON_RFormosa_Wa_82,,source_mat_id should match ^EMOBON_RFormosa_Wa_221216_200um_2$,/github/workspace/logsheets/filtered/water_sampling.csv,XSDString,False
source_mat_id error,ws,source_mat_id,83,EMOBON_RFormosa_Wa_83,,source_mat_id should match ^EMOBON_RFormosa_Wa_221216_200um_3$,/github/workspace/logsheets/filtered/water_sampling.csv,XSDString,False
source_mat_id error,ws,source_mat_id,84,EMOBON_RFormosa_Wa_84,,source_mat_id should match ^EMOBON_RFormosa_Wa_221216_200um_4$,/github/workspace/logsheets/filtered/water_sampling.csv,XSDString,False
source_mat_id error,ws,source_mat_id,85,EMOBON_RFormosa_Wa_85,,source_mat_id should match ^EMOBON_RFormosa_Wa_221216_3um_1$,/github/workspace/logsheets/filtered/water_sampling.csv,XSDString,False
source_mat_id error,ws,source_mat_id,86,EMOBON_RFormosa_Wa_86,,source_mat_id should match ^EMOBON_RFormosa_Wa_221216_3um_2$,/github/workspace/logsheets/filtered/water_sampling.csv,XSDString,False
source_mat_id error,ws,source_mat_id,87,EMOBON_RFormosa_Wa_87,,source_mat_id should match ^EMOBON_RFormosa_Wa_221216_3um_3$,/github/workspace/logsheets/filtered/water_sampling.csv,XSDString,False
source_mat_id error,ws,source_mat_id,88,EMOBON_RFormosa_Wa_88,,source_mat_id should match ^EMOBON_RFormosa_Wa_221216_3um_4$,/github/workspace/logsheets/filtered/water_sampling.csv,XSDString,False
source_mat_id error,ws,source_mat_id,89,EMOBON_RFormosa_Wa_89,,source_mat_id should match ^EMOBON_RFormosa_Wa_221216_200um_blank_1$,/github/workspace/logsheets/filtered/water_sampling.csv,XSDString,False
source_mat_id error,ws,source_mat_id,90,EMOBON_RFormosa_Wa_90,,source_mat_id should match ^EMOBON_RFormosa_Wa_221216_3um_blank_1$,/github/workspace/logsheets/filtered/water_sampling.csv,XSDString,False
source_mat_id error,ws,source_mat_id,251,EMOBON_RFormosa_Wa_251,,source_mat_id should match ^EMOBON_RFormosa_Wa__um_$,/github/workspace/logsheets/filtered/water_sampling.csv,XSDString,False
source_mat_id error,ws,source_mat_id,252,EMOBON_RFormosa_Wa_252,,source_mat_id should match ^EMOBON_RFormosa_Wa__um_$,/github/workspace/logsheets/filtered/water_sampling.csv,XSDString,False
source_mat_id error,ws,source_mat_id,253,EMOBON_RFormosa_Wa_253,,source_mat_id should match ^EMOBON_RFormosa_Wa__um_$,/github/workspace/logsheets/filtered/water_sampling.csv,XSDString,False
source_mat_id error,ws,source_mat_id,254,EMOBON_RFormosa_Wa_254,,source_mat_id should match ^EMOBON_RFormosa_Wa__um_$,/github/workspace/logsheets/filtered/water_sampling.csv,XSDString,False
source_mat_id error,ws,source_mat_id,255,EMOBON_RFormosa_Wa_255,,source_mat_id should match ^EMOBON_RFormosa_Wa__um_$,/github/workspace/logsheets/filtered/water_sampling.csv,XSDString,False
source_mat_id error,ws,source_mat_id,256,EMOBON_RFormosa_Wa_256,,source_mat_id should match ^EMOBON_RFormosa_Wa__um_$,/github/workspace/logsheets/filtered/water_sampling.csv,XSDString,False
source_mat_id error,ws,source_mat_id,257,EMOBON_RFormosa_Wa_257,,source_mat_id should match ^EMOBON_RFormosa_Wa__um_$,/github/workspace/logsheets/filtered/water_sampling.csv,XSDString,False
source_mat_id error,ws,source_mat_id,258,EMOBON_RFormosa_Wa_258,,source_mat_id should match ^EMOBON_RFormosa_Wa__um_$,/github/workspace/logsheets/filtered/water_sampling.csv,XSDString,False
source_mat_id error,ws,source_mat_id,259,EMOBON_RFormosa_Wa_259,,source_mat_id should match ^EMOBON_RFormosa_Wa__um_$,/github/workspace/logsheets/filtered/water_sampling.csv,XSDString,False
source_mat_id error,ws,source_mat_id,260,EMOBON_RFormosa_Wa_260,,source_mat_id should match ^EMOBON_RFormosa_Wa__um_$,/github/workspace/logsheets/filtered/water_sampling.csv,XSDString,False
source_mat_id error,ws,source_mat_id,261,EMOBON_RFormosa_Wa_261,,source_mat_id should match ^EMOBON_RFormosa_Wa__um_$,/github/workspace/logsheets/filtered/water_sampling.csv,XSDString,False
source_mat_id error,ws,source_mat_id,262,EMOBON_RFormosa_Wa_262,,source_mat_id should match ^EMOBON_RFormosa_Wa__um_$,/github/workspace/logsheets/filtered/water_sampling.csv,XSDString,False
source_mat_id error,ws,source_mat_id,263,EMOBON_RFormosa_Wa_263,,source_mat_id should match ^EMOBON_RFormosa_Wa__um_$,/github/workspace/logsheets/filtered/water_sampling.csv,XSDString,False
source_mat_id error,ws,source_mat_id,264,EMOBON_RFormosa_Wa_264,,source_mat_id should match ^EMOBON_RFormosa_Wa__um_$,/github/workspace/logsheets/filtered/water_sampling.csv,XSDString,False
source_mat_id error,ws,source_mat_id,265,EMOBON_RFormosa_Wa_265,,source_mat_id should match ^EMOBON_RFormosa_Wa__um_$,/github/workspace/logsheets/filtered/water_sampling.csv,XSDString,False
source_mat_id error,ws,source_mat_id,266,EMOBON_RFormosa_Wa_266,,source_mat_id should match ^EMOBON_RFormosa_Wa__um_$,/github/workspace/logsheets/filtered/water_sampling.csv,XSDString,False
source_mat_id error,ws,source_mat_id,267,EMOBON_RFormosa_Wa_267,,source_mat_id should match ^EMOBON_RFormosa_Wa__um_$,/github/workspace/logsheets/filtered/water_sampling.csv,XSDString,False
source_mat_id error,ws,source_mat_id,268,EMOBON_RFormosa_Wa_268,,source_mat_id should match ^EMOBON_RFormosa_Wa__um_$,/github/workspace/logsheets/filtered/water_sampling.csv,XSDString,False
source_mat_id error,ws,source_mat_id,269,EMOBON_RFormosa_Wa_269,,source_mat_id should match ^EMOBON_RFormosa_Wa__um_$,/github/workspace/logsheets/filtered/water_sampling.csv,XSDString,False
source_mat_id error,ws,source_mat_id,270,EMOBON_RFormosa_Wa_270,,source_mat_id should match ^EMOBON_RFormosa_Wa__um_$,/github/workspace/logsheets/filtered/water_sampling.csv,XSDString,False
source_mat_id error,ws,source_mat_id,271,EMOBON_RFormosa_Wa_271,,source_mat_id should match ^EMOBON_RFormosa_Wa__um_$,/github/workspace/logsheets/filtered/water_sampling.csv,XSDString,False
source_mat_id error,ws,source_mat_id,272,EMOBON_RFormosa_Wa_272,,source_mat_id should match ^EMOBON_RFormosa_Wa__um_$,/github/workspace/logsheets/filtered/water_sampling.csv,XSDString,False
source_mat_id error,ws,source_mat_id,273,EMOBON_RFormosa_Wa_273,,source_mat_id should match ^EMOBON_RFormosa_Wa__um_$,/github/workspace/logsheets/filtered/water_sampling.csv,XSDString,False
source_mat_id error,ws,source_mat_id,274,EMOBON_RFormosa_Wa_274,,source_mat_id should match ^EMOBON_RFormosa_Wa__um_$,/github/workspace/logsheets/filtered/water_sampling.csv,XSDString,False
source_mat_id error,ws,source_mat_id,275,EMOBON_RFormosa_Wa_275,,source_mat_id should match ^EMOBON_RFormosa_Wa__um_$,/github/workspace/logsheets/filtered/water_sampling.csv,XSDString,False
source_mat_id error,ws,source_mat_id,276,EMOBON_RFormosa_Wa_276,,source_mat_id should match ^EMOBON_RFormosa_Wa__um_$,/github/workspace/logsheets/filtered/water_sampling.csv,XSDString,False
source_mat_id error,ws,source_mat_id,277,EMOBON_RFormosa_Wa_277,,source_mat_id should match ^EMOBON_RFormosa_Wa__um_$,/github/workspace/logsheets/filtered/water_sampling.csv,XSDString,False
source_mat_id error,ws,source_mat_id,278,EMOBON_RFormosa_Wa_278,,source_mat_id should match ^EMOBON_RFormosa_Wa__um_$,/github/workspace/logsheets/filtered/water_sampling.csv,XSDString,False
source_mat_id error,ws,source_mat_id,279,EMOBON_RFormosa_Wa_279,,source_mat_id should match ^EMOBON_RFormosa_Wa__um_$,/github/workspace/logsheets/filtered/water_sampling.csv,XSDString,False
source_mat_id error,ws,source_mat_id,280,EMOBON_RFormosa_Wa_280,,source_mat_id should match ^EMOBON_RFormosa_Wa__um_$,/github/workspace/logsheets/filtered/water_sampling.csv,XSDString,False
source_mat_id error,ws,source_mat_id,281,EMOBON_RFormosa_Wa_281,,source_mat_id should match ^EMOBON_RFormosa_Wa__um_$,/github/workspace/logsheets/filtered/water_sampling.csv,XSDString,False
source_mat_id error,ws,source_mat_id,282,EMOBON_RFormosa_Wa_282,,source_mat_id should match ^EMOBON_RFormosa_Wa__um_$,/github/workspace/logsheets/filtered/water_sampling.csv,XSDString,False
source_mat_id error,ws,source_mat_id,283,EMOBON_RFormosa_Wa_283,,source_mat_id should match ^EMOBON_RFormosa_Wa__um_$,/github/workspace/logsheets/filtered/water_sampling.csv,XSDString,False
source_mat_id error,ws,source_mat_id,284,EMOBON_RFormosa_Wa_284,,source_mat_id should match ^EMOBON_RFormosa_Wa__um_$,/github/workspace/logsheets/filtered/water_sampling.csv,XSDString,False
source_mat_id error,ws,source_mat_id,285,EMOBON_RFormosa_Wa_285,,source_mat_id should match ^EMOBON_RFormosa_Wa__um_$,/github/workspace/logsheets/filtered/water_sampling.csv,XSDString,False
source_mat_id error,ws,source_mat_id,286,EMOBON_RFormosa_Wa_286,,source_mat_id should match ^EMOBON_RFormosa_Wa__um_$,/github/workspace/logsheets/filtered/water_sampling.csv,XSDString,False
source_mat_id error,ws,source_mat_id,287,EMOBON_RFormosa_Wa_287,,source_mat_id should match ^EMOBON_RFormosa_Wa__um_$,/github/workspace/logsheets/filtered/water_sampling.csv,XSDString,False
source_mat_id error,ws,source_mat_id,288,EMOBON_RFormosa_Wa_288,,source_mat_id should match ^EMOBON_RFormosa_Wa__um_$,/github/workspace/logsheets/filtered/water_sampling.csv,XSDString,False
source_mat_id error,ws,source_mat_id,289,EMOBON_RFormosa_Wa_289,,source_mat_id should match ^EMOBON_RFormosa_Wa__um_$,/github/workspace/logsheets/filtered/water_sampling.csv,XSDString,False
source_mat_id error,ws,source_mat_id,290,EMOBON_RFormosa_Wa_290,,source_mat_id should match ^EMOBON_RFormosa_Wa__um_$,/github/workspace/logsheets/filtered/water_sampling.csv,XSDString,False
source_mat_id error,ws,source_mat_id,291,EMOBON_RFormosa_Wa_291,,source_mat_id should match ^EMOBON_RFormosa_Wa__um_$,/github/workspace/logsheets/filtered/water_sampling.csv,XSDString,False
source_mat_id error,ws,source_mat_id,292,EMOBON_RFormosa_Wa_292,,source_mat_id should match ^EMOBON_RFormosa_Wa__um_$,/github/workspace/logsheets/filtered/water_sampling.csv,XSDString,False
source_mat_id error,ws,source_mat_id,293,EMOBON_RFormosa_Wa_293,,source_mat_id should match ^EMOBON_RFormosa_Wa__um_$,/github/workspace/logsheets/filtered/water_sampling.csv,XSDString,False
source_mat_id error,ws,source_mat_id,294,EMOBON_RFormosa_Wa_294,,source_mat_id should match ^EMOBON_RFormosa_Wa__um_$,/github/workspace/logsheets/filtered/water_sampling.csv,XSDString,False
source_mat_id error,ws,source_mat_id,295,EMOBON_RFormosa_Wa_295,,source_mat_id should match ^EMOBON_RFormosa_Wa__um_$,/github/workspace/logsheets/filtered/water_sampling.csv,XSDString,False
source_mat_id error,ws,source_mat_id,296,EMOBON_RFormosa_Wa_296,,source_mat_id should match ^EMOBON_RFormosa_Wa__um_$,/github/workspace/logsheets/filtered/water_sampling.csv,XSDString,False
source_mat_id error,ws,source_mat_id,297,EMOBON_RFormosa_Wa_297,,source_mat_id should match ^EMOBON_RFormosa_Wa__um_$,/github/workspace/logsheets/filtered/water_sampling.csv,XSDString,False
source_mat_id error,ws,source_mat_id,298,EMOBON_RFormosa_Wa_298,,source_mat_id should match ^EMOBON_RFormosa_Wa__um_$,/github/workspace/logsheets/filtered/water_sampling.csv,XSDString,False
source_mat_id error,ws,source_mat_id,299,EMOBON_RFormosa_Wa_299,,source_mat_id should match ^EMOBON_RFormosa_Wa__um_$,/github/workspace/logsheets/filtered/water_sampling.csv,XSDString,False
source_mat_id error,ws,source_mat_id,300,EMOBON_RFormosa_Wa_300,,source_mat_id should match ^EMOBON_RFormosa_Wa__um_$,/github/workspace/logsheets/filtered/water_sampling.csv,XSDString,False
source_mat_id error,ws,source_mat_id,301,EMOBON_RFormosa_Wa_301,,source_mat_id should match ^EMOBON_RFormosa_Wa__um_$,/github/workspace/logsheets/filtered/water_sampling.csv,XSDString,False
source_mat_id error,ws,source_mat_id,302,EMOBON_RFormosa_Wa_302,,source_mat_id should match ^EMOBON_RFormosa_Wa__um_$,/github/workspace/logsheets/filtered/water_sampling.csv,XSDString,False
source_mat_id error,ws,source_mat_id,303,EMOBON_RFormosa_Wa_303,,source_mat_id should match ^EMOBON_RFormosa_Wa__um_$,/github/workspace/logsheets/filtered/water_sampling.csv,XSDString,False
source_mat_id error,ws,source_mat_id,304,EMOBON_RFormosa_Wa_304,,source_mat_id should match ^EMOBON_RFormosa_Wa__um_$,/github/workspace/logsheets/filtered/water_sampling.csv,XSDString,False
source_mat_id error,ws,source_mat_id,305,EMOBON_RFormosa_Wa_305,,source_mat_id should match ^EMOBON_RFormosa_Wa__um_$,/github/workspace/logsheets/filtered/water_sampling.csv,XSDString,False
source_mat_id error,ws,source_mat_id,306,EMOBON_RFormosa_Wa_306,,source_mat_id should match ^EMOBON_RFormosa_Wa__um_$,/github/workspace/logsheets/filtered/water_sampling.csv,XSDString,False
source_mat_id error,ws,source_mat_id,307,EMOBON_RFormosa_Wa_307,,source_mat_id should match ^EMOBON_RFormosa_Wa__um_$,/github/workspace/logsheets/filtered/water_sampling.csv,XSDString,False
source_mat_id error,ws,source_mat_id,308,EMOBON_RFormosa_Wa_308,,source_mat_id should match ^EMOBON_RFormosa_Wa__um_$,/github/workspace/logsheets/filtered/water_sampling.csv,XSDString,False
source_mat_id error,ws,source_mat_id,309,EMOBON_RFormosa_Wa_309,,source_mat_id should match ^EMOBON_RFormosa_Wa__um_$,/github/workspace/logsheets/filtered/water_sampling.csv,XSDString,False
source_mat_id error,ws,source_mat_id,310,EMOBON_RFormosa_Wa_310,,source_mat_id should match ^EMOBON_RFormosa_Wa__um_$,/github/workspace/logsheets/filtered/water_sampling.csv,XSDString,False
source_mat_id error,ws,source_mat_id,311,EMOBON_RFormosa_Wa_311,,source_mat_id should match ^EMOBON_RFormosa_Wa__um_$,/github/workspace/logsheets/filtered/water_sampling.csv,XSDString,False
source_mat_id error,ws,source_mat_id,312,EMOBON_RFormosa_Wa_312,,source_mat_id should match ^EMOBON_RFormosa_Wa__um_$,/github/workspace/logsheets/filtered/water_sampling.csv,XSDString,False
source_mat_id error,ws,source_mat_id,313,EMOBON_RFormosa_Wa_313,,source_mat_id should match ^EMOBON_RFormosa_Wa__um_$,/github/workspace/logsheets/filtered/water_sampling.csv,XSDString,False
source_mat_id error,ws,source_mat_id,314,EMOBON_RFormosa_Wa_314,,source_mat_id should match ^EMOBON_RFormosa_Wa__um_$,/github/workspace/logsheets/filtered/water_sampling.csv,XSDString,False
source_mat_id error,ws,source_mat_id,315,EMOBON_RFormosa_Wa_315,,source_mat_id should match ^EMOBON_RFormosa_Wa__um_$,/github/workspace/logsheets/filtered/water_sampling.csv,XSDString,False
source_mat_id error,ws,source_mat_id,316,EMOBON_RFormosa_Wa_316,,source_mat_id should match ^EMOBON_RFormosa_Wa__um_$,/github/workspace/logsheets/filtered/water_sampling.csv,XSDString,False
source_mat_id error,ws,source_mat_id,317,EMOBON_RFormosa_Wa_317,,source_mat_id should match ^EMOBON_RFormosa_Wa__um_$,/github/workspace/logsheets/filtered/water_sampling.csv,XSDString,False
source_mat_id error,ws,source_mat_id,318,EMOBON_RFormosa_Wa_318,,source_mat_id should match ^EMOBON_RFormosa_Wa__um_$,/github/workspace/logsheets/filtered/water_sampling.csv,XSDString,False
source_mat_id error,ws,source_mat_id,319,EMOBON_RFormosa_Wa_319,,source_mat_id should match ^EMOBON_RFormosa_Wa__um_$,/github/workspace/logsheets/filtered/water_sampling.csv,XSDString,False
source_mat_id error,ws,source_mat_id,320,EMOBON_RFormosa_Wa_320,,source_mat_id should match ^EMOBON_RFormosa_Wa__um_$,/github/workspace/logsheets/filtered/water_sampling.csv,XSDString,False
source_mat_id error,ws,source_mat_id,321,EMOBON_RFormosa_Wa_321,,source_mat_id should match ^EMOBON_RFormosa_Wa__um_$,/github/workspace/logsheets/filtered/water_sampling.csv,XSDString,False
source_mat_id error,ws,source_mat_id,322,EMOBON_RFormosa_Wa_322,,source_mat_id should match ^EMOBON_RFormosa_Wa__um_$,/github/workspace/logsheets/filtered/water_sampling.csv,XSDString,False
source_mat_id error,ws,source_mat_id,323,EMOBON_RFormosa_Wa_323,,source_mat_id should match ^EMOBON_RFormosa_Wa__um_$,/github/workspace/logsheets/filtered/water_sampling.csv,XSDString,False
source_mat_id error,ws,source_mat_id,324,EMOBON_RFormosa_Wa_324,,source_mat_id should match ^EMOBON_RFormosa_Wa__um_$,/github/workspace/logsheets/filtered/water_sampling.csv,XSDString,False
source_mat_id error,ws,source_mat_id,325,EMOBON_RFormosa_Wa_325,,source_mat_id should match ^EMOBON_RFormosa_Wa__um_$,/github/workspace/logsheets/filtered/water_sampling.csv,XSDString,False
source_mat_id error,ws,source_mat_id,326,EMOBON_RFormosa_Wa_326,,source_mat_id should match ^EMOBON_RFormosa_Wa__um_$,/github/workspace/logsheets/filtered/water_sampling.csv,XSDString,False
source_mat_id error,ws,source_mat_id,327,EMOBON_RFormosa_Wa_327,,source_mat_id should match ^EMOBON_RFormosa_Wa__um_$,/github/workspace/logsheets/filtered/water_sampling.csv,XSDString,False
source_mat_id error,ws,source_mat_id,328,EMOBON_RFormosa_Wa_328,,source_mat_id should match ^EMOBON_RFormosa_Wa__um_$,/github/workspace/logsheets/filtered/water_sampling.csv,XSDString,False
source_mat_id error,ws,source_mat_id,329,EMOBON_RFormosa_Wa_329,,source_mat_id should match ^EMOBON_RFormosa_Wa__um_$,/github/workspace/logsheets/filtered/water_sampling.csv,XSDString,False
source_mat_id error,ws,source_mat_id,330,EMOBON_RFormosa_Wa_330,,source_mat_id should match ^EMOBON_RFormosa_Wa__um_$,/github/workspace/logsheets/filtered/water_sampling.csv,XSDString,False
source_mat_id error,ws,source_mat_id,331,EMOBON_RFormosa_Wa_331,,source_mat_id should match ^EMOBON_RFormosa_Wa__um_$,/github/workspace/logsheets/filtered/water_sampling.csv,XSDString,False
source_mat_id error,ws,source_mat_id,332,EMOBON_RFormosa_Wa_332,,source_mat_id should match ^EMOBON_RFormosa_Wa__um_$,/github/workspace/logsheets/filtered/water_sampling.csv,XSDString,False
source_mat_id error,ws,source_mat_id,333,EMOBON_RFormosa_Wa_333,,source_mat_id should match ^EMOBON_RFormosa_Wa__um_$,/github/workspace/logsheets/filtered/water_sampling.csv,XSDString,False
source_mat_id error,ws,source_mat_id,334,EMOBON_RFormosa_Wa_334,,source_mat_id should match ^EMOBON_RFormosa_Wa__um_$,/github/workspace/logsheets/filtered/water_sampling.csv,XSDString,False
source_mat_id error,ws,source_mat_id,335,EMOBON_RFormosa_Wa_335,,source_mat_id should match ^EMOBON_RFormosa_Wa__um_$,/github/workspace/logsheets/filtered/water_sampling.csv,XSDString,False
source_mat_id error,ws,source_mat_id,336,EMOBON_RFormosa_Wa_336,,source_mat_id should match ^EMOBON_RFormosa_Wa__um_$,/github/workspace/logsheets/filtered/water_sampling.csv,XSDString,False
source_mat_id error,ws,source_mat_id,337,EMOBON_RFormosa_Wa_337,,source_mat_id should match ^EMOBON_RFormosa_Wa__um_$,/github/workspace/logsheets/filtered/water_sampling.csv,XSDString,False
source_mat_id error,ws,source_mat_id,338,EMOBON_RFormosa_Wa_338,,source_mat_id should match ^EMOBON_RFormosa_Wa__um_$,/github/workspace/logsheets/filtered/water_sampling.csv,XSDString,False
source_mat_id error,ws,source_mat_id,339,EMOBON_RFormosa_Wa_339,,source_mat_id should match ^EMOBON_RFormosa_Wa__um_$,/github/workspace/logsheets/filtered/water_sampling.csv,XSDString,False
source_mat_id error,ws,source_mat_id,340,EMOBON_RFormosa_Wa_340,,source_mat_id should match ^EMOBON_RFormosa_Wa__um_$,/github/workspace/logsheets/filtered/water_sampling.csv,XSDString,False
source_mat_id error,ws,source_mat_id,341,EMOBON_RFormosa_Wa_341,,source_mat_id should match ^EMOBON_RFormosa_Wa__um_$,/github/workspace/logsheets/filtered/water_sampling.csv,XSDString,False
source_mat_id error,ws,source_mat_id,342,EMOBON_RFormosa_Wa_342,,source_mat_id should match ^EMOBON_RFormosa_Wa__um_$,/github/workspace/logsheets/filtered/water_sampling.csv,XSDString,False
source_mat_id error,ws,source_mat_id,343,EMOBON_RFormosa_Wa_343,,source_mat_id should match ^EMOBON_RFormosa_Wa__um_$,/github/workspace/logsheets/filtered/water_sampling.csv,XSDString,False
source_mat_id error,ws,source_mat_id,344,EMOBON_RFormosa_Wa_344,,source_mat_id should match ^EMOBON_RFormosa_Wa__um_$,/github/workspace/logsheets/filtered/water_sampling.csv,XSDString,False
source_mat_id error,ws,source_mat_id,345,EMOBON_RFormosa_Wa_345,,source_mat_id should match ^EMOBON_RFormosa_Wa__um_$,/github/workspace/logsheets/filtered/water_sampling.csv,XSDString,False
source_mat_id error,ws,source_mat_id,346,EMOBON_RFormosa_Wa_346,,source_mat_id should match ^EMOBON_RFormosa_Wa__um_$,/github/workspace/logsheets/filtered/water_sampling.csv,XSDString,False
source_mat_id error,ws,source_mat_id,347,EMOBON_RFormosa_Wa_347,,source_mat_id should match ^EMOBON_RFormosa_Wa__um_$,/github/workspace/logsheets/filtered/water_sampling.csv,XSDString,False
scientific name error,ss,scientific_name,1,marine sediment metagenome,,"scientific_name should be marine sediment metagenome)

   ",/github/workspace/logsheets/filtered/sediment_sampling.csv,XSDString,False
scientific name error,ss,scientific_name,2,marine sediment metagenome,,"scientific_name should be marine sediment metagenome)

   ",/github/workspace/logsheets/filtered/sediment_sampling.csv,XSDString,False
scientific name error,ss,scientific_name,3,marine sediment metagenome,,"scientific_name should be marine sediment metagenome)

   ",/github/workspace/logsheets/filtered/sediment_sampling.csv,XSDString,False
scientific name error,ss,scientific_name,4,marine sediment metagenome,,"scientific_name should be marine sediment metagenome)

   ",/github/workspace/logsheets/filtered/sediment_sampling.csv,XSDString,False
scientific name error,ss,scientific_name,5,metagenome,,"scientific_name should be metagenome)

   ",/github/workspace/logsheets/filtered/sediment_sampling.csv,XSDString,False
scientific name error,ss,scientific_name,6,marine sediment metagenome,,"scientific_name should be marine sediment metagenome)

   ",/github/workspace/logsheets/filtered/sediment_sampling.csv,XSDString,False
scientific name error,ss,scientific_name,7,marine sediment metagenome,,"scientific_name should be marine sediment metagenome)

   ",/github/workspace/logsheets/filtered/sediment_sampling.csv,XSDString,False
scientific name error,ss,scientific_name,8,marine sediment metagenome,,"scientific_name should be marine sediment metagenome)

   ",/github/workspace/logsheets/filtered/sediment_sampling.csv,XSDString,False
scientific name error,ss,scientific_name,9,marine sediment metagenome,,"scientific_name should be marine sediment metagenome)

   ",/github/workspace/logsheets/filtered/sediment_sampling.csv,XSDString,False
scientific name error,ss,scientific_name,10,metagenome,,"scientific_name should be metagenome)

   ",/github/workspace/logsheets/filtered/sediment_sampling.csv,XSDString,False
scientific name error,ss,scientific_name,11,marine sediment metagenome,,"scientific_name should be marine sediment metagenome)

   ",/github/workspace/logsheets/filtered/sediment_sampling.csv,XSDString,False
scientific name error,ss,scientific_name,12,marine sediment metagenome,,"scientific_name should be marine sediment metagenome)

   ",/github/workspace/logsheets/filtered/sediment_sampling.csv,XSDString,False
scientific name error,ss,scientific_name,13,marine sediment metagenome,,"scientific_name should be marine sediment metagenome)

   ",/github/workspace/logsheets/filtered/sediment_sampling.csv,XSDString,False
scientific name error,ss,scientific_name,14,marine sediment metagenome,,"scientific_name should be marine sediment metagenome)

   ",/github/workspace/logsheets/filtered/sediment_sampling.csv,XSDString,False
scientific name error,ss,scientific_name,15,metagenome,,"scientific_name should be metagenome)

   ",/github/workspace/logsheets/filtered/sediment_sampling.csv,XSDString,False
scientific name error,ss,scientific_name,16,marine sediment metagenome,,"scientific_name should be marine sediment metagenome)

   ",/github/workspace/logsheets/filtered/sediment_sampling.csv,XSDString,False
scientific name error,ss,scientific_name,17,marine sediment metagenome,,"scientific_name should be marine sediment metagenome)

   ",/github/workspace/logsheets/filtered/sediment_sampling.csv,XSDString,False
scientific name error,ss,scientific_name,18,marine sediment metagenome,,"scientific_name should be marine sediment metagenome)

   ",/github/workspace/logsheets/filtered/sediment_sampling.csv,XSDString,False
scientific name error,ss,scientific_name,19,marine sediment metagenome,,"scientific_name should be marine sediment metagenome)

   ",/github/workspace/logsheets/filtered/sediment_sampling.csv,XSDString,False
scientific name error,ss,scientific_name,20,metagenome,,"scientific_name should be metagenome)

   ",/github/workspace/logsheets/filtered/sediment_sampling.csv,XSDString,False
scientific name error,ss,scientific_name,21,marine sediment metagenome,,"scientific_name should be marine sediment metagenome)

   ",/github/workspace/logsheets/filtered/sediment_sampling.csv,XSDString,False
scientific name error,ss,scientific_name,22,marine sediment metagenome,,"scientific_name should be marine sediment metagenome)

   ",/github/workspace/logsheets/filtered/sediment_sampling.csv,XSDString,False
scientific name error,ss,scientific_name,23,marine sediment metagenome,,"scientific_name should be marine sediment metagenome)

   ",/github/workspace/logsheets/filtered/sediment_sampling.csv,XSDString,False
scientific name error,ss,scientific_name,24,marine sediment metagenome,,"scientific_name should be marine sediment metagenome)

   ",/github/workspace/logsheets/filtered/sediment_sampling.csv,XSDString,False
scientific name error,ss,scientific_name,25,metagenome,,"scientific_name should be metagenome)

   ",/github/workspace/logsheets/filtered/sediment_sampling.csv,XSDString,False
scientific name error,ss,scientific_name,26,marine sediment metagenome,,"scientific_name should be marine sediment metagenome)

   ",/github/workspace/logsheets/filtered/sediment_sampling.csv,XSDString,False
scientific name error,ss,scientific_name,27,marine sediment metagenome,,"scientific_name should be marine sediment metagenome)

   ",/github/workspace/logsheets/filtered/sediment_sampling.csv,XSDString,False
scientific name error,ss,scientific_name,28,marine sediment metagenome,,"scientific_name should be marine sediment metagenome)

   ",/github/workspace/logsheets/filtered/sediment_sampling.csv,XSDString,False
scientific name error,ss,scientific_name,29,marine sediment metagenome,,"scientific_name should be marine sediment metagenome)

   ",/github/workspace/logsheets/filtered/sediment_sampling.csv,XSDString,False
scientific name error,ss,scientific_name,30,metagenome,,"scientific_name should be metagenome)

   ",/github/workspace/logsheets/filtered/sediment_sampling.csv,XSDString,False
scientific name error,ss,scientific_name,31,marine sediment metagenome,,"scientific_name should be marine sediment metagenome)

   ",/github/workspace/logsheets/filtered/sediment_sampling.csv,XSDString,False
scientific name error,ss,scientific_name,32,marine sediment metagenome,,"scientific_name should be marine sediment metagenome)

   ",/github/workspace/logsheets/filtered/sediment_sampling.csv,XSDString,False
scientific name error,ss,scientific_name,33,marine sediment metagenome,,"scientific_name should be marine sediment metagenome)

   ",/github/workspace/logsheets/filtered/sediment_sampling.csv,XSDString,False
scientific name error,ss,scientific_name,34,marine sediment metagenome,,"scientific_name should be marine sediment metagenome)

   ",/github/workspace/logsheets/filtered/sediment_sampling.csv,XSDString,False
scientific name error,ss,scientific_name,35,metagenome,,"scientific_name should be metagenome)

   ",/github/workspace/logsheets/filtered/sediment_sampling.csv,XSDString,False
scientific name error,ss,scientific_name,36,marine sediment metagenome,,"scientific_name should be marine sediment metagenome)

   ",/github/workspace/logsheets/filtered/sediment_sampling.csv,XSDString,False
scientific name error,ss,scientific_name,37,marine sediment metagenome,,"scientific_name should be marine sediment metagenome)

   ",/github/workspace/logsheets/filtered/sediment_sampling.csv,XSDString,False
scientific name error,ss,scientific_name,38,marine sediment metagenome,,"scientific_name should be marine sediment metagenome)

   ",/github/workspace/logsheets/filtered/sediment_sampling.csv,XSDString,False
scientific name error,ss,scientific_name,39,marine sediment metagenome,,"scientific_name should be marine sediment metagenome)

   ",/github/workspace/logsheets/filtered/sediment_sampling.csv,XSDString,False
scientific name error,ss,scientific_name,40,metagenome,,"scientific_name should be metagenome)

   ",/github/workspace/logsheets/filtered/sediment_sampling.csv,XSDString,False
scientific name error,ss,scientific_name,41,marine sediment metagenome,,"scientific_name should be marine sediment metagenome)

   ",/github/workspace/logsheets/filtered/sediment_sampling.csv,XSDString,False
scientific name error,ss,scientific_name,42,marine sediment metagenome,,"scientific_name should be marine sediment metagenome)

   ",/github/workspace/logsheets/filtered/sediment_sampling.csv,XSDString,False
scientific name error,ss,scientific_name,43,marine sediment metagenome,,"scientific_name should be marine sediment metagenome)

   ",/github/workspace/logsheets/filtered/sediment_sampling.csv,XSDString,False
scientific name error,ss,scientific_name,44,marine sediment metagenome,,"scientific_name should be marine sediment metagenome)

   ",/github/workspace/logsheets/filtered/sediment_sampling.csv,XSDString,False
scientific name error,ss,scientific_name,45,metagenome,,"scientific_name should be metagenome)

   ",/github/workspace/logsheets/filtered/sediment_sampling.csv,XSDString,False
scientific name error,ws,scientific_name,1,marine plankton metagenome,,"scientific_name should be marine plankton metagenome)

   ",/github/workspace/logsheets/filtered/water_sampling.csv,XSDString,False
scientific name error,ws,scientific_name,2,marine plankton metagenome,,"scientific_name should be marine plankton metagenome)

   ",/github/workspace/logsheets/filtered/water_sampling.csv,XSDString,False
scientific name error,ws,scientific_name,3,marine plankton metagenome,,"scientific_name should be marine plankton metagenome)

   ",/github/workspace/logsheets/filtered/water_sampling.csv,XSDString,False
scientific name error,ws,scientific_name,4,marine plankton metagenome,,"scientific_name should be marine plankton metagenome)

   ",/github/workspace/logsheets/filtered/water_sampling.csv,XSDString,False
scientific name error,ws,scientific_name,5,marine plankton metagenome,,"scientific_name should be marine plankton metagenome)

   ",/github/workspace/logsheets/filtered/water_sampling.csv,XSDString,False
scientific name error,ws,scientific_name,6,marine plankton metagenome,,"scientific_name should be marine plankton metagenome)

   ",/github/workspace/logsheets/filtered/water_sampling.csv,XSDString,False
scientific name error,ws,scientific_name,7,marine plankton metagenome,,"scientific_name should be marine plankton metagenome)

   ",/github/workspace/logsheets/filtered/water_sampling.csv,XSDString,False
scientific name error,ws,scientific_name,8,marine plankton metagenome,,"scientific_name should be marine plankton metagenome)

   ",/github/workspace/logsheets/filtered/water_sampling.csv,XSDString,False
scientific name error,ws,scientific_name,9,metagenome,,"scientific_name should be metagenome)

   ",/github/workspace/logsheets/filtered/water_sampling.csv,XSDString,False
scientific name error,ws,scientific_name,10,metagenome,,"scientific_name should be metagenome)

   ",/github/workspace/logsheets/filtered/water_sampling.csv,XSDString,False
scientific name error,ws,scientific_name,11,marine plankton metagenome,,"scientific_name should be marine plankton metagenome)

   ",/github/workspace/logsheets/filtered/water_sampling.csv,XSDString,False
scientific name error,ws,scientific_name,12,marine plankton metagenome,,"scientific_name should be marine plankton metagenome)

   ",/github/workspace/logsheets/filtered/water_sampling.csv,XSDString,False
scientific name error,ws,scientific_name,13,marine plankton metagenome,,"scientific_name should be marine plankton metagenome)

   ",/github/workspace/logsheets/filtered/water_sampling.csv,XSDString,False
scientific name error,ws,scientific_name,14,marine plankton metagenome,,"scientific_name should be marine plankton metagenome)

   ",/github/workspace/logsheets/filtered/water_sampling.csv,XSDString,False
scientific name error,ws,scientific_name,15,marine plankton metagenome,,"scientific_name should be marine plankton metagenome)

   ",/github/workspace/logsheets/filtered/water_sampling.csv,XSDString,False
scientific name error,ws,scientific_name,16,marine plankton metagenome,,"scientific_name should be marine plankton metagenome)

   ",/github/workspace/logsheets/filtered/water_sampling.csv,XSDString,False
scientific name error,ws,scientific_name,17,marine plankton metagenome,,"scientific_name should be marine plankton metagenome)

   ",/github/workspace/logsheets/filtered/water_sampling.csv,XSDString,False
scientific name error,ws,scientific_name,18,marine plankton metagenome,,"scientific_name should be marine plankton metagenome)

   ",/github/workspace/logsheets/filtered/water_sampling.csv,XSDString,False
scientific name error,ws,scientific_name,19,metagenome,,"scientific_name should be metagenome)

   ",/github/workspace/logsheets/filtered/water_sampling.csv,XSDString,False
scientific name error,ws,scientific_name,20,metagenome,,"scientific_name should be metagenome)

   ",/github/workspace/logsheets/filtered/water_sampling.csv,XSDString,False
scientific name error,ws,scientific_name,21,marine plankton metagenome,,"scientific_name should be marine plankton metagenome)

   ",/github/workspace/logsheets/filtered/water_sampling.csv,XSDString,False
scientific name error,ws,scientific_name,22,marine plankton metagenome,,"scientific_name should be marine plankton metagenome)

   ",/github/workspace/logsheets/filtered/water_sampling.csv,XSDString,False
scientific name error,ws,scientific_name,23,marine plankton metagenome,,"scientific_name should be marine plankton metagenome)

   ",/github/workspace/logsheets/filtered/water_sampling.csv,XSDString,False
scientific name error,ws,scientific_name,24,marine plankton metagenome,,"scientific_name should be marine plankton metagenome)

   ",/github/workspace/logsheets/filtered/water_sampling.csv,XSDString,False
scientific name error,ws,scientific_name,25,marine plankton metagenome,,"scientific_name should be marine plankton metagenome)

   ",/github/workspace/logsheets/filtered/water_sampling.csv,XSDString,False
scientific name error,ws,scientific_name,26,marine plankton metagenome,,"scientific_name should be marine plankton metagenome)

   ",/github/workspace/logsheets/filtered/water_sampling.csv,XSDString,False
scientific name error,ws,scientific_name,27,marine plankton metagenome,,"scientific_name should be marine plankton metagenome)

   ",/github/workspace/logsheets/filtered/water_sampling.csv,XSDString,False
scientific name error,ws,scientific_name,28,marine plankton metagenome,,"scientific_name should be marine plankton metagenome)

   ",/github/workspace/logsheets/filtered/water_sampling.csv,XSDString,False
scientific name error,ws,scientific_name,29,metagenome,,"scientific_name should be metagenome)

   ",/github/workspace/logsheets/filtered/water_sampling.csv,XSDString,False
scientific name error,ws,scientific_name,30,metagenome,,"scientific_name should be metagenome)

   ",/github/workspace/logsheets/filtered/water_sampling.csv,XSDString,False
scientific name error,ws,scientific_name,31,marine plankton metagenome,,"scientific_name should be marine plankton metagenome)

   ",/github/workspace/logsheets/filtered/water_sampling.csv,XSDString,False
scientific name error,ws,scientific_name,32,marine plankton metagenome,,"scientific_name should be marine plankton metagenome)

   ",/github/workspace/logsheets/filtered/water_sampling.csv,XSDString,False
scientific name error,ws,scientific_name,33,marine plankton metagenome,,"scientific_name should be marine plankton metagenome)

   ",/github/workspace/logsheets/filtered/water_sampling.csv,XSDString,False
scientific name error,ws,scientific_name,34,marine plankton metagenome,,"scientific_name should be marine plankton metagenome)

   ",/github/workspace/logsheets/filtered/water_sampling.csv,XSDString,False
scientific name error,ws,scientific_name,35,marine plankton metagenome,,"scientific_name should be marine plankton metagenome)

   ",/github/workspace/logsheets/filtered/water_sampling.csv,XSDString,False
scientific name error,ws,scientific_name,36,marine plankton metagenome,,"scientific_name should be marine plankton metagenome)

   ",/github/workspace/logsheets/filtered/water_sampling.csv,XSDString,False
scientific name error,ws,scientific_name,37,marine plankton metagenome,,"scientific_name should be marine plankton metagenome)

   ",/github/workspace/logsheets/filtered/water_sampling.csv,XSDString,False
scientific name error,ws,scientific_name,38,marine plankton metagenome,,"scientific_name should be marine plankton metagenome)

   ",/github/workspace/logsheets/filtered/water_sampling.csv,XSDString,False
scientific name error,ws,scientific_name,39,metagenome,,"scientific_name should be metagenome)

   ",/github/workspace/logsheets/filtered/water_sampling.csv,XSDString,False
scientific name error,ws,scientific_name,40,metagenome,,"scientific_name should be metagenome)

   ",/github/workspace/logsheets/filtered/water_sampling.csv,XSDString,False
scientific name error,ws,scientific_name,41,marine plankton metagenome,,"scientific_name should be marine plankton metagenome)

   ",/github/workspace/logsheets/filtered/water_sampling.csv,XSDString,False
scientific name error,ws,scientific_name,42,marine plankton metagenome,,"scientific_name should be marine plankton metagenome)

   ",/github/workspace/logsheets/filtered/water_sampling.csv,XSDString,False
scientific name error,ws,scientific_name,43,marine plankton metagenome,,"scientific_name should be marine plankton metagenome)

   ",/github/workspace/logsheets/filtered/water_sampling.csv,XSDString,False
scientific name error,ws,scientific_name,44,marine plankton metagenome,,"scientific_name should be marine plankton metagenome)

   ",/github/workspace/logsheets/filtered/water_sampling.csv,XSDString,False
scientific name error,ws,scientific_name,45,marine plankton metagenome,,"scientific_name should be marine plankton metagenome)

   ",/github/workspace/logsheets/filtered/water_sampling.csv,XSDString,False
scientific name error,ws,scientific_name,46,marine plankton metagenome,,"scientific_name should be marine plankton metagenome)

   ",/github/workspace/logsheets/filtered/water_sampling.csv,XSDString,False
scientific name error,ws,scientific_name,47,marine plankton metagenome,,"scientific_name should be marine plankton metagenome)

   ",/github/workspace/logsheets/filtered/water_sampling.csv,XSDString,False
scientific name error,ws,scientific_name,48,marine plankton metagenome,,"scientific_name should be marine plankton metagenome)

   ",/github/workspace/logsheets/filtered/water_sampling.csv,XSDString,False
scientific name error,ws,scientific_name,49,metagenome,,"scientific_name should be metagenome)

   ",/github/workspace/logsheets/filtered/water_sampling.csv,XSDString,False
scientific name error,ws,scientific_name,50,metagenome,,"scientific_name should be metagenome)

   ",/github/workspace/logsheets/filtered/water_sampling.csv,XSDString,False
scientific name error,ws,scientific_name,51,marine plankton metagenome,,"scientific_name should be marine plankton metagenome)

   ",/github/workspace/logsheets/filtered/water_sampling.csv,XSDString,False
scientific name error,ws,scientific_name,52,marine plankton metagenome,,"scientific_name should be marine plankton metagenome)

   ",/github/workspace/logsheets/filtered/water_sampling.csv,XSDString,False
scientific name error,ws,scientific_name,53,marine plankton metagenome,,"scientific_name should be marine plankton metagenome)

   ",/github/workspace/logsheets/filtered/water_sampling.csv,XSDString,False
scientific name error,ws,scientific_name,54,marine plankton metagenome,,"scientific_name should be marine plankton metagenome)

   ",/github/workspace/logsheets/filtered/water_sampling.csv,XSDString,False
scientific name error,ws,scientific_name,55,marine plankton metagenome,,"scientific_name should be marine plankton metagenome)

   ",/github/workspace/logsheets/filtered/water_sampling.csv,XSDString,False
scientific name error,ws,scientific_name,56,marine plankton metagenome,,"scientific_name should be marine plankton metagenome)

   ",/github/workspace/logsheets/filtered/water_sampling.csv,XSDString,False
scientific name error,ws,scientific_name,57,marine plankton metagenome,,"scientific_name should be marine plankton metagenome)

   ",/github/workspace/logsheets/filtered/water_sampling.csv,XSDString,False
scientific name error,ws,scientific_name,58,marine plankton metagenome,,"scientific_name should be marine plankton metagenome)

   ",/github/workspace/logsheets/filtered/water_sampling.csv,XSDString,False
scientific name error,ws,scientific_name,59,metagenome,,"scientific_name should be metagenome)

   ",/github/workspace/logsheets/filtered/water_sampling.csv,XSDString,False
scientific name error,ws,scientific_name,60,metagenome,,"scientific_name should be metagenome)

   ",/github/workspace/logsheets/filtered/water_sampling.csv,XSDString,False
scientific name error,ws,scientific_name,61,marine plankton metagenome,,"scientific_name should be marine plankton metagenome)

   ",/github/workspace/logsheets/filtered/water_sampling.csv,XSDString,False
scientific name error,ws,scientific_name,62,marine plankton metagenome,,"scientific_name should be marine plankton metagenome)

   ",/github/workspace/logsheets/filtered/water_sampling.csv,XSDString,False
scientific name error,ws,scientific_name,63,marine plankton metagenome,,"scientific_name should be marine plankton metagenome)

   ",/github/workspace/logsheets/filtered/water_sampling.csv,XSDString,False
scientific name error,ws,scientific_name,64,marine plankton metagenome,,"scientific_name should be marine plankton metagenome)

   ",/github/workspace/logsheets/filtered/water_sampling.csv,XSDString,False
scientific name error,ws,scientific_name,65,marine plankton metagenome,,"scientific_name should be marine plankton metagenome)

   ",/github/workspace/logsheets/filtered/water_sampling.csv,XSDString,False
scientific name error,ws,scientific_name,66,marine plankton metagenome,,"scientific_name should be marine plankton metagenome)

   ",/github/workspace/logsheets/filtered/water_sampling.csv,XSDString,False
scientific name error,ws,scientific_name,67,marine plankton metagenome,,"scientific_name should be marine plankton metagenome)

   ",/github/workspace/logsheets/filtered/water_sampling.csv,XSDString,False
scientific name error,ws,scientific_name,68,marine plankton metagenome,,"scientific_name should be marine plankton metagenome)

   ",/github/workspace/logsheets/filtered/water_sampling.csv,XSDString,False
scientific name error,ws,scientific_name,69,metagenome,,"scientific_name should be metagenome)

   ",/github/workspace/logsheets/filtered/water_sampling.csv,XSDString,False
scientific name error,ws,scientific_name,70,metagenome,,"scientific_name should be metagenome)

   ",/github/workspace/logsheets/filtered/water_sampling.csv,XSDString,False
scientific name error,ws,scientific_name,71,marine plankton metagenome,,"scientific_name should be marine plankton metagenome)

   ",/github/workspace/logsheets/filtered/water_sampling.csv,XSDString,False
scientific name error,ws,scientific_name,72,marine plankton metagenome,,"scientific_name should be marine plankton metagenome)

   ",/github/workspace/logsheets/filtered/water_sampling.csv,XSDString,False
scientific name error,ws,scientific_name,73,marine plankton metagenome,,"scientific_name should be marine plankton metagenome)

   ",/github/workspace/logsheets/filtered/water_sampling.csv,XSDString,False
scientific name error,ws,scientific_name,74,marine plankton metagenome,,"scientific_name should be marine plankton metagenome)

   ",/github/workspace/logsheets/filtered/water_sampling.csv,XSDString,False
scientific name error,ws,scientific_name,75,marine plankton metagenome,,"scientific_name should be marine plankton metagenome)

   ",/github/workspace/logsheets/filtered/water_sampling.csv,XSDString,False
scientific name error,ws,scientific_name,76,marine plankton metagenome,,"scientific_name should be marine plankton metagenome)

   ",/github/workspace/logsheets/filtered/water_sampling.csv,XSDString,False
scientific name error,ws,scientific_name,77,marine plankton metagenome,,"scientific_name should be marine plankton metagenome)

   ",/github/workspace/logsheets/filtered/water_sampling.csv,XSDString,False
scientific name error,ws,scientific_name,78,marine plankton metagenome,,"scientific_name should be marine plankton metagenome)

   ",/github/workspace/logsheets/filtered/water_sampling.csv,XSDString,False
scientific name error,ws,scientific_name,79,metagenome,,"scientific_name should be metagenome)

   ",/github/workspace/logsheets/filtered/water_sampling.csv,XSDString,False
scientific name error,ws,scientific_name,80,metagenome,,"scientific_name should be metagenome)

   ",/github/workspace/logsheets/filtered/water_sampling.csv,XSDString,False
scientific name error,ws,scientific_name,81,marine plankton metagenome,,"scientific_name should be marine plankton metagenome)

   ",/github/workspace/logsheets/filtered/water_sampling.csv,XSDString,False
scientific name error,ws,scientific_name,82,marine plankton metagenome,,"scientific_name should be marine plankton metagenome)

   ",/github/workspace/logsheets/filtered/water_sampling.csv,XSDString,False
scientific name error,ws,scientific_name,83,marine plankton metagenome,,"scientific_name should be marine plankton metagenome)

   ",/github/workspace/logsheets/filtered/water_sampling.csv,XSDString,False
scientific name error,ws,scientific_name,84,marine plankton metagenome,,"scientific_name should be marine plankton metagenome)

   ",/github/workspace/logsheets/filtered/water_sampling.csv,XSDString,False
scientific name error,ws,scientific_name,85,marine plankton metagenome,,"scientific_name should be marine plankton metagenome)

   ",/github/workspace/logsheets/filtered/water_sampling.csv,XSDString,False
scientific name error,ws,scientific_name,86,marine plankton metagenome,,"scientific_name should be marine plankton metagenome)

   ",/github/workspace/logsheets/filtered/water_sampling.csv,XSDString,False
scientific name error,ws,scientific_name,87,marine plankton metagenome,,"scientific_name should be marine plankton metagenome)

   ",/github/workspace/logsheets/filtered/water_sampling.csv,XSDString,False
scientific name error,ws,scientific_name,88,marine plankton metagenome,,"scientific_name should be marine plankton metagenome)

   ",/github/workspace/logsheets/filtered/water_sampling.csv,XSDString,False
scientific name error,ws,scientific_name,89,metagenome,,"scientific_name should be metagenome)

   ",/github/workspace/logsheets/filtered/water_sampling.csv,XSDString,False
scientific name error,ws,scientific_name,90,metagenome,,"scientific_name should be metagenome)

   ",/github/workspace/logsheets/filtered/water_sampling.csv,XSDString,False
membership violation,ss,comm_samp,126,,,"comm_samp must be in ['micro', 'meio', 'macro', 'blank']",/github/workspace/logsheets/filtered/sediment_sampling.csv,XSDString,False
membership violation,ss,comm_samp,127,,,"comm_samp must be in ['micro', 'meio', 'macro', 'blank']",/github/workspace/logsheets/filtered/sediment_sampling.csv,XSDString,False
membership violation,ss,comm_samp,128,,,"comm_samp must be in ['micro', 'meio', 'macro', 'blank']",/github/workspace/logsheets/filtered/sediment_sampling.csv,XSDString,False
membership violation,ss,comm_samp,129,,,"comm_samp must be in ['micro', 'meio', 'macro', 'blank']",/github/workspace/logsheets/filtered/sediment_sampling.csv,XSDString,False
membership violation,ss,comm_samp,130,,,"comm_samp must be in ['micro', 'meio', 'macro', 'blank']",/github/workspace/logsheets/filtered/sediment_sampling.csv,XSDString,False
missing value,sm,ph,5,,,,/github/workspace/logsheets/filtered/sediment_measured.csv,XSDDouble,False
missing value,sm,ph,10,,,,/github/workspace/logsheets/filtered/sediment_measured.csv,XSDDouble,False
missing value,sm,ph,15,,,,/github/workspace/logsheets/filtered/sediment_measured.csv,XSDDouble,False
missing value,sm,ph,20,,,,/github/workspace/logsheets/filtered/sediment_measured.csv,XSDDouble,False
missing value,sm,ph,25,,,,/github/workspace/logsheets/filtered/sediment_measured.csv,XSDDouble,False
missing value,sm,ph,26,,,,/github/workspace/logsheets/filtered/sediment_measured.csv,XSDDouble,False
missing value,sm,ph,27,,,,/github/workspace/logsheets/filtered/sediment_measured.csv,XSDDouble,False
missing value,sm,ph,28,,,,/github/workspace/logsheets/filtered/sediment_measured.csv,XSDDouble,False
missing value,sm,ph,29,,,,/github/workspace/logsheets/filtered/sediment_measured.csv,XSDDouble,False
missing value,sm,ph,30,,,,/github/workspace/logsheets/filtered/sediment_measured.csv,XSDDouble,False
missing value,sm,ph,35,,,,/github/workspace/logsheets/filtered/sediment_measured.csv,XSDDouble,False
missing value,sm,ph,40,,,,/github/workspace/logsheets/filtered/sediment_measured.csv,XSDDouble,False
missing value,sm,ph,45,,,,/github/workspace/logsheets/filtered/sediment_measured.csv,XSDDouble,False
missing value,sm,ph_method,5,,,,/github/workspace/logsheets/filtered/sediment_measured.csv,XSDString,False
missing value,sm,ph_method,10,,,,/github/workspace/logsheets/filtered/sediment_measured.csv,XSDString,False
missing value,sm,ph_method,15,,,,/github/workspace/logsheets/filtered/sediment_measured.csv,XSDString,False
missing value,sm,ph_method,20,,,,/github/workspace/logsheets/filtered/sediment_measured.csv,XSDString,False
missing value,sm,ph_method,25,,,,/github/workspace/logsheets/filtered/sediment_measured.csv,XSDString,False
missing value,sm,ph_method,30,,,,/github/workspace/logsheets/filtered/sediment_measured.csv,XSDString,False
missing value,sm,ph_method,35,,,,/github/workspace/logsheets/filtered/sediment_measured.csv,XSDString,False
missing value,sm,ph_method,40,,,,/github/workspace/logsheets/filtered/sediment_measured.csv,XSDString,False
missing value,sm,ph_method,45,,,,/github/workspace/logsheets/filtered/sediment_measured.csv,XSDString,False
missing value,sm,redox_potential,5,,,,/github/workspace/logsheets/filtered/sediment_measured.csv,XSDDouble,False
missing value,sm,redox_potential,10,,,,/github/workspace/logsheets/filtered/sediment_measured.csv,XSDDouble,False
missing value,sm,redox_potential,15,,,,/github/workspace/logsheets/filtered/sediment_measured.csv,XSDDouble,False
missing value,sm,redox_potential,20,,,,/github/workspace/logsheets/filtered/sediment_measured.csv,XSDDouble,False
missing value,sm,redox_potential,25,,,,/github/workspace/logsheets/filtered/sediment_measured.csv,XSDDouble,False
missing value,sm,redox_potential,26,,,,/github/workspace/logsheets/filtered/sediment_measured.csv,XSDDouble,False
missing value,sm,redox_potential,27,,,,/github/workspace/logsheets/filtered/sediment_measured.csv,XSDDouble,False
missing value,sm,redox_potential,28,,,,/github/workspace/logsheets/filtered/sediment_measured.csv,XSDDouble,False
missing value,sm,redox_potential,29,,,,/github/workspace/logsheets/filtered/sediment_measured.csv,XSDDouble,False
missing value,sm,redox_potential,30,,,,/github/workspace/logsheets/filtered/sediment_measured.csv,XSDDouble,False
missing value,sm,redox_potential,35,,,,/github/workspace/logsheets/filtered/sediment_measured.csv,XSDDouble,False
missing value,sm,redox_potential,40,,,,/github/workspace/logsheets/filtered/sediment_measured.csv,XSDDouble,False
missing value,sm,redox_potential,45,,,,/github/workspace/logsheets/filtered/sediment_measured.csv,XSDDouble,False
missing value,sm,sea_surf_temp,5,,,,/github/workspace/logsheets/filtered/sediment_measured.csv,XSDDouble,False
missing value,sm,sea_surf_temp,10,,,,/github/workspace/logsheets/filtered/sediment_measured.csv,XSDDouble,False
missing value,sm,sea_surf_temp,15,,,,/github/workspace/logsheets/filtered/sediment_measured.csv,XSDDouble,False
missing value,sm,sea_surf_temp,20,,,,/github/workspace/logsheets/filtered/sediment_measured.csv,XSDDouble,False
missing value,sm,sea_surf_temp,25,,,,/github/workspace/logsheets/filtered/sediment_measured.csv,XSDDouble,False
missing value,sm,sea_surf_temp,30,,,,/github/workspace/logsheets/filtered/sediment_measured.csv,XSDDouble,False
missing value,sm,sea_surf_temp,35,,,,/github/workspace/logsheets/filtered/sediment_measured.csv,XSDDouble,False
missing value,sm,sea_surf_temp,40,,,,/github/workspace/logsheets/filtered/sediment_measured.csv,XSDDouble,False
missing value,sm,sea_surf_temp,45,,,,/github/workspace/logsheets/filtered/sediment_measured.csv,XSDDouble,False
missing value,sm,sea_surf_temp_method,5,,,,/github/workspace/logsheets/filtered/sediment_measured.csv,XSDString,False
missing value,sm,sea_surf_temp_method,10,,,,/github/workspace/logsheets/filtered/sediment_measured.csv,XSDString,False
missing value,sm,sea_surf_temp_method,15,,,,/github/workspace/logsheets/filtered/sediment_measured.csv,XSDString,False
missing value,sm,sea_surf_temp_method,20,,,,/github/workspace/logsheets/filtered/sediment_measured.csv,XSDString,False
missing value,sm,sea_surf_temp_method,25,,,,/github/workspace/logsheets/filtered/sediment_measured.csv,XSDString,False
missing value,sm,sea_surf_temp_method,30,,,,/github/workspace/logsheets/filtered/sediment_measured.csv,XSDString,False
missing value,sm,sea_surf_temp_method,35,,,,/github/workspace/logsheets/filtered/sediment_measured.csv,XSDString,False
missing value,sm,sea_surf_temp_method,40,,,,/github/workspace/logsheets/filtered/sediment_measured.csv,XSDString,False
missing value,sm,sea_surf_temp_method,45,,,,/github/workspace/logsheets/filtered/sediment_measured.csv,XSDString,False
missing value,sm,sediment_temp,5,,,,/github/workspace/logsheets/filtered/sediment_measured.csv,XSDDouble,False
missing value,sm,sediment_temp,10,,,,/github/workspace/logsheets/filtered/sediment_measured.csv,XSDDouble,False
missing value,sm,sediment_temp,15,,,,/github/workspace/logsheets/filtered/sediment_measured.csv,XSDDouble,False
missing value,sm,sediment_temp,20,,,,/github/workspace/logsheets/filtered/sediment_measured.csv,XSDDouble,False
missing value,sm,sediment_temp,25,,,,/github/workspace/logsheets/filtered/sediment_measured.csv,XSDDouble,False
missing value,sm,sediment_temp,30,,,,/github/workspace/logsheets/filtered/sediment_measured.csv,XSDDouble,False
missing value,sm,sediment_temp,35,,,,/github/workspace/logsheets/filtered/sediment_measured.csv,XSDDouble,False
missing value,sm,sediment_temp,40,,,,/github/workspace/logsheets/filtered/sediment_measured.csv,XSDDouble,False
missing value,sm,sediment_temp,45,,,,/github/workspace/logsheets/filtered/sediment_measured.csv,XSDDouble,False
missing value,sm,sediment_temp_method,5,,,,/github/workspace/logsheets/filtered/sediment_measured.csv,XSDString,False
missing value,sm,sediment_temp_method,10,,,,/github/workspace/logsheets/filtered/sediment_measured.csv,XSDString,False
missing value,sm,sediment_temp_method,15,,,,/github/workspace/logsheets/filtered/sediment_measured.csv,XSDString,False
missing value,sm,sediment_temp_method,20,,,,/github/workspace/logsheets/filtered/sediment_measured.csv,XSDString,False
missing value,sm,sediment_temp_method,25,,,,/github/workspace/logsheets/filtered/sediment_measured.csv,XSDString,False
missing value,sm,sediment_temp_method,30,,,,/github/workspace/logsheets/filtered/sediment_measured.csv,XSDString,False
missing value,sm,sediment_temp_method,35,,,,/github/workspace/logsheets/filtered/sediment_measured.csv,XSDString,False
missing value,sm,sediment_temp_method,40,,,,/github/workspace/logsheets/filtered/sediment_measured.csv,XSDString,False
missing value,sm,sediment_temp_method,45,,,,/github/workspace/logsheets/filtered/sediment_measured.csv,XSDString,False
datatype mismatch,so,contact_orcid,1,0000-0001-8164-581X,https://orcid.org/0000-0001-8164-581X,,/github/workspace/logsheets/filtered/sediment_observatory.csv,XSDAnyURI,True
datatype mismatch,so,loc_broad_ocean_mrgid,1,1902,http://marineregions.org/mrgid/1902,,/github/workspace/logsheets/filtered/sediment_observatory.csv,XSDAnyURI,False
datatype mismatch,so,loc_loc_mrgid,1,29473,http://marineregions.org/mrgid/29473,,/github/workspace/logsheets/filtered/sediment_observatory.csv,XSDAnyURI,False
datatype mismatch,so,loc_regional_mrgid,1,1912,http://marineregions.org/mrgid/1912,,/github/workspace/logsheets/filtered/sediment_observatory.csv,XSDAnyURI,False
datatype mismatch,so,ENA_accession_number_project,1,PRJEB51661,https://identifiers.org/ena.embl:PRJEB51661,,/github/workspace/logsheets/filtered/sediment_observatory.csv,XSDAnyURI,False
datatype mismatch,so,ENA_accession_number_umbrella,1,PRJEB51688,https://identifiers.org/ena.embl:PRJEB51688,,/github/workspace/logsheets/filtered/sediment_observatory.csv,XSDAnyURI,False
datatype mismatch,ss,ENA_accession_number_sample,1,ERS20535377,https://identifiers.org/ena.embl:ERS20535377,,/github/workspace/logsheets/filtered/sediment_sampling.csv,XSDAnyURI,False
datatype mismatch,ss,ENA_accession_number_sample,2,ERS20535378,https://identifiers.org/ena.embl:ERS20535378,,/github/workspace/logsheets/filtered/sediment_sampling.csv,XSDAnyURI,False
missing value,ss,ENA_accession_number_sample,3,,,,/github/workspace/logsheets/filtered/sediment_sampling.csv,XSDAnyURI,False
missing value,ss,ENA_accession_number_sample,4,,,,/github/workspace/logsheets/filtered/sediment_sampling.csv,XSDAnyURI,False
missing value,ss,ENA_accession_number_sample,5,,,,/github/workspace/logsheets/filtered/sediment_sampling.csv,XSDAnyURI,False
datatype mismatch,ss,ENA_accession_number_sample,6,ERS20535379,https://identifiers.org/ena.embl:ERS20535379,,/github/workspace/logsheets/filtered/sediment_sampling.csv,XSDAnyURI,False
datatype mismatch,ss,ENA_accession_number_sample,7,ERS20535380,https://identifiers.org/ena.embl:ERS20535380,,/github/workspace/logsheets/filtered/sediment_sampling.csv,XSDAnyURI,False
missing value,ss,ENA_accession_number_sample,8,,,,/github/workspace/logsheets/filtered/sediment_sampling.csv,XSDAnyURI,False
missing value,ss,ENA_accession_number_sample,9,,,,/github/workspace/logsheets/filtered/sediment_sampling.csv,XSDAnyURI,False
missing value,ss,ENA_accession_number_sample,10,,,,/github/workspace/logsheets/filtered/sediment_sampling.csv,XSDAnyURI,False
datatype mismatch,ss,ENA_accession_number_sample,11,ERS20535381,https://identifiers.org/ena.embl:ERS20535381,,/github/workspace/logsheets/filtered/sediment_sampling.csv,XSDAnyURI,False
datatype mismatch,ss,ENA_accession_number_sample,12,ERS20535382,https://identifiers.org/ena.embl:ERS20535382,,/github/workspace/logsheets/filtered/sediment_sampling.csv,XSDAnyURI,False
missing value,ss,ENA_accession_number_sample,13,,,,/github/workspace/logsheets/filtered/sediment_sampling.csv,XSDAnyURI,False
missing value,ss,ENA_accession_number_sample,14,,,,/github/workspace/logsheets/filtered/sediment_sampling.csv,XSDAnyURI,False
missing value,ss,ENA_accession_number_sample,15,,,,/github/workspace/logsheets/filtered/sediment_sampling.csv,XSDAnyURI,False
missing value,ss,ENA_accession_number_sample,16,,,,/github/workspace/logsheets/filtered/sediment_sampling.csv,XSDAnyURI,False
missing value,ss,ENA_accession_number_sample,17,,,,/github/workspace/logsheets/filtered/sediment_sampling.csv,XSDAnyURI,False
missing value,ss,ENA_accession_number_sample,18,,,,/github/workspace/logsheets/filtered/sediment_sampling.csv,XSDAnyURI,False
missing value,ss,ENA_accession_number_sample,19,,,,/github/workspace/logsheets/filtered/sediment_sampling.csv,XSDAnyURI,False
missing value,ss,ENA_accession_number_sample,20,,,,/github/workspace/logsheets/filtered/sediment_sampling.csv,XSDAnyURI,False
missing value,ss,ENA_accession_number_sample,21,,,,/github/workspace/logsheets/filtered/sediment_sampling.csv,XSDAnyURI,False
missing value,ss,ENA_accession_number_sample,22,,,,/github/workspace/logsheets/filtered/sediment_sampling.csv,XSDAnyURI,False
missing value,ss,ENA_accession_number_sample,23,,,,/github/workspace/logsheets/filtered/sediment_sampling.csv,XSDAnyURI,False
missing value,ss,ENA_accession_number_sample,24,,,,/github/workspace/logsheets/filtered/sediment_sampling.csv,XSDAnyURI,False
missing value,ss,ENA_accession_number_sample,25,,,,/github/workspace/logsheets/filtered/sediment_sampling.csv,XSDAnyURI,False
missing value,ss,ENA_accession_number_sample,26,,,,/github/workspace/logsheets/filtered/sediment_sampling.csv,XSDAnyURI,False
missing value,ss,ENA_accession_number_sample,27,,,,/github/workspace/logsheets/filtered/sediment_sampling.csv,XSDAnyURI,False
missing value,ss,ENA_accession_number_sample,28,,,,/github/workspace/logsheets/filtered/sediment_sampling.csv,XSDAnyURI,False
missing value,ss,ENA_accession_number_sample,29,,,,/github/workspace/logsheets/filtered/sediment_sampling.csv,XSDAnyURI,False
missing value,ss,ENA_accession_number_sample,30,,,,/github/workspace/logsheets/filtered/sediment_sampling.csv,XSDAnyURI,False
missing value,ss,ENA_accession_number_sample,31,,,,/github/workspace/logsheets/filtered/sediment_sampling.csv,XSDAnyURI,False
missing value,ss,ENA_accession_number_sample,32,,,,/github/workspace/logsheets/filtered/sediment_sampling.csv,XSDAnyURI,False
missing value,ss,ENA_accession_number_sample,33,,,,/github/workspace/logsheets/filtered/sediment_sampling.csv,XSDAnyURI,False
missing value,ss,ENA_accession_number_sample,34,,,,/github/workspace/logsheets/filtered/sediment_sampling.csv,XSDAnyURI,False
missing value,ss,ENA_accession_number_sample,35,,,,/github/workspace/logsheets/filtered/sediment_sampling.csv,XSDAnyURI,False
missing value,ss,ENA_accession_number_sample,36,,,,/github/workspace/logsheets/filtered/sediment_sampling.csv,XSDAnyURI,False
missing value,ss,ENA_accession_number_sample,37,,,,/github/workspace/logsheets/filtered/sediment_sampling.csv,XSDAnyURI,False
missing value,ss,ENA_accession_number_sample,38,,,,/github/workspace/logsheets/filtered/sediment_sampling.csv,XSDAnyURI,False
missing value,ss,ENA_accession_number_sample,39,,,,/github/workspace/logsheets/filtered/sediment_sampling.csv,XSDAnyURI,False
missing value,ss,ENA_accession_number_sample,40,,,,/github/workspace/logsheets/filtered/sediment_sampling.csv,XSDAnyURI,False
missing value,ss,ENA_accession_number_sample,41,,,,/github/workspace/logsheets/filtered/sediment_sampling.csv,XSDAnyURI,False
missing value,ss,ENA_accession_number_sample,42,,,,/github/workspace/logsheets/filtered/sediment_sampling.csv,XSDAnyURI,False
missing value,ss,ENA_accession_number_sample,43,,,,/github/workspace/logsheets/filtered/sediment_sampling.csv,XSDAnyURI,False
missing value,ss,ENA_accession_number_sample,44,,,,/github/workspace/logsheets/filtered/sediment_sampling.csv,XSDAnyURI,False
missing value,ss,ENA_accession_number_sample,45,,,,/github/workspace/logsheets/filtered/sediment_sampling.csv,XSDAnyURI,False
missing value,ss,ENA_accession_number_sample,126,,,,/github/workspace/logsheets/filtered/sediment_sampling.csv,XSDAnyURI,False
missing value,ss,ENA_accession_number_sample,127,,,,/github/workspace/logsheets/filtered/sediment_sampling.csv,XSDAnyURI,False
missing value,ss,ENA_accession_number_sample,128,,,,/github/workspace/logsheets/filtered/sediment_sampling.csv,XSDAnyURI,False
missing value,ss,ENA_accession_number_sample,129,,,,/github/workspace/logsheets/filtered/sediment_sampling.csv,XSDAnyURI,False
missing value,ss,ENA_accession_number_sample,130,,,,/github/workspace/logsheets/filtered/sediment_sampling.csv,XSDAnyURI,False
datatype mismatch,ss,arr_date_hq,1,2021-10-19 00:00:00,2021-10-19,,/github/workspace/logsheets/filtered/sediment_sampling.csv,XSDDate,False
datatype mismatch,ss,arr_date_hq,2,2021-10-19 00:00:00,2021-10-19,,/github/workspace/logsheets/filtered/sediment_sampling.csv,XSDDate,False
missing value,ss,arr_date_hq,3,,,,/github/workspace/logsheets/filtered/sediment_sampling.csv,XSDDate,False
missing value,ss,arr_date_hq,4,,,,/github/workspace/logsheets/filtered/sediment_sampling.csv,XSDDate,False
missing value,ss,arr_date_hq,5,,,,/github/workspace/logsheets/filtered/sediment_sampling.csv,XSDDate,False
datatype mismatch,ss,arr_date_hq,6,2022-02-02 00:00:00,2022-02-02,,/github/workspace/logsheets/filtered/sediment_sampling.csv,XSDDate,False
datatype mismatch,ss,arr_date_hq,7,2022-02-02 00:00:00,2022-02-02,,/github/workspace/logsheets/filtered/sediment_sampling.csv,XSDDate,False
missing value,ss,arr_date_hq,8,,,,/github/workspace/logsheets/filtered/sediment_sampling.csv,XSDDate,False
missing value,ss,arr_date_hq,9,,,,/github/workspace/logsheets/filtered/sediment_sampling.csv,XSDDate,False
missing value,ss,arr_date_hq,10,,,,/github/workspace/logsheets/filtered/sediment_sampling.csv,XSDDate,False
datatype mismatch,ss,arr_date_hq,11,2022-02-02 00:00:00,2022-02-02,,/github/workspace/logsheets/filtered/sediment_sampling.csv,XSDDate,False
datatype mismatch,ss,arr_date_hq,12,2022-02-02 00:00:00,2022-02-02,,/github/workspace/logsheets/filtered/sediment_sampling.csv,XSDDate,False
missing value,ss,arr_date_hq,13,,,,/github/workspace/logsheets/filtered/sediment_sampling.csv,XSDDate,False
missing value,ss,arr_date_hq,14,,,,/github/workspace/logsheets/filtered/sediment_sampling.csv,XSDDate,False
missing value,ss,arr_date_hq,15,,,,/github/workspace/logsheets/filtered/sediment_sampling.csv,XSDDate,False
datatype mismatch,ss,arr_date_hq,16,2022-10-26 00:00:00,2022-10-26,,/github/workspace/logsheets/filtered/sediment_sampling.csv,XSDDate,False
datatype mismatch,ss,arr_date_hq,17,2022-10-26 00:00:00,2022-10-26,,/github/workspace/logsheets/filtered/sediment_sampling.csv,XSDDate,False
missing value,ss,arr_date_hq,18,,,,/github/workspace/logsheets/filtered/sediment_sampling.csv,XSDDate,False
missing value,ss,arr_date_hq,19,,,,/github/workspace/logsheets/filtered/sediment_sampling.csv,XSDDate,False
missing value,ss,arr_date_hq,20,,,,/github/workspace/logsheets/filtered/sediment_sampling.csv,XSDDate,False
datatype mismatch,ss,arr_date_hq,21,2022-10-26 00:00:00,2022-10-26,,/github/workspace/logsheets/filtered/sediment_sampling.csv,XSDDate,False
datatype mismatch,ss,arr_date_hq,22,2022-10-26 00:00:00,2022-10-26,,/github/workspace/logsheets/filtered/sediment_sampling.csv,XSDDate,False
missing value,ss,arr_date_hq,23,,,,/github/workspace/logsheets/filtered/sediment_sampling.csv,XSDDate,False
missing value,ss,arr_date_hq,24,,,,/github/workspace/logsheets/filtered/sediment_sampling.csv,XSDDate,False
missing value,ss,arr_date_hq,25,,,,/github/workspace/logsheets/filtered/sediment_sampling.csv,XSDDate,False
datatype mismatch,ss,arr_date_hq,26,2022-10-26 00:00:00,2022-10-26,,/github/workspace/logsheets/filtered/sediment_sampling.csv,XSDDate,False
datatype mismatch,ss,arr_date_hq,27,2022-10-26 00:00:00,2022-10-26,,/github/workspace/logsheets/filtered/sediment_sampling.csv,XSDDate,False
missing value,ss,arr_date_hq,28,,,,/github/workspace/logsheets/filtered/sediment_sampling.csv,XSDDate,False
missing value,ss,arr_date_hq,29,,,,/github/workspace/logsheets/filtered/sediment_sampling.csv,XSDDate,False
missing value,ss,arr_date_hq,30,,,,/github/workspace/logsheets/filtered/sediment_sampling.csv,XSDDate,False
datatype mismatch,ss,arr_date_hq,31,2022-10-26 00:00:00,2022-10-26,,/github/workspace/logsheets/filtered/sediment_sampling.csv,XSDDate,False
datatype mismatch,ss,arr_date_hq,32,2022-10-26 00:00:00,2022-10-26,,/github/workspace/logsheets/filtered/sediment_sampling.csv,XSDDate,False
missing value,ss,arr_date_hq,33,,,,/github/workspace/logsheets/filtered/sediment_sampling.csv,XSDDate,False
missing value,ss,arr_date_hq,34,,,,/github/workspace/logsheets/filtered/sediment_sampling.csv,XSDDate,False
missing value,ss,arr_date_hq,35,,,,/github/workspace/logsheets/filtered/sediment_sampling.csv,XSDDate,False
datatype mismatch,ss,arr_date_hq,36,2023-07-03 00:00:00,2023-07-03,,/github/workspace/logsheets/filtered/sediment_sampling.csv,XSDDate,False
datatype mismatch,ss,arr_date_hq,37,2023-07-03 00:00:00,2023-07-03,,/github/workspace/logsheets/filtered/sediment_sampling.csv,XSDDate,False
missing value,ss,arr_date_hq,38,,,,/github/workspace/logsheets/filtered/sediment_sampling.csv,XSDDate,False
missing value,ss,arr_date_hq,39,,,,/github/workspace/logsheets/filtered/sediment_sampling.csv,XSDDate,False
missing value,ss,arr_date_hq,40,,,,/github/workspace/logsheets/filtered/sediment_sampling.csv,XSDDate,False
datatype mismatch,ss,arr_date_hq,41,2023-07-03 00:00:00,2023-07-03,,/github/workspace/logsheets/filtered/sediment_sampling.csv,XSDDate,False
datatype mismatch,ss,arr_date_hq,42,2023-07-03 00:00:00,2023-07-03,,/github/workspace/logsheets/filtered/sediment_sampling.csv,XSDDate,False
missing value,ss,arr_date_hq,43,,,,/github/workspace/logsheets/filtered/sediment_sampling.csv,XSDDate,False
missing value,ss,arr_date_hq,44,,,,/github/workspace/logsheets/filtered/sediment_sampling.csv,XSDDate,False
missing value,ss,arr_date_hq,45,,,,/github/workspace/logsheets/filtered/sediment_sampling.csv,XSDDate,False
missing value,ss,arr_date_hq,126,,,,/github/workspace/logsheets/filtered/sediment_sampling.csv,XSDDate,False
missing value,ss,arr_date_hq,127,,,,/github/workspace/logsheets/filtered/sediment_sampling.csv,XSDDate,False
missing value,ss,arr_date_hq,128,,,,/github/workspace/logsheets/filtered/sediment_sampling.csv,XSDDate,False
missing value,ss,arr_date_hq,129,,,,/github/workspace/logsheets/filtered/sediment_sampling.csv,XSDDate,False
missing value,ss,arr_date_hq,130,,,,/github/workspace/logsheets/filtered/sediment_sampling.csv,XSDDate,False
datatype mismatch,ss,arr_date_seq,1,2021-11-24 00:00:00,2021-11-24,,/github/workspace/logsheets/filtered/sediment_sampling.csv,XSDDate,False
datatype mismatch,ss,arr_date_seq,2,2021-11-24 00:00:00,2021-11-24,,/github/workspace/logsheets/filtered/sediment_sampling.csv,XSDDate,False
missing value,ss,arr_date_seq,3,,,,/github/workspace/logsheets/filtered/sediment_sampling.csv,XSDDate,False
missing value,ss,arr_date_seq,4,,,,/github/workspace/logsheets/filtered/sediment_sampling.csv,XSDDate,False
missing value,ss,arr_date_seq,5,,,,/github/workspace/logsheets/filtered/sediment_sampling.csv,XSDDate,False
datatype mismatch,ss,arr_date_seq,6,2022-02-23 00:00:00,2022-02-23,,/github/workspace/logsheets/filtered/sediment_sampling.csv,XSDDate,False
datatype mismatch,ss,arr_date_seq,7,2022-02-23 00:00:00,2022-02-23,,/github/workspace/logsheets/filtered/sediment_sampling.csv,XSDDate,False
missing value,ss,arr_date_seq,8,,,,/github/workspace/logsheets/filtered/sediment_sampling.csv,XSDDate,False
missing value,ss,arr_date_seq,9,,,,/github/workspace/logsheets/filtered/sediment_sampling.csv,XSDDate,False
missing value,ss,arr_date_seq,10,,,,/github/workspace/logsheets/filtered/sediment_sampling.csv,XSDDate,False
datatype mismatch,ss,arr_date_seq,11,2022-02-23 00:00:00,2022-02-23,,/github/workspace/logsheets/filtered/sediment_sampling.csv,XSDDate,False
datatype mismatch,ss,arr_date_seq,12,2022-02-23 00:00:00,2022-02-23,,/github/workspace/logsheets/filtered/sediment_sampling.csv,XSDDate,False
missing value,ss,arr_date_seq,13,,,,/github/workspace/logsheets/filtered/sediment_sampling.csv,XSDDate,False
missing value,ss,arr_date_seq,14,,,,/github/workspace/logsheets/filtered/sediment_sampling.csv,XSDDate,False
missing value,ss,arr_date_seq,15,,,,/github/workspace/logsheets/filtered/sediment_sampling.csv,XSDDate,False
datatype mismatch,ss,arr_date_seq,16,2023-06-01 00:00:00,2023-06-01,,/github/workspace/logsheets/filtered/sediment_sampling.csv,XSDDate,False
datatype mismatch,ss,arr_date_seq,17,2023-06-01 00:00:00,2023-06-01,,/github/workspace/logsheets/filtered/sediment_sampling.csv,XSDDate,False
missing value,ss,arr_date_seq,18,,,,/github/workspace/logsheets/filtered/sediment_sampling.csv,XSDDate,False
missing value,ss,arr_date_seq,19,,,,/github/workspace/logsheets/filtered/sediment_sampling.csv,XSDDate,False
missing value,ss,arr_date_seq,20,,,,/github/workspace/logsheets/filtered/sediment_sampling.csv,XSDDate,False
datatype mismatch,ss,arr_date_seq,21,2023-06-01 00:00:00,2023-06-01,,/github/workspace/logsheets/filtered/sediment_sampling.csv,XSDDate,False
datatype mismatch,ss,arr_date_seq,22,2023-06-01 00:00:00,2023-06-01,,/github/workspace/logsheets/filtered/sediment_sampling.csv,XSDDate,False
missing value,ss,arr_date_seq,23,,,,/github/workspace/logsheets/filtered/sediment_sampling.csv,XSDDate,False
missing value,ss,arr_date_seq,24,,,,/github/workspace/logsheets/filtered/sediment_sampling.csv,XSDDate,False
missing value,ss,arr_date_seq,25,,,,/github/workspace/logsheets/filtered/sediment_sampling.csv,XSDDate,False
datatype mismatch,ss,arr_date_seq,26,2023-06-01 00:00:00,2023-06-01,,/github/workspace/logsheets/filtered/sediment_sampling.csv,XSDDate,False
datatype mismatch,ss,arr_date_seq,27,2023-06-01 00:00:00,2023-06-01,,/github/workspace/logsheets/filtered/sediment_sampling.csv,XSDDate,False
missing value,ss,arr_date_seq,28,,,,/github/workspace/logsheets/filtered/sediment_sampling.csv,XSDDate,False
missing value,ss,arr_date_seq,29,,,,/github/workspace/logsheets/filtered/sediment_sampling.csv,XSDDate,False
missing value,ss,arr_date_seq,30,,,,/github/workspace/logsheets/filtered/sediment_sampling.csv,XSDDate,False
datatype mismatch,ss,arr_date_seq,31,2023-06-01 00:00:00,2023-06-01,,/github/workspace/logsheets/filtered/sediment_sampling.csv,XSDDate,False
datatype mismatch,ss,arr_date_seq,32,2023-06-01 00:00:00,2023-06-01,,/github/workspace/logsheets/filtered/sediment_sampling.csv,XSDDate,False
missing value,ss,arr_date_seq,33,,,,/github/workspace/logsheets/filtered/sediment_sampling.csv,XSDDate,False
missing value,ss,arr_date_seq,34,,,,/github/workspace/logsheets/filtered/sediment_sampling.csv,XSDDate,False
missing value,ss,arr_date_seq,35,,,,/github/workspace/logsheets/filtered/sediment_sampling.csv,XSDDate,False
datatype mismatch,ss,arr_date_seq,36,2024-04-18 00:00:00,2024-04-18,,/github/workspace/logsheets/filtered/sediment_sampling.csv,XSDDate,False
datatype mismatch,ss,arr_date_seq,37,2024-04-18 00:00:00,2024-04-18,,/github/workspace/logsheets/filtered/sediment_sampling.csv,XSDDate,False
missing value,ss,arr_date_seq,38,,,,/github/workspace/logsheets/filtered/sediment_sampling.csv,XSDDate,False
missing value,ss,arr_date_seq,39,,,,/github/workspace/logsheets/filtered/sediment_sampling.csv,XSDDate,False
missing value,ss,arr_date_seq,40,,,,/github/workspace/logsheets/filtered/sediment_sampling.csv,XSDDate,False
datatype mismatch,ss,arr_date_seq,41,2024-04-18 00:00:00,2024-04-18,,/github/workspace/logsheets/filtered/sediment_sampling.csv,XSDDate,False
datatype mismatch,ss,arr_date_seq,42,2024-04-18 00:00:00,2024-04-18,,/github/workspace/logsheets/filtered/sediment_sampling.csv,XSDDate,False
missing value,ss,arr_date_seq,43,,,,/github/workspace/logsheets/filtered/sediment_sampling.csv,XSDDate,False
missing value,ss,arr_date_seq,44,,,,/github/workspace/logsheets/filtered/sediment_sampling.csv,XSDDate,False
missing value,ss,arr_date_seq,45,,,,/github/workspace/logsheets/filtered/sediment_sampling.csv,XSDDate,False
missing value,ss,arr_date_seq,126,,,,/github/workspace/logsheets/filtered/sediment_sampling.csv,XSDDate,False
missing value,ss,arr_date_seq,127,,,,/github/workspace/logsheets/filtered/sediment_sampling.csv,XSDDate,False
missing value,ss,arr_date_seq,128,,,,/github/workspace/logsheets/filtered/sediment_sampling.csv,XSDDate,False
missing value,ss,arr_date_seq,129,,,,/github/workspace/logsheets/filtered/sediment_sampling.csv,XSDDate,False
missing value,ss,arr_date_seq,130,,,,/github/workspace/logsheets/filtered/sediment_sampling.csv,XSDDate,False
datatype mismatch,ss,collection_date,1,2021-08-05 00:00:00,2021-08-05,,/github/workspace/logsheets/filtered/sediment_sampling.csv,XSDDate,False
datatype mismatch,ss,collection_date,2,2021-08-05 00:00:00,2021-08-05,,/github/workspace/logsheets/filtered/sediment_sampling.csv,XSDDate,False
datatype mismatch,ss,collection_date,3,2021-08-05 00:00:00,2021-08-05,,/github/workspace/logsheets/filtered/sediment_sampling.csv,XSDDate,False
datatype mismatch,ss,collection_date,4,2021-08-05 00:00:00,2021-08-05,,/github/workspace/logsheets/filtered/sediment_sampling.csv,XSDDate,False
datatype mismatch,ss,collection_date,5,2021-08-05 00:00:00,2021-08-05,,/github/workspace/logsheets/filtered/sediment_sampling.csv,XSDDate,False
datatype mismatch,ss,collection_date,6,2021-10-22 00:00:00,2021-10-22,,/github/workspace/logsheets/filtered/sediment_sampling.csv,XSDDate,False
datatype mismatch,ss,collection_date,7,2021-10-22 00:00:00,2021-10-22,,/github/workspace/logsheets/filtered/sediment_sampling.csv,XSDDate,False
datatype mismatch,ss,collection_date,8,2021-10-22 00:00:00,2021-10-22,,/github/workspace/logsheets/filtered/sediment_sampling.csv,XSDDate,False
datatype mismatch,ss,collection_date,9,2021-10-22 00:00:00,2021-10-22,,/github/workspace/logsheets/filtered/sediment_sampling.csv,XSDDate,False
datatype mismatch,ss,collection_date,10,2021-10-22 00:00:00,2021-10-22,,/github/workspace/logsheets/filtered/sediment_sampling.csv,XSDDate,False
datatype mismatch,ss,collection_date,11,2021-12-20 00:00:00,2021-12-20,,/github/workspace/logsheets/filtered/sediment_sampling.csv,XSDDate,False
datatype mismatch,ss,collection_date,12,2021-12-20 00:00:00,2021-12-20,,/github/workspace/logsheets/filtered/sediment_sampling.csv,XSDDate,False
datatype mismatch,ss,collection_date,13,2021-12-20 00:00:00,2021-12-20,,/github/workspace/logsheets/filtered/sediment_sampling.csv,XSDDate,False
datatype mismatch,ss,collection_date,14,2021-12-20 00:00:00,2021-12-20,,/github/workspace/logsheets/filtered/sediment_sampling.csv,XSDDate,False
datatype mismatch,ss,collection_date,15,2021-12-20 00:00:00,2021-12-20,,/github/workspace/logsheets/filtered/sediment_sampling.csv,XSDDate,False
datatype mismatch,ss,collection_date,16,2022-02-24 00:00:00,2022-02-24,,/github/workspace/logsheets/filtered/sediment_sampling.csv,XSDDate,False
datatype mismatch,ss,collection_date,17,2022-02-24 00:00:00,2022-02-24,,/github/workspace/logsheets/filtered/sediment_sampling.csv,XSDDate,False
datatype mismatch,ss,collection_date,18,2022-02-24 00:00:00,2022-02-24,,/github/workspace/logsheets/filtered/sediment_sampling.csv,XSDDate,False
datatype mismatch,ss,collection_date,19,2022-02-24 00:00:00,2022-02-24,,/github/workspace/logsheets/filtered/sediment_sampling.csv,XSDDate,False
datatype mismatch,ss,collection_date,20,2022-02-24 00:00:00,2022-02-24,,/github/workspace/logsheets/filtered/sediment_sampling.csv,XSDDate,False
datatype mismatch,ss,collection_date,21,2022-04-28 00:00:00,2022-04-28,,/github/workspace/logsheets/filtered/sediment_sampling.csv,XSDDate,False
datatype mismatch,ss,collection_date,22,2022-04-28 00:00:00,2022-04-28,,/github/workspace/logsheets/filtered/sediment_sampling.csv,XSDDate,False
datatype mismatch,ss,collection_date,23,2022-04-28 00:00:00,2022-04-28,,/github/workspace/logsheets/filtered/sediment_sampling.csv,XSDDate,False
datatype mismatch,ss,collection_date,24,2022-04-28 00:00:00,2022-04-28,,/github/workspace/logsheets/filtered/sediment_sampling.csv,XSDDate,False
datatype mismatch,ss,collection_date,25,2022-04-28 00:00:00,2022-04-28,,/github/workspace/logsheets/filtered/sediment_sampling.csv,XSDDate,False
datatype mismatch,ss,collection_date,26,2022-06-29 00:00:00,2022-06-29,,/github/workspace/logsheets/filtered/sediment_sampling.csv,XSDDate,False
datatype mismatch,ss,collection_date,27,2022-06-29 00:00:00,2022-06-29,,/github/workspace/logsheets/filtered/sediment_sampling.csv,XSDDate,False
datatype mismatch,ss,collection_date,28,2022-06-29 00:00:00,2022-06-29,,/github/workspace/logsheets/filtered/sediment_sampling.csv,XSDDate,False
datatype mismatch,ss,collection_date,29,2022-06-29 00:00:00,2022-06-29,,/github/workspace/logsheets/filtered/sediment_sampling.csv,XSDDate,False
datatype mismatch,ss,collection_date,30,2022-06-29 00:00:00,2022-06-29,,/github/workspace/logsheets/filtered/sediment_sampling.csv,XSDDate,False
datatype mismatch,ss,collection_date,31,2022-09-09 00:00:00,2022-09-09,,/github/workspace/logsheets/filtered/sediment_sampling.csv,XSDDate,False
datatype mismatch,ss,collection_date,32,2022-09-09 00:00:00,2022-09-09,,/github/workspace/logsheets/filtered/sediment_sampling.csv,XSDDate,False
datatype mismatch,ss,collection_date,33,2022-09-09 00:00:00,2022-09-09,,/github/workspace/logsheets/filtered/sediment_sampling.csv,XSDDate,False
datatype mismatch,ss,collection_date,34,2022-09-09 00:00:00,2022-09-09,,/github/workspace/logsheets/filtered/sediment_sampling.csv,XSDDate,False
datatype mismatch,ss,collection_date,35,2022-09-09 00:00:00,2022-09-09,,/github/workspace/logsheets/filtered/sediment_sampling.csv,XSDDate,False
datatype mismatch,ss,collection_date,36,2022-10-21 00:00:00,2022-10-21,,/github/workspace/logsheets/filtered/sediment_sampling.csv,XSDDate,False
datatype mismatch,ss,collection_date,37,2022-10-21 00:00:00,2022-10-21,,/github/workspace/logsheets/filtered/sediment_sampling.csv,XSDDate,False
datatype mismatch,ss,collection_date,38,2022-10-21 00:00:00,2022-10-21,,/github/workspace/logsheets/filtered/sediment_sampling.csv,XSDDate,False
datatype mismatch,ss,collection_date,39,2022-10-21 00:00:00,2022-10-21,,/github/workspace/logsheets/filtered/sediment_sampling.csv,XSDDate,False
datatype mismatch,ss,collection_date,40,2022-10-21 00:00:00,2022-10-21,,/github/workspace/logsheets/filtered/sediment_sampling.csv,XSDDate,False
datatype mismatch,ss,collection_date,41,2022-12-16 00:00:00,2022-12-16,,/github/workspace/logsheets/filtered/sediment_sampling.csv,XSDDate,False
datatype mismatch,ss,collection_date,42,2022-12-16 00:00:00,2022-12-16,,/github/workspace/logsheets/filtered/sediment_sampling.csv,XSDDate,False
datatype mismatch,ss,collection_date,43,2022-12-16 00:00:00,2022-12-16,,/github/workspace/logsheets/filtered/sediment_sampling.csv,XSDDate,False
datatype mismatch,ss,collection_date,44,2022-12-16 00:00:00,2022-12-16,,/github/workspace/logsheets/filtered/sediment_sampling.csv,XSDDate,False
datatype mismatch,ss,collection_date,45,2022-12-16 00:00:00,2022-12-16,,/github/workspace/logsheets/filtered/sediment_sampling.csv,XSDDate,False
missing value,ss,collection_date,126,,,,/github/workspace/logsheets/filtered/sediment_sampling.csv,XSDDate,False
missing value,ss,collection_date,127,,,,/github/workspace/logsheets/filtered/sediment_sampling.csv,XSDDate,False
missing value,ss,collection_date,128,,,,/github/workspace/logsheets/filtered/sediment_sampling.csv,XSDDate,False
missing value,ss,collection_date,129,,,,/github/workspace/logsheets/filtered/sediment_sampling.csv,XSDDate,False
missing value,ss,collection_date,130,,,,/github/workspace/logsheets/filtered/sediment_sampling.csv,XSDDate,False
missing value,ss,depth,5,,,,/github/workspace/logsheets/filtered/sediment_sampling.csv,XSDString,False
missing value,ss,depth,10,,,,/github/workspace/logsheets/filtered/sediment_sampling.csv,XSDString,False
missing value,ss,depth,15,,,,/github/workspace/logsheets/filtered/sediment_sampling.csv,XSDString,False
missing value,ss,depth,20,,,,/github/workspace/logsheets/filtered/sediment_sampling.csv,XSDString,False
missing value,ss,depth,25,,,,/github/workspace/logsheets/filtered/sediment_sampling.csv,XSDString,False
missing value,ss,depth,30,,,,/github/workspace/logsheets/filtered/sediment_sampling.csv,XSDString,False
missing value,ss,depth,35,,,,/github/workspace/logsheets/filtered/sediment_sampling.csv,XSDString,False
missing value,ss,depth,40,,,,/github/workspace/logsheets/filtered/sediment_sampling.csv,XSDString,False
missing value,ss,depth,45,,,,/github/workspace/logsheets/filtered/sediment_sampling.csv,XSDString,False
missing value,ss,depth,126,,,,/github/workspace/logsheets/filtered/sediment_sampling.csv,XSDString,False
missing value,ss,depth,127,,,,/github/workspace/logsheets/filtered/sediment_sampling.csv,XSDString,False
missing value,ss,depth,128,,,,/github/workspace/logsheets/filtered/sediment_sampling.csv,XSDString,False
missing value,ss,depth,129,,,,/github/workspace/logsheets/filtered/sediment_sampling.csv,XSDString,False
missing value,ss,depth,130,,,,/github/workspace/logsheets/filtered/sediment_sampling.csv,XSDString,False
missing value,ss,env_material,5,,,,/github/workspace/logsheets/filtered/sediment_sampling.csv,EMOBONList,False
missing value,ss,env_material,10,,,,/github/workspace/logsheets/filtered/sediment_sampling.csv,EMOBONList,False
missing value,ss,env_material,15,,,,/github/workspace/logsheets/filtered/sediment_sampling.csv,EMOBONList,False
missing value,ss,env_material,20,,,,/github/workspace/logsheets/filtered/sediment_sampling.csv,EMOBONList,False
missing value,ss,env_material,25,,,,/github/workspace/logsheets/filtered/sediment_sampling.csv,EMOBONList,False
missing value,ss,env_material,30,,,,/github/workspace/logsheets/filtered/sediment_sampling.csv,EMOBONList,False
missing value,ss,env_material,35,,,,/github/workspace/logsheets/filtered/sediment_sampling.csv,EMOBONList,False
missing value,ss,env_material,40,,,,/github/workspace/logsheets/filtered/sediment_sampling.csv,EMOBONList,False
missing value,ss,env_material,45,,,,/github/workspace/logsheets/filtered/sediment_sampling.csv,EMOBONList,False
missing value,ss,env_material,126,,,,/github/workspace/logsheets/filtered/sediment_sampling.csv,EMOBONList,False
missing value,ss,env_material,127,,,,/github/workspace/logsheets/filtered/sediment_sampling.csv,EMOBONList,False
missing value,ss,env_material,128,,,,/github/workspace/logsheets/filtered/sediment_sampling.csv,EMOBONList,False
missing value,ss,env_material,129,,,,/github/workspace/logsheets/filtered/sediment_sampling.csv,EMOBONList,False
missing value,ss,env_material,130,,,,/github/workspace/logsheets/filtered/sediment_sampling.csv,EMOBONList,False
missing value,ss,investigation_type,126,,,,/github/workspace/logsheets/filtered/sediment_sampling.csv,XSDString,False
missing value,ss,investigation_type,127,,,,/github/workspace/logsheets/filtered/sediment_sampling.csv,XSDString,False
missing value,ss,investigation_type,128,,,,/github/workspace/logsheets/filtered/sediment_sampling.csv,XSDString,False
missing value,ss,investigation_type,129,,,,/github/workspace/logsheets/filtered/sediment_sampling.csv,XSDString,False
missing value,ss,investigation_type,130,,,,/github/workspace/logsheets/filtered/sediment_sampling.csv,XSDString,False
datatype mismatch,ss,long_store,1,N,false,,/github/workspace/logsheets/filtered/sediment_sampling.csv,XSDBoolean,False
datatype mismatch,ss,long_store,2,N,false,,/github/workspace/logsheets/filtered/sediment_sampling.csv,XSDBoolean,False
datatype mismatch,ss,long_store,3,Y,true,,/github/workspace/logsheets/filtered/sediment_sampling.csv,XSDBoolean,False
datatype mismatch,ss,long_store,4,Y,true,,/github/workspace/logsheets/filtered/sediment_sampling.csv,XSDBoolean,False
datatype mismatch,ss,long_store,5,Y,true,,/github/workspace/logsheets/filtered/sediment_sampling.csv,XSDBoolean,False
datatype mismatch,ss,long_store,6,N,false,,/github/workspace/logsheets/filtered/sediment_sampling.csv,XSDBoolean,False
datatype mismatch,ss,long_store,7,N,false,,/github/workspace/logsheets/filtered/sediment_sampling.csv,XSDBoolean,False
datatype mismatch,ss,long_store,8,Y,true,,/github/workspace/logsheets/filtered/sediment_sampling.csv,XSDBoolean,False
datatype mismatch,ss,long_store,9,Y,true,,/github/workspace/logsheets/filtered/sediment_sampling.csv,XSDBoolean,False
datatype mismatch,ss,long_store,10,Y,true,,/github/workspace/logsheets/filtered/sediment_sampling.csv,XSDBoolean,False
datatype mismatch,ss,long_store,11,N,false,,/github/workspace/logsheets/filtered/sediment_sampling.csv,XSDBoolean,False
datatype mismatch,ss,long_store,12,N,false,,/github/workspace/logsheets/filtered/sediment_sampling.csv,XSDBoolean,False
datatype mismatch,ss,long_store,13,Y,true,,/github/workspace/logsheets/filtered/sediment_sampling.csv,XSDBoolean,False
datatype mismatch,ss,long_store,14,Y,true,,/github/workspace/logsheets/filtered/sediment_sampling.csv,XSDBoolean,False
datatype mismatch,ss,long_store,15,Y,true,,/github/workspace/logsheets/filtered/sediment_sampling.csv,XSDBoolean,False
datatype mismatch,ss,long_store,16,N,false,,/github/workspace/logsheets/filtered/sediment_sampling.csv,XSDBoolean,False
datatype mismatch,ss,long_store,17,N,false,,/github/workspace/logsheets/filtered/sediment_sampling.csv,XSDBoolean,False
datatype mismatch,ss,long_store,18,Y,true,,/github/workspace/logsheets/filtered/sediment_sampling.csv,XSDBoolean,False
datatype mismatch,ss,long_store,19,Y,true,,/github/workspace/logsheets/filtered/sediment_sampling.csv,XSDBoolean,False
datatype mismatch,ss,long_store,20,Y,true,,/github/workspace/logsheets/filtered/sediment_sampling.csv,XSDBoolean,False
datatype mismatch,ss,long_store,21,N,false,,/github/workspace/logsheets/filtered/sediment_sampling.csv,XSDBoolean,False
datatype mismatch,ss,long_store,22,N,false,,/github/workspace/logsheets/filtered/sediment_sampling.csv,XSDBoolean,False
datatype mismatch,ss,long_store,23,Y,true,,/github/workspace/logsheets/filtered/sediment_sampling.csv,XSDBoolean,False
datatype mismatch,ss,long_store,24,Y,true,,/github/workspace/logsheets/filtered/sediment_sampling.csv,XSDBoolean,False
datatype mismatch,ss,long_store,25,Y,true,,/github/workspace/logsheets/filtered/sediment_sampling.csv,XSDBoolean,False
datatype mismatch,ss,long_store,26,N,false,,/github/workspace/logsheets/filtered/sediment_sampling.csv,XSDBoolean,False
datatype mismatch,ss,long_store,27,N,false,,/github/workspace/logsheets/filtered/sediment_sampling.csv,XSDBoolean,False
datatype mismatch,ss,long_store,28,Y,true,,/github/workspace/logsheets/filtered/sediment_sampling.csv,XSDBoolean,False
datatype mismatch,ss,long_store,29,Y,true,,/github/workspace/logsheets/filtered/sediment_sampling.csv,XSDBoolean,False
datatype mismatch,ss,long_store,30,Y,true,,/github/workspace/logsheets/filtered/sediment_sampling.csv,XSDBoolean,False
datatype mismatch,ss,long_store,31,N,false,,/github/workspace/logsheets/filtered/sediment_sampling.csv,XSDBoolean,False
datatype mismatch,ss,long_store,32,N,false,,/github/workspace/logsheets/filtered/sediment_sampling.csv,XSDBoolean,False
datatype mismatch,ss,long_store,33,Y,true,,/github/workspace/logsheets/filtered/sediment_sampling.csv,XSDBoolean,False
datatype mismatch,ss,long_store,34,Y,true,,/github/workspace/logsheets/filtered/sediment_sampling.csv,XSDBoolean,False
datatype mismatch,ss,long_store,35,Y,true,,/github/workspace/logsheets/filtered/sediment_sampling.csv,XSDBoolean,False
datatype mismatch,ss,long_store,36,N,false,,/github/workspace/logsheets/filtered/sediment_sampling.csv,XSDBoolean,False
datatype mismatch,ss,long_store,37,N,false,,/github/workspace/logsheets/filtered/sediment_sampling.csv,XSDBoolean,False
datatype mismatch,ss,long_store,38,Y,true,,/github/workspace/logsheets/filtered/sediment_sampling.csv,XSDBoolean,False
datatype mismatch,ss,long_store,39,Y,true,,/github/workspace/logsheets/filtered/sediment_sampling.csv,XSDBoolean,False
datatype mismatch,ss,long_store,40,Y,true,,/github/workspace/logsheets/filtered/sediment_sampling.csv,XSDBoolean,False
datatype mismatch,ss,long_store,41,N,false,,/github/workspace/logsheets/filtered/sediment_sampling.csv,XSDBoolean,False
datatype mismatch,ss,long_store,42,N,false,,/github/workspace/logsheets/filtered/sediment_sampling.csv,XSDBoolean,False
datatype mismatch,ss,long_store,43,Y,true,,/github/workspace/logsheets/filtered/sediment_sampling.csv,XSDBoolean,False
datatype mismatch,ss,long_store,44,Y,true,,/github/workspace/logsheets/filtered/sediment_sampling.csv,XSDBoolean,False
datatype mismatch,ss,long_store,45,Y,true,,/github/workspace/logsheets/filtered/sediment_sampling.csv,XSDBoolean,False
missing value,ss,long_store,126,,,,/github/workspace/logsheets/filtered/sediment_sampling.csv,XSDBoolean,False
missing value,ss,long_store,127,,,,/github/workspace/logsheets/filtered/sediment_sampling.csv,XSDBoolean,False
missing value,ss,long_store,128,,,,/github/workspace/logsheets/filtered/sediment_sampling.csv,XSDBoolean,False
missing value,ss,long_store,129,,,,/github/workspace/logsheets/filtered/sediment_sampling.csv,XSDBoolean,False
missing value,ss,long_store,130,,,,/github/workspace/logsheets/filtered/sediment_sampling.csv,XSDBoolean,False
missing value,ss,samp_collect_device,5,,,,/github/workspace/logsheets/filtered/sediment_sampling.csv,XSDString,False
missing value,ss,samp_collect_device,10,,,,/github/workspace/logsheets/filtered/sediment_sampling.csv,XSDString,False
missing value,ss,samp_collect_device,15,,,,/github/workspace/logsheets/filtered/sediment_sampling.csv,XSDString,False
missing value,ss,samp_collect_device,20,,,,/github/workspace/logsheets/filtered/sediment_sampling.csv,XSDString,False
missing value,ss,samp_collect_device,25,,,,/github/workspace/logsheets/filtered/sediment_sampling.csv,XSDString,False
missing value,ss,samp_collect_device,30,,,,/github/workspace/logsheets/filtered/sediment_sampling.csv,XSDString,False
missing value,ss,samp_collect_device,35,,,,/github/workspace/logsheets/filtered/sediment_sampling.csv,XSDString,False
missing value,ss,samp_collect_device,40,,,,/github/workspace/logsheets/filtered/sediment_sampling.csv,XSDString,False
missing value,ss,samp_collect_device,45,,,,/github/workspace/logsheets/filtered/sediment_sampling.csv,XSDString,False
missing value,ss,samp_collect_device,126,,,,/github/workspace/logsheets/filtered/sediment_sampling.csv,XSDString,False
missing value,ss,samp_collect_device,127,,,,/github/workspace/logsheets/filtered/sediment_sampling.csv,XSDString,False
missing value,ss,samp_collect_device,128,,,,/github/workspace/logsheets/filtered/sediment_sampling.csv,XSDString,False
missing value,ss,samp_collect_device,129,,,,/github/workspace/logsheets/filtered/sediment_sampling.csv,XSDString,False
missing value,ss,samp_collect_device,130,,,,/github/workspace/logsheets/filtered/sediment_sampling.csv,XSDString,False
missing value,ss,samp_description,126,,,,/github/workspace/logsheets/filtered/sediment_sampling.csv,XSDString,False
missing value,ss,samp_description,127,,,,/github/workspace/logsheets/filtered/sediment_sampling.csv,XSDString,False
missing value,ss,samp_description,128,,,,/github/workspace/logsheets/filtered/sediment_sampling.csv,XSDString,False
missing value,ss,samp_description,129,,,,/github/workspace/logsheets/filtered/sediment_sampling.csv,XSDString,False
missing value,ss,samp_description,130,,,,/github/workspace/logsheets/filtered/sediment_sampling.csv,XSDString,False
missing value,ss,samp_size_mass,5,,,,/github/workspace/logsheets/filtered/sediment_sampling.csv,XSDDouble,False
missing value,ss,samp_size_mass,10,,,,/github/workspace/logsheets/filtered/sediment_sampling.csv,XSDDouble,False
missing value,ss,samp_size_mass,15,,,,/github/workspace/logsheets/filtered/sediment_sampling.csv,XSDDouble,False
missing value,ss,samp_size_mass,20,,,,/github/workspace/logsheets/filtered/sediment_sampling.csv,XSDDouble,False
missing value,ss,samp_size_mass,25,,,,/github/workspace/logsheets/filtered/sediment_sampling.csv,XSDDouble,False
missing value,ss,samp_size_mass,30,,,,/github/workspace/logsheets/filtered/sediment_sampling.csv,XSDDouble,False
missing value,ss,samp_size_mass,35,,,,/github/workspace/logsheets/filtered/sediment_sampling.csv,XSDDouble,False
missing value,ss,samp_size_mass,40,,,,/github/workspace/logsheets/filtered/sediment_sampling.csv,XSDDouble,False
missing value,ss,samp_size_mass,45,,,,/github/workspace/logsheets/filtered/sediment_sampling.csv,XSDDouble,False
missing value,ss,samp_size_mass,126,,,,/github/workspace/logsheets/filtered/sediment_sampling.csv,XSDDouble,False
missing value,ss,samp_size_mass,127,,,,/github/workspace/logsheets/filtered/sediment_sampling.csv,XSDDouble,False
missing value,ss,samp_size_mass,128,,,,/github/workspace/logsheets/filtered/sediment_sampling.csv,XSDDouble,False
missing value,ss,samp_size_mass,129,,,,/github/workspace/logsheets/filtered/sediment_sampling.csv,XSDDouble,False
missing value,ss,samp_size_mass,130,,,,/github/workspace/logsheets/filtered/sediment_sampling.csv,XSDDouble,False
missing value,ss,samp_mat_process,126,,,,/github/workspace/logsheets/filtered/sediment_sampling.csv,XSDString,False
missing value,ss,samp_mat_process,127,,,,/github/workspace/logsheets/filtered/sediment_sampling.csv,XSDString,False
missing value,ss,samp_mat_process,128,,,,/github/workspace/logsheets/filtered/sediment_sampling.csv,XSDString,False
missing value,ss,samp_mat_process,129,,,,/github/workspace/logsheets/filtered/sediment_sampling.csv,XSDString,False
missing value,ss,samp_mat_process,130,,,,/github/workspace/logsheets/filtered/sediment_sampling.csv,XSDString,False
missing value,ss,samp_mat_process_dev,5,,,,/github/workspace/logsheets/filtered/sediment_sampling.csv,XSDString,False
missing value,ss,samp_mat_process_dev,10,,,,/github/workspace/logsheets/filtered/sediment_sampling.csv,XSDString,False
missing value,ss,samp_mat_process_dev,15,,,,/github/workspace/logsheets/filtered/sediment_sampling.csv,XSDString,False
missing value,ss,samp_mat_process_dev,20,,,,/github/workspace/logsheets/filtered/sediment_sampling.csv,XSDString,False
missing value,ss,samp_mat_process_dev,25,,,,/github/workspace/logsheets/filtered/sediment_sampling.csv,XSDString,False
missing value,ss,samp_mat_process_dev,30,,,,/github/workspace/logsheets/filtered/sediment_sampling.csv,XSDString,False
missing value,ss,samp_mat_process_dev,35,,,,/github/workspace/logsheets/filtered/sediment_sampling.csv,XSDString,False
missing value,ss,samp_mat_process_dev,40,,,,/github/workspace/logsheets/filtered/sediment_sampling.csv,XSDString,False
missing value,ss,samp_mat_process_dev,45,,,,/github/workspace/logsheets/filtered/sediment_sampling.csv,XSDString,False
missing value,ss,samp_mat_process_dev,126,,,,/github/workspace/logsheets/filtered/sediment_sampling.csv,XSDString,False
missing value,ss,samp_mat_process_dev,127,,,,/github/workspace/logsheets/filtered/sediment_sampling.csv,XSDString,False
missing value,ss,samp_mat_process_dev,128,,,,/github/workspace/logsheets/filtered/sediment_sampling.csv,XSDString,False
missing value,ss,samp_mat_process_dev,129,,,,/github/workspace/logsheets/filtered/sediment_sampling.csv,XSDString,False
missing value,ss,samp_mat_process_dev,130,,,,/github/workspace/logsheets/filtered/sediment_sampling.csv,XSDString,False
missing value,ss,samp_store_loc,126,,,,/github/workspace/logsheets/filtered/sediment_sampling.csv,XSDString,False
missing value,ss,samp_store_loc,127,,,,/github/workspace/logsheets/filtered/sediment_sampling.csv,XSDString,False
missing value,ss,samp_store_loc,128,,,,/github/workspace/logsheets/filtered/sediment_sampling.csv,XSDString,False
missing value,ss,samp_store_loc,129,,,,/github/workspace/logsheets/filtered/sediment_sampling.csv,XSDString,False
missing value,ss,samp_store_loc,130,,,,/github/workspace/logsheets/filtered/sediment_sampling.csv,XSDString,False
missing value,ss,samp_store_temp,126,,,,/github/workspace/logsheets/filtered/sediment_sampling.csv,XSDString,False
missing value,ss,samp_store_temp,127,,,,/github/workspace/logsheets/filtered/sediment_sampling.csv,XSDString,False
missing value,ss,samp_store_temp,128,,,,/github/workspace/logsheets/filtered/sediment_sampling.csv,XSDString,False
missing value,ss,samp_store_temp,129,,,,/github/workspace/logsheets/filtered/sediment_sampling.csv,XSDString,False
missing value,ss,samp_store_temp,130,,,,/github/workspace/logsheets/filtered/sediment_sampling.csv,XSDString,False
missing value,ss,sampl_person,126,,,,/github/workspace/logsheets/filtered/sediment_sampling.csv,XSDString,False
missing value,ss,sampl_person,127,,,,/github/workspace/logsheets/filtered/sediment_sampling.csv,XSDString,False
missing value,ss,sampl_person,128,,,,/github/workspace/logsheets/filtered/sediment_sampling.csv,XSDString,False
missing value,ss,sampl_person,129,,,,/github/workspace/logsheets/filtered/sediment_sampling.csv,XSDString,False
missing value,ss,sampl_person,130,,,,/github/workspace/logsheets/filtered/sediment_sampling.csv,XSDString,False
datatype mismatch,ss,sampl_person_orcid,1,0000-0001-8164-581X,https://orcid.org/0000-0001-8164-581X,,/github/workspace/logsheets/filtered/sediment_sampling.csv,XSDAnyURI,True
datatype mismatch,ss,sampl_person_orcid,2,0000-0001-8164-581X,https://orcid.org/0000-0001-8164-581X,,/github/workspace/logsheets/filtered/sediment_sampling.csv,XSDAnyURI,True
datatype mismatch,ss,sampl_person_orcid,3,0000-0001-8164-581X,https://orcid.org/0000-0001-8164-581X,,/github/workspace/logsheets/filtered/sediment_sampling.csv,XSDAnyURI,True
datatype mismatch,ss,sampl_person_orcid,4,0000-0001-8164-581X,https://orcid.org/0000-0001-8164-581X,,/github/workspace/logsheets/filtered/sediment_sampling.csv,XSDAnyURI,True
datatype mismatch,ss,sampl_person_orcid,5,0000-0001-8164-581X,https://orcid.org/0000-0001-8164-581X,,/github/workspace/logsheets/filtered/sediment_sampling.csv,XSDAnyURI,True
datatype mismatch,ss,sampl_person_orcid,6,0000-0001-8164-581X,https://orcid.org/0000-0001-8164-581X,,/github/workspace/logsheets/filtered/sediment_sampling.csv,XSDAnyURI,True
datatype mismatch,ss,sampl_person_orcid,7,0000-0001-8164-581X,https://orcid.org/0000-0001-8164-581X,,/github/workspace/logsheets/filtered/sediment_sampling.csv,XSDAnyURI,True
datatype mismatch,ss,sampl_person_orcid,8,0000-0001-8164-581X,https://orcid.org/0000-0001-8164-581X,,/github/workspace/logsheets/filtered/sediment_sampling.csv,XSDAnyURI,True
datatype mismatch,ss,sampl_person_orcid,9,0000-0001-8164-581X,https://orcid.org/0000-0001-8164-581X,,/github/workspace/logsheets/filtered/sediment_sampling.csv,XSDAnyURI,True
datatype mismatch,ss,sampl_person_orcid,10,0000-0001-8164-581X,https://orcid.org/0000-0001-8164-581X,,/github/workspace/logsheets/filtered/sediment_sampling.csv,XSDAnyURI,True
datatype mismatch,ss,sampl_person_orcid,11,0000-0001-8164-581X,https://orcid.org/0000-0001-8164-581X,,/github/workspace/logsheets/filtered/sediment_sampling.csv,XSDAnyURI,True
datatype mismatch,ss,sampl_person_orcid,12,0000-0001-8164-581X,https://orcid.org/0000-0001-8164-581X,,/github/workspace/logsheets/filtered/sediment_sampling.csv,XSDAnyURI,True
datatype mismatch,ss,sampl_person_orcid,13,0000-0001-8164-581X,https://orcid.org/0000-0001-8164-581X,,/github/workspace/logsheets/filtered/sediment_sampling.csv,XSDAnyURI,True
datatype mismatch,ss,sampl_person_orcid,14,0000-0001-8164-581X,https://orcid.org/0000-0001-8164-581X,,/github/workspace/logsheets/filtered/sediment_sampling.csv,XSDAnyURI,True
datatype mismatch,ss,sampl_person_orcid,15,0000-0001-8164-581X,https://orcid.org/0000-0001-8164-581X,,/github/workspace/logsheets/filtered/sediment_sampling.csv,XSDAnyURI,True
datatype mismatch,ss,sampl_person_orcid,16,0000-0001-8164-581X,https://orcid.org/0000-0001-8164-581X,,/github/workspace/logsheets/filtered/sediment_sampling.csv,XSDAnyURI,True
datatype mismatch,ss,sampl_person_orcid,17,0000-0001-8164-581X,https://orcid.org/0000-0001-8164-581X,,/github/workspace/logsheets/filtered/sediment_sampling.csv,XSDAnyURI,True
datatype mismatch,ss,sampl_person_orcid,18,0000-0001-8164-581X,https://orcid.org/0000-0001-8164-581X,,/github/workspace/logsheets/filtered/sediment_sampling.csv,XSDAnyURI,True
datatype mismatch,ss,sampl_person_orcid,19,0000-0001-8164-581X,https://orcid.org/0000-0001-8164-581X,,/github/workspace/logsheets/filtered/sediment_sampling.csv,XSDAnyURI,True
datatype mismatch,ss,sampl_person_orcid,20,0000-0001-8164-581X,https://orcid.org/0000-0001-8164-581X,,/github/workspace/logsheets/filtered/sediment_sampling.csv,XSDAnyURI,True
datatype mismatch,ss,sampl_person_orcid,21,0000-0001-8164-581X,https://orcid.org/0000-0001-8164-581X,,/github/workspace/logsheets/filtered/sediment_sampling.csv,XSDAnyURI,True
datatype mismatch,ss,sampl_person_orcid,22,0000-0001-8164-581X,https://orcid.org/0000-0001-8164-581X,,/github/workspace/logsheets/filtered/sediment_sampling.csv,XSDAnyURI,True
datatype mismatch,ss,sampl_person_orcid,23,0000-0001-8164-581X,https://orcid.org/0000-0001-8164-581X,,/github/workspace/logsheets/filtered/sediment_sampling.csv,XSDAnyURI,True
datatype mismatch,ss,sampl_person_orcid,24,0000-0001-8164-581X,https://orcid.org/0000-0001-8164-581X,,/github/workspace/logsheets/filtered/sediment_sampling.csv,XSDAnyURI,True
datatype mismatch,ss,sampl_person_orcid,25,0000-0001-8164-581X,https://orcid.org/0000-0001-8164-581X,,/github/workspace/logsheets/filtered/sediment_sampling.csv,XSDAnyURI,True
datatype mismatch,ss,sampl_person_orcid,26,0000-0001-8164-581X,https://orcid.org/0000-0001-8164-581X,,/github/workspace/logsheets/filtered/sediment_sampling.csv,XSDAnyURI,True
datatype mismatch,ss,sampl_person_orcid,27,0000-0001-8164-581X,https://orcid.org/0000-0001-8164-581X,,/github/workspace/logsheets/filtered/sediment_sampling.csv,XSDAnyURI,True
datatype mismatch,ss,sampl_person_orcid,28,0000-0001-8164-581X,https://orcid.org/0000-0001-8164-581X,,/github/workspace/logsheets/filtered/sediment_sampling.csv,XSDAnyURI,True
datatype mismatch,ss,sampl_person_orcid,29,0000-0001-8164-581X,https://orcid.org/0000-0001-8164-581X,,/github/workspace/logsheets/filtered/sediment_sampling.csv,XSDAnyURI,True
datatype mismatch,ss,sampl_person_orcid,30,0000-0001-8164-581X,https://orcid.org/0000-0001-8164-581X,,/github/workspace/logsheets/filtered/sediment_sampling.csv,XSDAnyURI,True
datatype mismatch,ss,sampl_person_orcid,31,0000-0001-8164-581X,https://orcid.org/0000-0001-8164-581X,,/github/workspace/logsheets/filtered/sediment_sampling.csv,XSDAnyURI,True
datatype mismatch,ss,sampl_person_orcid,32,0000-0001-8164-581X,https://orcid.org/0000-0001-8164-581X,,/github/workspace/logsheets/filtered/sediment_sampling.csv,XSDAnyURI,True
datatype mismatch,ss,sampl_person_orcid,33,0000-0001-8164-581X,https://orcid.org/0000-0001-8164-581X,,/github/workspace/logsheets/filtered/sediment_sampling.csv,XSDAnyURI,True
datatype mismatch,ss,sampl_person_orcid,34,0000-0001-8164-581X,https://orcid.org/0000-0001-8164-581X,,/github/workspace/logsheets/filtered/sediment_sampling.csv,XSDAnyURI,True
datatype mismatch,ss,sampl_person_orcid,35,0000-0001-8164-581X,https://orcid.org/0000-0001-8164-581X,,/github/workspace/logsheets/filtered/sediment_sampling.csv,XSDAnyURI,True
datatype mismatch,ss,sampl_person_orcid,36,0000-0001-8164-581X,https://orcid.org/0000-0001-8164-581X,,/github/workspace/logsheets/filtered/sediment_sampling.csv,XSDAnyURI,True
datatype mismatch,ss,sampl_person_orcid,37,0000-0001-8164-581X,https://orcid.org/0000-0001-8164-581X,,/github/workspace/logsheets/filtered/sediment_sampling.csv,XSDAnyURI,True
datatype mismatch,ss,sampl_person_orcid,38,0000-0001-8164-581X,https://orcid.org/0000-0001-8164-581X,,/github/workspace/logsheets/filtered/sediment_sampling.csv,XSDAnyURI,True
datatype mismatch,ss,sampl_person_orcid,39,0000-0001-8164-581X,https://orcid.org/0000-0001-8164-581X,,/github/workspace/logsheets/filtered/sediment_sampling.csv,XSDAnyURI,True
datatype mismatch,ss,sampl_person_orcid,40,0000-0001-8164-581X,https://orcid.org/0000-0001-8164-581X,,/github/workspace/logsheets/filtered/sediment_sampling.csv,XSDAnyURI,True
datatype mismatch,ss,sampl_person_orcid,41,0000-0001-8164-581X,https://orcid.org/0000-0001-8164-581X,,/github/workspace/logsheets/filtered/sediment_sampling.csv,XSDAnyURI,True
datatype mismatch,ss,sampl_person_orcid,42,0000-0001-8164-581X,https://orcid.org/0000-0001-8164-581X,,/github/workspace/logsheets/filtered/sediment_sampling.csv,XSDAnyURI,True
datatype mismatch,ss,sampl_person_orcid,43,0000-0001-8164-581X,https://orcid.org/0000-0001-8164-581X,,/github/workspace/logsheets/filtered/sediment_sampling.csv,XSDAnyURI,True
datatype mismatch,ss,sampl_person_orcid,44,0000-0001-8164-581X,https://orcid.org/0000-0001-8164-581X,,/github/workspace/logsheets/filtered/sediment_sampling.csv,XSDAnyURI,True
datatype mismatch,ss,sampl_person_orcid,45,0000-0001-8164-581X,https://orcid.org/0000-0001-8164-581X,,/github/workspace/logsheets/filtered/sediment_sampling.csv,XSDAnyURI,True
missing value,ss,sampling_event,126,,,,/github/workspace/logsheets/filtered/sediment_sampling.csv,XSDString,False
missing value,ss,sampling_event,127,,,,/github/workspace/logsheets/filtered/sediment_sampling.csv,XSDString,False
missing value,ss,sampling_event,128,,,,/github/workspace/logsheets/filtered/sediment_sampling.csv,XSDString,False
missing value,ss,sampling_event,129,,,,/github/workspace/logsheets/filtered/sediment_sampling.csv,XSDString,False
missing value,ss,sampling_event,130,,,,/github/workspace/logsheets/filtered/sediment_sampling.csv,XSDString,False
datatype mismatch,ss,ship_date,1,2021-10-12 00:00:00,2021-10-12,,/github/workspace/logsheets/filtered/sediment_sampling.csv,XSDDate,False
datatype mismatch,ss,ship_date,2,2021-10-12 00:00:00,2021-10-12,,/github/workspace/logsheets/filtered/sediment_sampling.csv,XSDDate,False
missing value,ss,ship_date,3,,,,/github/workspace/logsheets/filtered/sediment_sampling.csv,XSDDate,False
missing value,ss,ship_date,4,,,,/github/workspace/logsheets/filtered/sediment_sampling.csv,XSDDate,False
missing value,ss,ship_date,5,,,,/github/workspace/logsheets/filtered/sediment_sampling.csv,XSDDate,False
datatype mismatch,ss,ship_date,6,2022-01-24 00:00:00,2022-01-24,,/github/workspace/logsheets/filtered/sediment_sampling.csv,XSDDate,False
datatype mismatch,ss,ship_date,7,2022-01-24 00:00:00,2022-01-24,,/github/workspace/logsheets/filtered/sediment_sampling.csv,XSDDate,False
missing value,ss,ship_date,8,,,,/github/workspace/logsheets/filtered/sediment_sampling.csv,XSDDate,False
missing value,ss,ship_date,9,,,,/github/workspace/logsheets/filtered/sediment_sampling.csv,XSDDate,False
missing value,ss,ship_date,10,,,,/github/workspace/logsheets/filtered/sediment_sampling.csv,XSDDate,False
datatype mismatch,ss,ship_date,11,2022-01-24 00:00:00,2022-01-24,,/github/workspace/logsheets/filtered/sediment_sampling.csv,XSDDate,False
datatype mismatch,ss,ship_date,12,2022-01-24 00:00:00,2022-01-24,,/github/workspace/logsheets/filtered/sediment_sampling.csv,XSDDate,False
missing value,ss,ship_date,13,,,,/github/workspace/logsheets/filtered/sediment_sampling.csv,XSDDate,False
missing value,ss,ship_date,14,,,,/github/workspace/logsheets/filtered/sediment_sampling.csv,XSDDate,False
missing value,ss,ship_date,15,,,,/github/workspace/logsheets/filtered/sediment_sampling.csv,XSDDate,False
datatype mismatch,ss,ship_date,16,2022-10-17 00:00:00,2022-10-17,,/github/workspace/logsheets/filtered/sediment_sampling.csv,XSDDate,False
datatype mismatch,ss,ship_date,17,2022-10-17 00:00:00,2022-10-17,,/github/workspace/logsheets/filtered/sediment_sampling.csv,XSDDate,False
missing value,ss,ship_date,18,,,,/github/workspace/logsheets/filtered/sediment_sampling.csv,XSDDate,False
missing value,ss,ship_date,19,,,,/github/workspace/logsheets/filtered/sediment_sampling.csv,XSDDate,False
missing value,ss,ship_date,20,,,,/github/workspace/logsheets/filtered/sediment_sampling.csv,XSDDate,False
datatype mismatch,ss,ship_date,21,2022-10-17 00:00:00,2022-10-17,,/github/workspace/logsheets/filtered/sediment_sampling.csv,XSDDate,False
datatype mismatch,ss,ship_date,22,2022-10-17 00:00:00,2022-10-17,,/github/workspace/logsheets/filtered/sediment_sampling.csv,XSDDate,False
missing value,ss,ship_date,23,,,,/github/workspace/logsheets/filtered/sediment_sampling.csv,XSDDate,False
missing value,ss,ship_date,24,,,,/github/workspace/logsheets/filtered/sediment_sampling.csv,XSDDate,False
missing value,ss,ship_date,25,,,,/github/workspace/logsheets/filtered/sediment_sampling.csv,XSDDate,False
datatype mismatch,ss,ship_date,26,2022-10-17 00:00:00,2022-10-17,,/github/workspace/logsheets/filtered/sediment_sampling.csv,XSDDate,False
datatype mismatch,ss,ship_date,27,2022-10-17 00:00:00,2022-10-17,,/github/workspace/logsheets/filtered/sediment_sampling.csv,XSDDate,False
missing value,ss,ship_date,28,,,,/github/workspace/logsheets/filtered/sediment_sampling.csv,XSDDate,False
missing value,ss,ship_date,29,,,,/github/workspace/logsheets/filtered/sediment_sampling.csv,XSDDate,False
missing value,ss,ship_date,30,,,,/github/workspace/logsheets/filtered/sediment_sampling.csv,XSDDate,False
datatype mismatch,ss,ship_date,31,2022-10-17 00:00:00,2022-10-17,,/github/workspace/logsheets/filtered/sediment_sampling.csv,XSDDate,False
datatype mismatch,ss,ship_date,32,2022-10-17 00:00:00,2022-10-17,,/github/workspace/logsheets/filtered/sediment_sampling.csv,XSDDate,False
missing value,ss,ship_date,33,,,,/github/workspace/logsheets/filtered/sediment_sampling.csv,XSDDate,False
missing value,ss,ship_date,34,,,,/github/workspace/logsheets/filtered/sediment_sampling.csv,XSDDate,False
missing value,ss,ship_date,35,,,,/github/workspace/logsheets/filtered/sediment_sampling.csv,XSDDate,False
datatype mismatch,ss,ship_date,36,2023-06-19 00:00:00,2023-06-19,,/github/workspace/logsheets/filtered/sediment_sampling.csv,XSDDate,False
datatype mismatch,ss,ship_date,37,2023-06-19 00:00:00,2023-06-19,,/github/workspace/logsheets/filtered/sediment_sampling.csv,XSDDate,False
missing value,ss,ship_date,38,,,,/github/workspace/logsheets/filtered/sediment_sampling.csv,XSDDate,False
missing value,ss,ship_date,39,,,,/github/workspace/logsheets/filtered/sediment_sampling.csv,XSDDate,False
missing value,ss,ship_date,40,,,,/github/workspace/logsheets/filtered/sediment_sampling.csv,XSDDate,False
datatype mismatch,ss,ship_date,41,2023-06-19 00:00:00,2023-06-19,,/github/workspace/logsheets/filtered/sediment_sampling.csv,XSDDate,False
datatype mismatch,ss,ship_date,42,2023-06-19 00:00:00,2023-06-19,,/github/workspace/logsheets/filtered/sediment_sampling.csv,XSDDate,False
missing value,ss,ship_date,43,,,,/github/workspace/logsheets/filtered/sediment_sampling.csv,XSDDate,False
missing value,ss,ship_date,44,,,,/github/workspace/logsheets/filtered/sediment_sampling.csv,XSDDate,False
missing value,ss,ship_date,45,,,,/github/workspace/logsheets/filtered/sediment_sampling.csv,XSDDate,False
missing value,ss,ship_date,126,,,,/github/workspace/logsheets/filtered/sediment_sampling.csv,XSDDate,False
missing value,ss,ship_date,127,,,,/github/workspace/logsheets/filtered/sediment_sampling.csv,XSDDate,False
missing value,ss,ship_date,128,,,,/github/workspace/logsheets/filtered/sediment_sampling.csv,XSDDate,False
missing value,ss,ship_date,129,,,,/github/workspace/logsheets/filtered/sediment_sampling.csv,XSDDate,False
missing value,ss,ship_date,130,,,,/github/workspace/logsheets/filtered/sediment_sampling.csv,XSDDate,False
datatype mismatch,ss,ship_date_seq,1,2021-11-24 00:00:00,2021-11-24,,/github/workspace/logsheets/filtered/sediment_sampling.csv,XSDDate,False
datatype mismatch,ss,ship_date_seq,2,2021-11-24 00:00:00,2021-11-24,,/github/workspace/logsheets/filtered/sediment_sampling.csv,XSDDate,False
missing value,ss,ship_date_seq,3,,,,/github/workspace/logsheets/filtered/sediment_sampling.csv,XSDDate,False
missing value,ss,ship_date_seq,4,,,,/github/workspace/logsheets/filtered/sediment_sampling.csv,XSDDate,False
missing value,ss,ship_date_seq,5,,,,/github/workspace/logsheets/filtered/sediment_sampling.csv,XSDDate,False
datatype mismatch,ss,ship_date_seq,6,2022-02-22 00:00:00,2022-02-22,,/github/workspace/logsheets/filtered/sediment_sampling.csv,XSDDate,False
datatype mismatch,ss,ship_date_seq,7,2022-02-22 00:00:00,2022-02-22,,/github/workspace/logsheets/filtered/sediment_sampling.csv,XSDDate,False
missing value,ss,ship_date_seq,8,,,,/github/workspace/logsheets/filtered/sediment_sampling.csv,XSDDate,False
missing value,ss,ship_date_seq,9,,,,/github/workspace/logsheets/filtered/sediment_sampling.csv,XSDDate,False
missing value,ss,ship_date_seq,10,,,,/github/workspace/logsheets/filtered/sediment_sampling.csv,XSDDate,False
datatype mismatch,ss,ship_date_seq,11,2022-02-22 00:00:00,2022-02-22,,/github/workspace/logsheets/filtered/sediment_sampling.csv,XSDDate,False
datatype mismatch,ss,ship_date_seq,12,2022-02-22 00:00:00,2022-02-22,,/github/workspace/logsheets/filtered/sediment_sampling.csv,XSDDate,False
missing value,ss,ship_date_seq,13,,,,/github/workspace/logsheets/filtered/sediment_sampling.csv,XSDDate,False
missing value,ss,ship_date_seq,14,,,,/github/workspace/logsheets/filtered/sediment_sampling.csv,XSDDate,False
missing value,ss,ship_date_seq,15,,,,/github/workspace/logsheets/filtered/sediment_sampling.csv,XSDDate,False
datatype mismatch,ss,ship_date_seq,16,2023-06-01 00:00:00,2023-06-01,,/github/workspace/logsheets/filtered/sediment_sampling.csv,XSDDate,False
datatype mismatch,ss,ship_date_seq,17,2023-06-01 00:00:00,2023-06-01,,/github/workspace/logsheets/filtered/sediment_sampling.csv,XSDDate,False
missing value,ss,ship_date_seq,18,,,,/github/workspace/logsheets/filtered/sediment_sampling.csv,XSDDate,False
missing value,ss,ship_date_seq,19,,,,/github/workspace/logsheets/filtered/sediment_sampling.csv,XSDDate,False
missing value,ss,ship_date_seq,20,,,,/github/workspace/logsheets/filtered/sediment_sampling.csv,XSDDate,False
datatype mismatch,ss,ship_date_seq,21,2023-06-01 00:00:00,2023-06-01,,/github/workspace/logsheets/filtered/sediment_sampling.csv,XSDDate,False
datatype mismatch,ss,ship_date_seq,22,2023-06-01 00:00:00,2023-06-01,,/github/workspace/logsheets/filtered/sediment_sampling.csv,XSDDate,False
missing value,ss,ship_date_seq,23,,,,/github/workspace/logsheets/filtered/sediment_sampling.csv,XSDDate,False
missing value,ss,ship_date_seq,24,,,,/github/workspace/logsheets/filtered/sediment_sampling.csv,XSDDate,False
missing value,ss,ship_date_seq,25,,,,/github/workspace/logsheets/filtered/sediment_sampling.csv,XSDDate,False
datatype mismatch,ss,ship_date_seq,26,2023-06-01 00:00:00,2023-06-01,,/github/workspace/logsheets/filtered/sediment_sampling.csv,XSDDate,False
datatype mismatch,ss,ship_date_seq,27,2023-06-01 00:00:00,2023-06-01,,/github/workspace/logsheets/filtered/sediment_sampling.csv,XSDDate,False
missing value,ss,ship_date_seq,28,,,,/github/workspace/logsheets/filtered/sediment_sampling.csv,XSDDate,False
missing value,ss,ship_date_seq,29,,,,/github/workspace/logsheets/filtered/sediment_sampling.csv,XSDDate,False
missing value,ss,ship_date_seq,30,,,,/github/workspace/logsheets/filtered/sediment_sampling.csv,XSDDate,False
datatype mismatch,ss,ship_date_seq,31,2023-06-01 00:00:00,2023-06-01,,/github/workspace/logsheets/filtered/sediment_sampling.csv,XSDDate,False
datatype mismatch,ss,ship_date_seq,32,2023-06-01 00:00:00,2023-06-01,,/github/workspace/logsheets/filtered/sediment_sampling.csv,XSDDate,False
missing value,ss,ship_date_seq,33,,,,/github/workspace/logsheets/filtered/sediment_sampling.csv,XSDDate,False
missing value,ss,ship_date_seq,34,,,,/github/workspace/logsheets/filtered/sediment_sampling.csv,XSDDate,False
missing value,ss,ship_date_seq,35,,,,/github/workspace/logsheets/filtered/sediment_sampling.csv,XSDDate,False
datatype mismatch,ss,ship_date_seq,36,2024-04-17 00:00:00,2024-04-17,,/github/workspace/logsheets/filtered/sediment_sampling.csv,XSDDate,False
datatype mismatch,ss,ship_date_seq,37,2024-04-17 00:00:00,2024-04-17,,/github/workspace/logsheets/filtered/sediment_sampling.csv,XSDDate,False
missing value,ss,ship_date_seq,38,,,,/github/workspace/logsheets/filtered/sediment_sampling.csv,XSDDate,False
missing value,ss,ship_date_seq,39,,,,/github/workspace/logsheets/filtered/sediment_sampling.csv,XSDDate,False
missing value,ss,ship_date_seq,40,,,,/github/workspace/logsheets/filtered/sediment_sampling.csv,XSDDate,False
datatype mismatch,ss,ship_date_seq,41,2024-04-17 00:00:00,2024-04-17,,/github/workspace/logsheets/filtered/sediment_sampling.csv,XSDDate,False
datatype mismatch,ss,ship_date_seq,42,2024-04-17 00:00:00,2024-04-17,,/github/workspace/logsheets/filtered/sediment_sampling.csv,XSDDate,False
missing value,ss,ship_date_seq,43,,,,/github/workspace/logsheets/filtered/sediment_sampling.csv,XSDDate,False
missing value,ss,ship_date_seq,44,,,,/github/workspace/logsheets/filtered/sediment_sampling.csv,XSDDate,False
missing value,ss,ship_date_seq,45,,,,/github/workspace/logsheets/filtered/sediment_sampling.csv,XSDDate,False
missing value,ss,ship_date_seq,126,,,,/github/workspace/logsheets/filtered/sediment_sampling.csv,XSDDate,False
missing value,ss,ship_date_seq,127,,,,/github/workspace/logsheets/filtered/sediment_sampling.csv,XSDDate,False
missing value,ss,ship_date_seq,128,,,,/github/workspace/logsheets/filtered/sediment_sampling.csv,XSDDate,False
missing value,ss,ship_date_seq,129,,,,/github/workspace/logsheets/filtered/sediment_sampling.csv,XSDDate,False
missing value,ss,ship_date_seq,130,,,,/github/workspace/logsheets/filtered/sediment_sampling.csv,XSDDate,False
missing value,ss,size_frac_low,1,,,,/github/workspace/logsheets/filtered/sediment_sampling.csv,XSDDouble,False
missing value,ss,size_frac_low,2,,,,/github/workspace/logsheets/filtered/sediment_sampling.csv,XSDDouble,False
missing value,ss,size_frac_low,3,,,,/github/workspace/logsheets/filtered/sediment_sampling.csv,XSDDouble,False
missing value,ss,size_frac_low,4,,,,/github/workspace/logsheets/filtered/sediment_sampling.csv,XSDDouble,False
missing value,ss,size_frac_low,5,,,,/github/workspace/logsheets/filtered/sediment_sampling.csv,XSDDouble,False
missing value,ss,size_frac_low,6,,,,/github/workspace/logsheets/filtered/sediment_sampling.csv,XSDDouble,False
missing value,ss,size_frac_low,7,,,,/github/workspace/logsheets/filtered/sediment_sampling.csv,XSDDouble,False
missing value,ss,size_frac_low,8,,,,/github/workspace/logsheets/filtered/sediment_sampling.csv,XSDDouble,False
missing value,ss,size_frac_low,9,,,,/github/workspace/logsheets/filtered/sediment_sampling.csv,XSDDouble,False
missing value,ss,size_frac_low,10,,,,/github/workspace/logsheets/filtered/sediment_sampling.csv,XSDDouble,False
missing value,ss,size_frac_low,11,,,,/github/workspace/logsheets/filtered/sediment_sampling.csv,XSDDouble,False
missing value,ss,size_frac_low,12,,,,/github/workspace/logsheets/filtered/sediment_sampling.csv,XSDDouble,False
missing value,ss,size_frac_low,13,,,,/github/workspace/logsheets/filtered/sediment_sampling.csv,XSDDouble,False
missing value,ss,size_frac_low,14,,,,/github/workspace/logsheets/filtered/sediment_sampling.csv,XSDDouble,False
missing value,ss,size_frac_low,15,,,,/github/workspace/logsheets/filtered/sediment_sampling.csv,XSDDouble,False
missing value,ss,size_frac_low,16,,,,/github/workspace/logsheets/filtered/sediment_sampling.csv,XSDDouble,False
missing value,ss,size_frac_low,17,,,,/github/workspace/logsheets/filtered/sediment_sampling.csv,XSDDouble,False
missing value,ss,size_frac_low,18,,,,/github/workspace/logsheets/filtered/sediment_sampling.csv,XSDDouble,False
missing value,ss,size_frac_low,19,,,,/github/workspace/logsheets/filtered/sediment_sampling.csv,XSDDouble,False
missing value,ss,size_frac_low,20,,,,/github/workspace/logsheets/filtered/sediment_sampling.csv,XSDDouble,False
missing value,ss,size_frac_low,21,,,,/github/workspace/logsheets/filtered/sediment_sampling.csv,XSDDouble,False
missing value,ss,size_frac_low,22,,,,/github/workspace/logsheets/filtered/sediment_sampling.csv,XSDDouble,False
missing value,ss,size_frac_low,23,,,,/github/workspace/logsheets/filtered/sediment_sampling.csv,XSDDouble,False
missing value,ss,size_frac_low,24,,,,/github/workspace/logsheets/filtered/sediment_sampling.csv,XSDDouble,False
missing value,ss,size_frac_low,25,,,,/github/workspace/logsheets/filtered/sediment_sampling.csv,XSDDouble,False
missing value,ss,size_frac_low,26,,,,/github/workspace/logsheets/filtered/sediment_sampling.csv,XSDDouble,False
missing value,ss,size_frac_low,27,,,,/github/workspace/logsheets/filtered/sediment_sampling.csv,XSDDouble,False
missing value,ss,size_frac_low,28,,,,/github/workspace/logsheets/filtered/sediment_sampling.csv,XSDDouble,False
missing value,ss,size_frac_low,29,,,,/github/workspace/logsheets/filtered/sediment_sampling.csv,XSDDouble,False
missing value,ss,size_frac_low,30,,,,/github/workspace/logsheets/filtered/sediment_sampling.csv,XSDDouble,False
missing value,ss,size_frac_low,31,,,,/github/workspace/logsheets/filtered/sediment_sampling.csv,XSDDouble,False
missing value,ss,size_frac_low,32,,,,/github/workspace/logsheets/filtered/sediment_sampling.csv,XSDDouble,False
missing value,ss,size_frac_low,33,,,,/github/workspace/logsheets/filtered/sediment_sampling.csv,XSDDouble,False
missing value,ss,size_frac_low,34,,,,/github/workspace/logsheets/filtered/sediment_sampling.csv,XSDDouble,False
missing value,ss,size_frac_low,35,,,,/github/workspace/logsheets/filtered/sediment_sampling.csv,XSDDouble,False
missing value,ss,size_frac_low,36,,,,/github/workspace/logsheets/filtered/sediment_sampling.csv,XSDDouble,False
missing value,ss,size_frac_low,37,,,,/github/workspace/logsheets/filtered/sediment_sampling.csv,XSDDouble,False
missing value,ss,size_frac_low,38,,,,/github/workspace/logsheets/filtered/sediment_sampling.csv,XSDDouble,False
missing value,ss,size_frac_low,39,,,,/github/workspace/logsheets/filtered/sediment_sampling.csv,XSDDouble,False
missing value,ss,size_frac_low,40,,,,/github/workspace/logsheets/filtered/sediment_sampling.csv,XSDDouble,False
missing value,ss,size_frac_low,41,,,,/github/workspace/logsheets/filtered/sediment_sampling.csv,XSDDouble,False
missing value,ss,size_frac_low,42,,,,/github/workspace/logsheets/filtered/sediment_sampling.csv,XSDDouble,False
missing value,ss,size_frac_low,43,,,,/github/workspace/logsheets/filtered/sediment_sampling.csv,XSDDouble,False
missing value,ss,size_frac_low,44,,,,/github/workspace/logsheets/filtered/sediment_sampling.csv,XSDDouble,False
missing value,ss,size_frac_low,45,,,,/github/workspace/logsheets/filtered/sediment_sampling.csv,XSDDouble,False
missing value,ss,size_frac_low,126,,,,/github/workspace/logsheets/filtered/sediment_sampling.csv,XSDDouble,False
missing value,ss,size_frac_low,127,,,,/github/workspace/logsheets/filtered/sediment_sampling.csv,XSDDouble,False
missing value,ss,size_frac_low,128,,,,/github/workspace/logsheets/filtered/sediment_sampling.csv,XSDDouble,False
missing value,ss,size_frac_low,129,,,,/github/workspace/logsheets/filtered/sediment_sampling.csv,XSDDouble,False
missing value,ss,size_frac_low,130,,,,/github/workspace/logsheets/filtered/sediment_sampling.csv,XSDDouble,False
missing value,ss,size_frac_up,1,,,,/github/workspace/logsheets/filtered/sediment_sampling.csv,XSDDouble,False
missing value,ss,size_frac_up,2,,,,/github/workspace/logsheets/filtered/sediment_sampling.csv,XSDDouble,False
missing value,ss,size_frac_up,3,,,,/github/workspace/logsheets/filtered/sediment_sampling.csv,XSDDouble,False
missing value,ss,size_frac_up,4,,,,/github/workspace/logsheets/filtered/sediment_sampling.csv,XSDDouble,False
missing value,ss,size_frac_up,5,,,,/github/workspace/logsheets/filtered/sediment_sampling.csv,XSDDouble,False
missing value,ss,size_frac_up,6,,,,/github/workspace/logsheets/filtered/sediment_sampling.csv,XSDDouble,False
missing value,ss,size_frac_up,7,,,,/github/workspace/logsheets/filtered/sediment_sampling.csv,XSDDouble,False
missing value,ss,size_frac_up,8,,,,/github/workspace/logsheets/filtered/sediment_sampling.csv,XSDDouble,False
missing value,ss,size_frac_up,9,,,,/github/workspace/logsheets/filtered/sediment_sampling.csv,XSDDouble,False
missing value,ss,size_frac_up,10,,,,/github/workspace/logsheets/filtered/sediment_sampling.csv,XSDDouble,False
missing value,ss,size_frac_up,11,,,,/github/workspace/logsheets/filtered/sediment_sampling.csv,XSDDouble,False
missing value,ss,size_frac_up,12,,,,/github/workspace/logsheets/filtered/sediment_sampling.csv,XSDDouble,False
missing value,ss,size_frac_up,13,,,,/github/workspace/logsheets/filtered/sediment_sampling.csv,XSDDouble,False
missing value,ss,size_frac_up,14,,,,/github/workspace/logsheets/filtered/sediment_sampling.csv,XSDDouble,False
missing value,ss,size_frac_up,15,,,,/github/workspace/logsheets/filtered/sediment_sampling.csv,XSDDouble,False
missing value,ss,size_frac_up,16,,,,/github/workspace/logsheets/filtered/sediment_sampling.csv,XSDDouble,False
missing value,ss,size_frac_up,17,,,,/github/workspace/logsheets/filtered/sediment_sampling.csv,XSDDouble,False
missing value,ss,size_frac_up,18,,,,/github/workspace/logsheets/filtered/sediment_sampling.csv,XSDDouble,False
missing value,ss,size_frac_up,19,,,,/github/workspace/logsheets/filtered/sediment_sampling.csv,XSDDouble,False
missing value,ss,size_frac_up,20,,,,/github/workspace/logsheets/filtered/sediment_sampling.csv,XSDDouble,False
missing value,ss,size_frac_up,21,,,,/github/workspace/logsheets/filtered/sediment_sampling.csv,XSDDouble,False
missing value,ss,size_frac_up,22,,,,/github/workspace/logsheets/filtered/sediment_sampling.csv,XSDDouble,False
missing value,ss,size_frac_up,23,,,,/github/workspace/logsheets/filtered/sediment_sampling.csv,XSDDouble,False
missing value,ss,size_frac_up,24,,,,/github/workspace/logsheets/filtered/sediment_sampling.csv,XSDDouble,False
missing value,ss,size_frac_up,25,,,,/github/workspace/logsheets/filtered/sediment_sampling.csv,XSDDouble,False
missing value,ss,size_frac_up,26,,,,/github/workspace/logsheets/filtered/sediment_sampling.csv,XSDDouble,False
missing value,ss,size_frac_up,27,,,,/github/workspace/logsheets/filtered/sediment_sampling.csv,XSDDouble,False
missing value,ss,size_frac_up,28,,,,/github/workspace/logsheets/filtered/sediment_sampling.csv,XSDDouble,False
missing value,ss,size_frac_up,29,,,,/github/workspace/logsheets/filtered/sediment_sampling.csv,XSDDouble,False
missing value,ss,size_frac_up,30,,,,/github/workspace/logsheets/filtered/sediment_sampling.csv,XSDDouble,False
missing value,ss,size_frac_up,31,,,,/github/workspace/logsheets/filtered/sediment_sampling.csv,XSDDouble,False
missing value,ss,size_frac_up,32,,,,/github/workspace/logsheets/filtered/sediment_sampling.csv,XSDDouble,False
missing value,ss,size_frac_up,33,,,,/github/workspace/logsheets/filtered/sediment_sampling.csv,XSDDouble,False
missing value,ss,size_frac_up,34,,,,/github/workspace/logsheets/filtered/sediment_sampling.csv,XSDDouble,False
missing value,ss,size_frac_up,35,,,,/github/workspace/logsheets/filtered/sediment_sampling.csv,XSDDouble,False
missing value,ss,size_frac_up,36,,,,/github/workspace/logsheets/filtered/sediment_sampling.csv,XSDDouble,False
missing value,ss,size_frac_up,37,,,,/github/workspace/logsheets/filtered/sediment_sampling.csv,XSDDouble,False
missing value,ss,size_frac_up,38,,,,/github/workspace/logsheets/filtered/sediment_sampling.csv,XSDDouble,False
missing value,ss,size_frac_up,39,,,,/github/workspace/logsheets/filtered/sediment_sampling.csv,XSDDouble,False
missing value,ss,size_frac_up,40,,,,/github/workspace/logsheets/filtered/sediment_sampling.csv,XSDDouble,False
missing value,ss,size_frac_up,41,,,,/github/workspace/logsheets/filtered/sediment_sampling.csv,XSDDouble,False
missing value,ss,size_frac_up,42,,,,/github/workspace/logsheets/filtered/sediment_sampling.csv,XSDDouble,False
missing value,ss,size_frac_up,43,,,,/github/workspace/logsheets/filtered/sediment_sampling.csv,XSDDouble,False
missing value,ss,size_frac_up,44,,,,/github/workspace/logsheets/filtered/sediment_sampling.csv,XSDDouble,False
missing value,ss,size_frac_up,45,,,,/github/workspace/logsheets/filtered/sediment_sampling.csv,XSDDouble,False
missing value,ss,size_frac_up,126,,,,/github/workspace/logsheets/filtered/sediment_sampling.csv,XSDDouble,False
missing value,ss,size_frac_up,127,,,,/github/workspace/logsheets/filtered/sediment_sampling.csv,XSDDouble,False
missing value,ss,size_frac_up,128,,,,/github/workspace/logsheets/filtered/sediment_sampling.csv,XSDDouble,False
missing value,ss,size_frac_up,129,,,,/github/workspace/logsheets/filtered/sediment_sampling.csv,XSDDouble,False
missing value,ss,size_frac_up,130,,,,/github/workspace/logsheets/filtered/sediment_sampling.csv,XSDDouble,False
missing value,ss,store_person,126,,,,/github/workspace/logsheets/filtered/sediment_sampling.csv,XSDString,False
missing value,ss,store_person,127,,,,/github/workspace/logsheets/filtered/sediment_sampling.csv,XSDString,False
missing value,ss,store_person,128,,,,/github/workspace/logsheets/filtered/sediment_sampling.csv,XSDString,False
missing value,ss,store_person,129,,,,/github/workspace/logsheets/filtered/sediment_sampling.csv,XSDString,False
missing value,ss,store_person,130,,,,/github/workspace/logsheets/filtered/sediment_sampling.csv,XSDString,False
datatype mismatch,ss,store_person_orcid,1,0000-0001-8164-581X,https://orcid.org/0000-0001-8164-581X,,/github/workspace/logsheets/filtered/sediment_sampling.csv,XSDAnyURI,True
datatype mismatch,ss,store_person_orcid,2,0000-0001-8164-581X,https://orcid.org/0000-0001-8164-581X,,/github/workspace/logsheets/filtered/sediment_sampling.csv,XSDAnyURI,True
datatype mismatch,ss,store_person_orcid,3,0000-0001-8164-581X,https://orcid.org/0000-0001-8164-581X,,/github/workspace/logsheets/filtered/sediment_sampling.csv,XSDAnyURI,True
datatype mismatch,ss,store_person_orcid,4,0000-0001-8164-581X,https://orcid.org/0000-0001-8164-581X,,/github/workspace/logsheets/filtered/sediment_sampling.csv,XSDAnyURI,True
datatype mismatch,ss,store_person_orcid,5,0000-0001-8164-581X,https://orcid.org/0000-0001-8164-581X,,/github/workspace/logsheets/filtered/sediment_sampling.csv,XSDAnyURI,True
datatype mismatch,ss,store_person_orcid,6,0000-0001-8164-581X,https://orcid.org/0000-0001-8164-581X,,/github/workspace/logsheets/filtered/sediment_sampling.csv,XSDAnyURI,True
datatype mismatch,ss,store_person_orcid,7,0000-0001-8164-581X,https://orcid.org/0000-0001-8164-581X,,/github/workspace/logsheets/filtered/sediment_sampling.csv,XSDAnyURI,True
datatype mismatch,ss,store_person_orcid,8,0000-0001-8164-581X,https://orcid.org/0000-0001-8164-581X,,/github/workspace/logsheets/filtered/sediment_sampling.csv,XSDAnyURI,True
datatype mismatch,ss,store_person_orcid,9,0000-0001-8164-581X,https://orcid.org/0000-0001-8164-581X,,/github/workspace/logsheets/filtered/sediment_sampling.csv,XSDAnyURI,True
datatype mismatch,ss,store_person_orcid,10,0000-0001-8164-581X,https://orcid.org/0000-0001-8164-581X,,/github/workspace/logsheets/filtered/sediment_sampling.csv,XSDAnyURI,True
datatype mismatch,ss,store_person_orcid,11,0000-0001-8164-581X,https://orcid.org/0000-0001-8164-581X,,/github/workspace/logsheets/filtered/sediment_sampling.csv,XSDAnyURI,True
datatype mismatch,ss,store_person_orcid,12,0000-0001-8164-581X,https://orcid.org/0000-0001-8164-581X,,/github/workspace/logsheets/filtered/sediment_sampling.csv,XSDAnyURI,True
datatype mismatch,ss,store_person_orcid,13,0000-0001-8164-581X,https://orcid.org/0000-0001-8164-581X,,/github/workspace/logsheets/filtered/sediment_sampling.csv,XSDAnyURI,True
datatype mismatch,ss,store_person_orcid,14,0000-0001-8164-581X,https://orcid.org/0000-0001-8164-581X,,/github/workspace/logsheets/filtered/sediment_sampling.csv,XSDAnyURI,True
datatype mismatch,ss,store_person_orcid,15,0000-0001-8164-581X,https://orcid.org/0000-0001-8164-581X,,/github/workspace/logsheets/filtered/sediment_sampling.csv,XSDAnyURI,True
datatype mismatch,ss,store_person_orcid,16,0000-0001-8164-581X,https://orcid.org/0000-0001-8164-581X,,/github/workspace/logsheets/filtered/sediment_sampling.csv,XSDAnyURI,True
datatype mismatch,ss,store_person_orcid,17,0000-0001-8164-581X,https://orcid.org/0000-0001-8164-581X,,/github/workspace/logsheets/filtered/sediment_sampling.csv,XSDAnyURI,True
datatype mismatch,ss,store_person_orcid,18,0000-0001-8164-581X,https://orcid.org/0000-0001-8164-581X,,/github/workspace/logsheets/filtered/sediment_sampling.csv,XSDAnyURI,True
datatype mismatch,ss,store_person_orcid,19,0000-0001-8164-581X,https://orcid.org/0000-0001-8164-581X,,/github/workspace/logsheets/filtered/sediment_sampling.csv,XSDAnyURI,True
datatype mismatch,ss,store_person_orcid,20,0000-0001-8164-581X,https://orcid.org/0000-0001-8164-581X,,/github/workspace/logsheets/filtered/sediment_sampling.csv,XSDAnyURI,True
datatype mismatch,ss,store_person_orcid,21,0000-0001-8164-581X,https://orcid.org/0000-0001-8164-581X,,/github/workspace/logsheets/filtered/sediment_sampling.csv,XSDAnyURI,True
datatype mismatch,ss,store_person_orcid,22,0000-0001-8164-581X,https://orcid.org/0000-0001-8164-581X,,/github/workspace/logsheets/filtered/sediment_sampling.csv,XSDAnyURI,True
datatype mismatch,ss,store_person_orcid,23,0000-0001-8164-581X,https://orcid.org/0000-0001-8164-581X,,/github/workspace/logsheets/filtered/sediment_sampling.csv,XSDAnyURI,True
datatype mismatch,ss,store_person_orcid,24,0000-0001-8164-581X,https://orcid.org/0000-0001-8164-581X,,/github/workspace/logsheets/filtered/sediment_sampling.csv,XSDAnyURI,True
datatype mismatch,ss,store_person_orcid,25,0000-0001-8164-581X,https://orcid.org/0000-0001-8164-581X,,/github/workspace/logsheets/filtered/sediment_sampling.csv,XSDAnyURI,True
datatype mismatch,ss,store_person_orcid,26,0000-0001-8164-581X,https://orcid.org/0000-0001-8164-581X,,/github/workspace/logsheets/filtered/sediment_sampling.csv,XSDAnyURI,True
datatype mismatch,ss,store_person_orcid,27,0000-0001-8164-581X,https://orcid.org/0000-0001-8164-581X,,/github/workspace/logsheets/filtered/sediment_sampling.csv,XSDAnyURI,True
datatype mismatch,ss,store_person_orcid,28,0000-0001-8164-581X,https://orcid.org/0000-0001-8164-581X,,/github/workspace/logsheets/filtered/sediment_sampling.csv,XSDAnyURI,True
datatype mismatch,ss,store_person_orcid,29,0000-0001-8164-581X,https://orcid.org/0000-0001-8164-581X,,/github/workspace/logsheets/filtered/sediment_sampling.csv,XSDAnyURI,True
datatype mismatch,ss,store_person_orcid,30,0000-0001-8164-581X,https://orcid.org/0000-0001-8164-581X,,/github/workspace/logsheets/filtered/sediment_sampling.csv,XSDAnyURI,True
datatype mismatch,ss,store_person_orcid,31,0000-0001-8164-581X,https://orcid.org/0000-0001-8164-581X,,/github/workspace/logsheets/filtered/sediment_sampling.csv,XSDAnyURI,True
datatype mismatch,ss,store_person_orcid,32,0000-0001-8164-581X,https://orcid.org/0000-0001-8164-581X,,/github/workspace/logsheets/filtered/sediment_sampling.csv,XSDAnyURI,True
datatype mismatch,ss,store_person_orcid,33,0000-0001-8164-581X,https://orcid.org/0000-0001-8164-581X,,/github/workspace/logsheets/filtered/sediment_sampling.csv,XSDAnyURI,True
datatype mismatch,ss,store_person_orcid,34,0000-0001-8164-581X,https://orcid.org/0000-0001-8164-581X,,/github/workspace/logsheets/filtered/sediment_sampling.csv,XSDAnyURI,True
datatype mismatch,ss,store_person_orcid,35,0000-0001-8164-581X,https://orcid.org/0000-0001-8164-581X,,/github/workspace/logsheets/filtered/sediment_sampling.csv,XSDAnyURI,True
datatype mismatch,ss,store_person_orcid,36,0000-0001-8164-581X,https://orcid.org/0000-0001-8164-581X,,/github/workspace/logsheets/filtered/sediment_sampling.csv,XSDAnyURI,True
datatype mismatch,ss,store_person_orcid,37,0000-0001-8164-581X,https://orcid.org/0000-0001-8164-581X,,/github/workspace/logsheets/filtered/sediment_sampling.csv,XSDAnyURI,True
datatype mismatch,ss,store_person_orcid,38,0000-0001-8164-581X,https://orcid.org/0000-0001-8164-581X,,/github/workspace/logsheets/filtered/sediment_sampling.csv,XSDAnyURI,True
datatype mismatch,ss,store_person_orcid,39,0000-0001-8164-581X,https://orcid.org/0000-0001-8164-581X,,/github/workspace/logsheets/filtered/sediment_sampling.csv,XSDAnyURI,True
datatype mismatch,ss,store_person_orcid,40,0000-0001-8164-581X,https://orcid.org/0000-0001-8164-581X,,/github/workspace/logsheets/filtered/sediment_sampling.csv,XSDAnyURI,True
datatype mismatch,ss,store_person_orcid,41,0000-0001-8164-581X,https://orcid.org/0000-0001-8164-581X,,/github/workspace/logsheets/filtered/sediment_sampling.csv,XSDAnyURI,True
datatype mismatch,ss,store_person_orcid,42,0000-0001-8164-581X,https://orcid.org/0000-0001-8164-581X,,/github/workspace/logsheets/filtered/sediment_sampling.csv,XSDAnyURI,True
datatype mismatch,ss,store_person_orcid,43,0000-0001-8164-581X,https://orcid.org/0000-0001-8164-581X,,/github/workspace/logsheets/filtered/sediment_sampling.csv,XSDAnyURI,True
datatype mismatch,ss,store_person_orcid,44,0000-0001-8164-581X,https://orcid.org/0000-0001-8164-581X,,/github/workspace/logsheets/filtered/sediment_sampling.csv,XSDAnyURI,True
datatype mismatch,ss,store_person_orcid,45,0000-0001-8164-581X,https://orcid.org/0000-0001-8164-581X,,/github/workspace/logsheets/filtered/sediment_sampling.csv,XSDAnyURI,True
missing value,ss,store_temp_hq,3,,,,/github/workspace/logsheets/filtered/sediment_sampling.csv,XSDDouble,False
missing value,ss,store_temp_hq,4,,,,/github/workspace/logsheets/filtered/sediment_sampling.csv,XSDDouble,False
missing value,ss,store_temp_hq,5,,,,/github/workspace/logsheets/filtered/sediment_sampling.csv,XSDDouble,False
missing value,ss,store_temp_hq,8,,,,/github/workspace/logsheets/filtered/sediment_sampling.csv,XSDDouble,False
missing value,ss,store_temp_hq,9,,,,/github/workspace/logsheets/filtered/sediment_sampling.csv,XSDDouble,False
missing value,ss,store_temp_hq,10,,,,/github/workspace/logsheets/filtered/sediment_sampling.csv,XSDDouble,False
missing value,ss,store_temp_hq,13,,,,/github/workspace/logsheets/filtered/sediment_sampling.csv,XSDDouble,False
missing value,ss,store_temp_hq,14,,,,/github/workspace/logsheets/filtered/sediment_sampling.csv,XSDDouble,False
missing value,ss,store_temp_hq,15,,,,/github/workspace/logsheets/filtered/sediment_sampling.csv,XSDDouble,False
missing value,ss,store_temp_hq,18,,,,/github/workspace/logsheets/filtered/sediment_sampling.csv,XSDDouble,False
missing value,ss,store_temp_hq,19,,,,/github/workspace/logsheets/filtered/sediment_sampling.csv,XSDDouble,False
missing value,ss,store_temp_hq,20,,,,/github/workspace/logsheets/filtered/sediment_sampling.csv,XSDDouble,False
missing value,ss,store_temp_hq,23,,,,/github/workspace/logsheets/filtered/sediment_sampling.csv,XSDDouble,False
missing value,ss,store_temp_hq,24,,,,/github/workspace/logsheets/filtered/sediment_sampling.csv,XSDDouble,False
missing value,ss,store_temp_hq,25,,,,/github/workspace/logsheets/filtered/sediment_sampling.csv,XSDDouble,False
missing value,ss,store_temp_hq,28,,,,/github/workspace/logsheets/filtered/sediment_sampling.csv,XSDDouble,False
missing value,ss,store_temp_hq,29,,,,/github/workspace/logsheets/filtered/sediment_sampling.csv,XSDDouble,False
missing value,ss,store_temp_hq,30,,,,/github/workspace/logsheets/filtered/sediment_sampling.csv,XSDDouble,False
missing value,ss,store_temp_hq,33,,,,/github/workspace/logsheets/filtered/sediment_sampling.csv,XSDDouble,False
missing value,ss,store_temp_hq,34,,,,/github/workspace/logsheets/filtered/sediment_sampling.csv,XSDDouble,False
missing value,ss,store_temp_hq,35,,,,/github/workspace/logsheets/filtered/sediment_sampling.csv,XSDDouble,False
missing value,ss,store_temp_hq,38,,,,/github/workspace/logsheets/filtered/sediment_sampling.csv,XSDDouble,False
missing value,ss,store_temp_hq,39,,,,/github/workspace/logsheets/filtered/sediment_sampling.csv,XSDDouble,False
missing value,ss,store_temp_hq,40,,,,/github/workspace/logsheets/filtered/sediment_sampling.csv,XSDDouble,False
missing value,ss,store_temp_hq,43,,,,/github/workspace/logsheets/filtered/sediment_sampling.csv,XSDDouble,False
missing value,ss,store_temp_hq,44,,,,/github/workspace/logsheets/filtered/sediment_sampling.csv,XSDDouble,False
missing value,ss,store_temp_hq,45,,,,/github/workspace/logsheets/filtered/sediment_sampling.csv,XSDDouble,False
missing value,ss,store_temp_hq,126,,,,/github/workspace/logsheets/filtered/sediment_sampling.csv,XSDDouble,False
missing value,ss,store_temp_hq,127,,,,/github/workspace/logsheets/filtered/sediment_sampling.csv,XSDDouble,False
missing value,ss,store_temp_hq,128,,,,/github/workspace/logsheets/filtered/sediment_sampling.csv,XSDDouble,False
missing value,ss,store_temp_hq,129,,,,/github/workspace/logsheets/filtered/sediment_sampling.csv,XSDDouble,False
missing value,ss,store_temp_hq,130,,,,/github/workspace/logsheets/filtered/sediment_sampling.csv,XSDDouble,False
datatype mismatch,ss,tax_id,1,412755,https://www.ncbi.nlm.nih.gov/taxonomy/browser/wwwtax.cgi?id=412755,,/github/workspace/logsheets/filtered/sediment_sampling.csv,XSDAnyURI,False
datatype mismatch,ss,tax_id,2,412755,https://www.ncbi.nlm.nih.gov/taxonomy/browser/wwwtax.cgi?id=412755,,/github/workspace/logsheets/filtered/sediment_sampling.csv,XSDAnyURI,False
datatype mismatch,ss,tax_id,3,412755,https://www.ncbi.nlm.nih.gov/taxonomy/browser/wwwtax.cgi?id=412755,,/github/workspace/logsheets/filtered/sediment_sampling.csv,XSDAnyURI,False
datatype mismatch,ss,tax_id,4,412755,https://www.ncbi.nlm.nih.gov/taxonomy/browser/wwwtax.cgi?id=412755,,/github/workspace/logsheets/filtered/sediment_sampling.csv,XSDAnyURI,False
datatype mismatch,ss,tax_id,5,256318,https://www.ncbi.nlm.nih.gov/taxonomy/browser/wwwtax.cgi?id=256318,,/github/workspace/logsheets/filtered/sediment_sampling.csv,XSDAnyURI,False
datatype mismatch,ss,tax_id,6,412755,https://www.ncbi.nlm.nih.gov/taxonomy/browser/wwwtax.cgi?id=412755,,/github/workspace/logsheets/filtered/sediment_sampling.csv,XSDAnyURI,False
datatype mismatch,ss,tax_id,7,412755,https://www.ncbi.nlm.nih.gov/taxonomy/browser/wwwtax.cgi?id=412755,,/github/workspace/logsheets/filtered/sediment_sampling.csv,XSDAnyURI,False
datatype mismatch,ss,tax_id,8,412755,https://www.ncbi.nlm.nih.gov/taxonomy/browser/wwwtax.cgi?id=412755,,/github/workspace/logsheets/filtered/sediment_sampling.csv,XSDAnyURI,False
datatype mismatch,ss,tax_id,9,412755,https://www.ncbi.nlm.nih.gov/taxonomy/browser/wwwtax.cgi?id=412755,,/github/workspace/logsheets/filtered/sediment_sampling.csv,XSDAnyURI,False
datatype mismatch,ss,tax_id,10,256318,https://www.ncbi.nlm.nih.gov/taxonomy/browser/wwwtax.cgi?id=256318,,/github/workspace/logsheets/filtered/sediment_sampling.csv,XSDAnyURI,False
datatype mismatch,ss,tax_id,11,412755,https://www.ncbi.nlm.nih.gov/taxonomy/browser/wwwtax.cgi?id=412755,,/github/workspace/logsheets/filtered/sediment_sampling.csv,XSDAnyURI,False
datatype mismatch,ss,tax_id,12,412755,https://www.ncbi.nlm.nih.gov/taxonomy/browser/wwwtax.cgi?id=412755,,/github/workspace/logsheets/filtered/sediment_sampling.csv,XSDAnyURI,False
datatype mismatch,ss,tax_id,13,412755,https://www.ncbi.nlm.nih.gov/taxonomy/browser/wwwtax.cgi?id=412755,,/github/workspace/logsheets/filtered/sediment_sampling.csv,XSDAnyURI,False
datatype mismatch,ss,tax_id,14,412755,https://www.ncbi.nlm.nih.gov/taxonomy/browser/wwwtax.cgi?id=412755,,/github/workspace/logsheets/filtered/sediment_sampling.csv,XSDAnyURI,False
datatype mismatch,ss,tax_id,15,256318,https://www.ncbi.nlm.nih.gov/taxonomy/browser/wwwtax.cgi?id=256318,,/github/workspace/logsheets/filtered/sediment_sampling.csv,XSDAnyURI,False
datatype mismatch,ss,tax_id,16,412755,https://www.ncbi.nlm.nih.gov/taxonomy/browser/wwwtax.cgi?id=412755,,/github/workspace/logsheets/filtered/sediment_sampling.csv,XSDAnyURI,False
datatype mismatch,ss,tax_id,17,412755,https://www.ncbi.nlm.nih.gov/taxonomy/browser/wwwtax.cgi?id=412755,,/github/workspace/logsheets/filtered/sediment_sampling.csv,XSDAnyURI,False
datatype mismatch,ss,tax_id,18,412755,https://www.ncbi.nlm.nih.gov/taxonomy/browser/wwwtax.cgi?id=412755,,/github/workspace/logsheets/filtered/sediment_sampling.csv,XSDAnyURI,False
datatype mismatch,ss,tax_id,19,412755,https://www.ncbi.nlm.nih.gov/taxonomy/browser/wwwtax.cgi?id=412755,,/github/workspace/logsheets/filtered/sediment_sampling.csv,XSDAnyURI,False
datatype mismatch,ss,tax_id,20,256318,https://www.ncbi.nlm.nih.gov/taxonomy/browser/wwwtax.cgi?id=256318,,/github/workspace/logsheets/filtered/sediment_sampling.csv,XSDAnyURI,False
datatype mismatch,ss,tax_id,21,412755,https://www.ncbi.nlm.nih.gov/taxonomy/browser/wwwtax.cgi?id=412755,,/github/workspace/logsheets/filtered/sediment_sampling.csv,XSDAnyURI,False
datatype mismatch,ss,tax_id,22,412755,https://www.ncbi.nlm.nih.gov/taxonomy/browser/wwwtax.cgi?id=412755,,/github/workspace/logsheets/filtered/sediment_sampling.csv,XSDAnyURI,False
datatype mismatch,ss,tax_id,23,412755,https://www.ncbi.nlm.nih.gov/taxonomy/browser/wwwtax.cgi?id=412755,,/github/workspace/logsheets/filtered/sediment_sampling.csv,XSDAnyURI,False
datatype mismatch,ss,tax_id,24,412755,https://www.ncbi.nlm.nih.gov/taxonomy/browser/wwwtax.cgi?id=412755,,/github/workspace/logsheets/filtered/sediment_sampling.csv,XSDAnyURI,False
datatype mismatch,ss,tax_id,25,256318,https://www.ncbi.nlm.nih.gov/taxonomy/browser/wwwtax.cgi?id=256318,,/github/workspace/logsheets/filtered/sediment_sampling.csv,XSDAnyURI,False
datatype mismatch,ss,tax_id,26,412755,https://www.ncbi.nlm.nih.gov/taxonomy/browser/wwwtax.cgi?id=412755,,/github/workspace/logsheets/filtered/sediment_sampling.csv,XSDAnyURI,False
datatype mismatch,ss,tax_id,27,412755,https://www.ncbi.nlm.nih.gov/taxonomy/browser/wwwtax.cgi?id=412755,,/github/workspace/logsheets/filtered/sediment_sampling.csv,XSDAnyURI,False
datatype mismatch,ss,tax_id,28,412755,https://www.ncbi.nlm.nih.gov/taxonomy/browser/wwwtax.cgi?id=412755,,/github/workspace/logsheets/filtered/sediment_sampling.csv,XSDAnyURI,False
datatype mismatch,ss,tax_id,29,412755,https://www.ncbi.nlm.nih.gov/taxonomy/browser/wwwtax.cgi?id=412755,,/github/workspace/logsheets/filtered/sediment_sampling.csv,XSDAnyURI,False
datatype mismatch,ss,tax_id,30,256318,https://www.ncbi.nlm.nih.gov/taxonomy/browser/wwwtax.cgi?id=256318,,/github/workspace/logsheets/filtered/sediment_sampling.csv,XSDAnyURI,False
datatype mismatch,ss,tax_id,31,412755,https://www.ncbi.nlm.nih.gov/taxonomy/browser/wwwtax.cgi?id=412755,,/github/workspace/logsheets/filtered/sediment_sampling.csv,XSDAnyURI,False
datatype mismatch,ss,tax_id,32,412755,https://www.ncbi.nlm.nih.gov/taxonomy/browser/wwwtax.cgi?id=412755,,/github/workspace/logsheets/filtered/sediment_sampling.csv,XSDAnyURI,False
datatype mismatch,ss,tax_id,33,412755,https://www.ncbi.nlm.nih.gov/taxonomy/browser/wwwtax.cgi?id=412755,,/github/workspace/logsheets/filtered/sediment_sampling.csv,XSDAnyURI,False
datatype mismatch,ss,tax_id,34,412755,https://www.ncbi.nlm.nih.gov/taxonomy/browser/wwwtax.cgi?id=412755,,/github/workspace/logsheets/filtered/sediment_sampling.csv,XSDAnyURI,False
datatype mismatch,ss,tax_id,35,256318,https://www.ncbi.nlm.nih.gov/taxonomy/browser/wwwtax.cgi?id=256318,,/github/workspace/logsheets/filtered/sediment_sampling.csv,XSDAnyURI,False
datatype mismatch,ss,tax_id,36,412755,https://www.ncbi.nlm.nih.gov/taxonomy/browser/wwwtax.cgi?id=412755,,/github/workspace/logsheets/filtered/sediment_sampling.csv,XSDAnyURI,False
datatype mismatch,ss,tax_id,37,412755,https://www.ncbi.nlm.nih.gov/taxonomy/browser/wwwtax.cgi?id=412755,,/github/workspace/logsheets/filtered/sediment_sampling.csv,XSDAnyURI,False
datatype mismatch,ss,tax_id,38,412755,https://www.ncbi.nlm.nih.gov/taxonomy/browser/wwwtax.cgi?id=412755,,/github/workspace/logsheets/filtered/sediment_sampling.csv,XSDAnyURI,False
datatype mismatch,ss,tax_id,39,412755,https://www.ncbi.nlm.nih.gov/taxonomy/browser/wwwtax.cgi?id=412755,,/github/workspace/logsheets/filtered/sediment_sampling.csv,XSDAnyURI,False
datatype mismatch,ss,tax_id,40,256318,https://www.ncbi.nlm.nih.gov/taxonomy/browser/wwwtax.cgi?id=256318,,/github/workspace/logsheets/filtered/sediment_sampling.csv,XSDAnyURI,False
datatype mismatch,ss,tax_id,41,412755,https://www.ncbi.nlm.nih.gov/taxonomy/browser/wwwtax.cgi?id=412755,,/github/workspace/logsheets/filtered/sediment_sampling.csv,XSDAnyURI,False
datatype mismatch,ss,tax_id,42,412755,https://www.ncbi.nlm.nih.gov/taxonomy/browser/wwwtax.cgi?id=412755,,/github/workspace/logsheets/filtered/sediment_sampling.csv,XSDAnyURI,False
datatype mismatch,ss,tax_id,43,412755,https://www.ncbi.nlm.nih.gov/taxonomy/browser/wwwtax.cgi?id=412755,,/github/workspace/logsheets/filtered/sediment_sampling.csv,XSDAnyURI,False
datatype mismatch,ss,tax_id,44,412755,https://www.ncbi.nlm.nih.gov/taxonomy/browser/wwwtax.cgi?id=412755,,/github/workspace/logsheets/filtered/sediment_sampling.csv,XSDAnyURI,False
datatype mismatch,ss,tax_id,45,256318,https://www.ncbi.nlm.nih.gov/taxonomy/browser/wwwtax.cgi?id=256318,,/github/workspace/logsheets/filtered/sediment_sampling.csv,XSDAnyURI,False
missing value,ss,tax_id,126,,,,/github/workspace/logsheets/filtered/sediment_sampling.csv,XSDAnyURI,False
missing value,ss,tax_id,127,,,,/github/workspace/logsheets/filtered/sediment_sampling.csv,XSDAnyURI,False
missing value,ss,tax_id,128,,,,/github/workspace/logsheets/filtered/sediment_sampling.csv,XSDAnyURI,False
missing value,ss,tax_id,129,,,,/github/workspace/logsheets/filtered/sediment_sampling.csv,XSDAnyURI,False
missing value,ss,tax_id,130,,,,/github/workspace/logsheets/filtered/sediment_sampling.csv,XSDAnyURI,False
datatype mismatch,ss,failure,1,F,false,,/github/workspace/logsheets/filtered/sediment_sampling.csv,XSDBoolean,False
datatype mismatch,ss,failure,2,F,false,,/github/workspace/logsheets/filtered/sediment_sampling.csv,XSDBoolean,False
missing value,ss,failure,3,,,,/github/workspace/logsheets/filtered/sediment_sampling.csv,XSDBoolean,False
missing value,ss,failure,4,,,,/github/workspace/logsheets/filtered/sediment_sampling.csv,XSDBoolean,False
missing value,ss,failure,5,,,,/github/workspace/logsheets/filtered/sediment_sampling.csv,XSDBoolean,False
datatype mismatch,ss,failure,6,F,false,,/github/workspace/logsheets/filtered/sediment_sampling.csv,XSDBoolean,False
datatype mismatch,ss,failure,7,F,false,,/github/workspace/logsheets/filtered/sediment_sampling.csv,XSDBoolean,False
missing value,ss,failure,8,,,,/github/workspace/logsheets/filtered/sediment_sampling.csv,XSDBoolean,False
missing value,ss,failure,9,,,,/github/workspace/logsheets/filtered/sediment_sampling.csv,XSDBoolean,False
missing value,ss,failure,10,,,,/github/workspace/logsheets/filtered/sediment_sampling.csv,XSDBoolean,False
datatype mismatch,ss,failure,11,F,false,,/github/workspace/logsheets/filtered/sediment_sampling.csv,XSDBoolean,False
datatype mismatch,ss,failure,12,F,false,,/github/workspace/logsheets/filtered/sediment_sampling.csv,XSDBoolean,False
missing value,ss,failure,13,,,,/github/workspace/logsheets/filtered/sediment_sampling.csv,XSDBoolean,False
missing value,ss,failure,14,,,,/github/workspace/logsheets/filtered/sediment_sampling.csv,XSDBoolean,False
missing value,ss,failure,15,,,,/github/workspace/logsheets/filtered/sediment_sampling.csv,XSDBoolean,False
missing value,ss,failure,16,,,,/github/workspace/logsheets/filtered/sediment_sampling.csv,XSDBoolean,False
missing value,ss,failure,17,,,,/github/workspace/logsheets/filtered/sediment_sampling.csv,XSDBoolean,False
missing value,ss,failure,18,,,,/github/workspace/logsheets/filtered/sediment_sampling.csv,XSDBoolean,False
missing value,ss,failure,19,,,,/github/workspace/logsheets/filtered/sediment_sampling.csv,XSDBoolean,False
missing value,ss,failure,20,,,,/github/workspace/logsheets/filtered/sediment_sampling.csv,XSDBoolean,False
missing value,ss,failure,21,,,,/github/workspace/logsheets/filtered/sediment_sampling.csv,XSDBoolean,False
missing value,ss,failure,22,,,,/github/workspace/logsheets/filtered/sediment_sampling.csv,XSDBoolean,False
missing value,ss,failure,23,,,,/github/workspace/logsheets/filtered/sediment_sampling.csv,XSDBoolean,False
missing value,ss,failure,24,,,,/github/workspace/logsheets/filtered/sediment_sampling.csv,XSDBoolean,False
missing value,ss,failure,25,,,,/github/workspace/logsheets/filtered/sediment_sampling.csv,XSDBoolean,False
missing value,ss,failure,26,,,,/github/workspace/logsheets/filtered/sediment_sampling.csv,XSDBoolean,False
missing value,ss,failure,27,,,,/github/workspace/logsheets/filtered/sediment_sampling.csv,XSDBoolean,False
missing value,ss,failure,28,,,,/github/workspace/logsheets/filtered/sediment_sampling.csv,XSDBoolean,False
missing value,ss,failure,29,,,,/github/workspace/logsheets/filtered/sediment_sampling.csv,XSDBoolean,False
missing value,ss,failure,30,,,,/github/workspace/logsheets/filtered/sediment_sampling.csv,XSDBoolean,False
missing value,ss,failure,31,,,,/github/workspace/logsheets/filtered/sediment_sampling.csv,XSDBoolean,False
missing value,ss,failure,32,,,,/github/workspace/logsheets/filtered/sediment_sampling.csv,XSDBoolean,False
missing value,ss,failure,33,,,,/github/workspace/logsheets/filtered/sediment_sampling.csv,XSDBoolean,False
missing value,ss,failure,34,,,,/github/workspace/logsheets/filtered/sediment_sampling.csv,XSDBoolean,False
missing value,ss,failure,35,,,,/github/workspace/logsheets/filtered/sediment_sampling.csv,XSDBoolean,False
datatype mismatch,ss,failure,36,F,false,,/github/workspace/logsheets/filtered/sediment_sampling.csv,XSDBoolean,False
datatype mismatch,ss,failure,37,F,false,,/github/workspace/logsheets/filtered/sediment_sampling.csv,XSDBoolean,False
missing value,ss,failure,38,,,,/github/workspace/logsheets/filtered/sediment_sampling.csv,XSDBoolean,False
missing value,ss,failure,39,,,,/github/workspace/logsheets/filtered/sediment_sampling.csv,XSDBoolean,False
missing value,ss,failure,40,,,,/github/workspace/logsheets/filtered/sediment_sampling.csv,XSDBoolean,False
datatype mismatch,ss,failure,41,F,false,,/github/workspace/logsheets/filtered/sediment_sampling.csv,XSDBoolean,False
datatype mismatch,ss,failure,42,F,false,,/github/workspace/logsheets/filtered/sediment_sampling.csv,XSDBoolean,False
missing value,ss,failure,43,,,,/github/workspace/logsheets/filtered/sediment_sampling.csv,XSDBoolean,False
missing value,ss,failure,44,,,,/github/workspace/logsheets/filtered/sediment_sampling.csv,XSDBoolean,False
missing value,ss,failure,45,,,,/github/workspace/logsheets/filtered/sediment_sampling.csv,XSDBoolean,False
missing value,ss,failure,126,,,,/github/workspace/logsheets/filtered/sediment_sampling.csv,XSDBoolean,False
missing value,ss,failure,127,,,,/github/workspace/logsheets/filtered/sediment_sampling.csv,XSDBoolean,False
missing value,ss,failure,128,,,,/github/workspace/logsheets/filtered/sediment_sampling.csv,XSDBoolean,False
missing value,ss,failure,129,,,,/github/workspace/logsheets/filtered/sediment_sampling.csv,XSDBoolean,False
missing value,ss,failure,130,,,,/github/workspace/logsheets/filtered/sediment_sampling.csv,XSDBoolean,False
missing value,ss,scientific_name,126,,,,/github/workspace/logsheets/filtered/sediment_sampling.csv,XSDString,False
missing value,ss,scientific_name,127,,,,/github/workspace/logsheets/filtered/sediment_sampling.csv,XSDString,False
missing value,ss,scientific_name,128,,,,/github/workspace/logsheets/filtered/sediment_sampling.csv,XSDString,False
missing value,ss,scientific_name,129,,,,/github/workspace/logsheets/filtered/sediment_sampling.csv,XSDString,False
missing value,ss,scientific_name,130,,,,/github/workspace/logsheets/filtered/sediment_sampling.csv,XSDString,False
missing value,ss,comm_samp,126,,,,/github/workspace/logsheets/filtered/sediment_sampling.csv,XSDString,False
missing value,ss,comm_samp,127,,,,/github/workspace/logsheets/filtered/sediment_sampling.csv,XSDString,False
missing value,ss,comm_samp,128,,,,/github/workspace/logsheets/filtered/sediment_sampling.csv,XSDString,False
missing value,ss,comm_samp,129,,,,/github/workspace/logsheets/filtered/sediment_sampling.csv,XSDString,False
missing value,ss,comm_samp,130,,,,/github/workspace/logsheets/filtered/sediment_sampling.csv,XSDString,False
missing value,ss,source_mat_id,128,,,,/github/workspace/logsheets/filtered/sediment_sampling.csv,XSDString,False
missing value,ss,source_mat_id,129,,,,/github/workspace/logsheets/filtered/sediment_sampling.csv,XSDString,False
missing value,ss,source_mat_id,130,,,,/github/workspace/logsheets/filtered/sediment_sampling.csv,XSDString,False
datatype mismatch,ss,samp_store_date,1,2021-08-05 00:00:00,2021-08-05,,/github/workspace/logsheets/filtered/sediment_sampling.csv,XSDDate,False
datatype mismatch,ss,samp_store_date,2,2021-08-05 00:00:00,2021-08-05,,/github/workspace/logsheets/filtered/sediment_sampling.csv,XSDDate,False
datatype mismatch,ss,samp_store_date,3,2021-08-05 00:00:00,2021-08-05,,/github/workspace/logsheets/filtered/sediment_sampling.csv,XSDDate,False
datatype mismatch,ss,samp_store_date,4,2021-08-05 00:00:00,2021-08-05,,/github/workspace/logsheets/filtered/sediment_sampling.csv,XSDDate,False
datatype mismatch,ss,samp_store_date,5,2021-08-05 00:00:00,2021-08-05,,/github/workspace/logsheets/filtered/sediment_sampling.csv,XSDDate,False
datatype mismatch,ss,samp_store_date,6,2021-10-22 00:00:00,2021-10-22,,/github/workspace/logsheets/filtered/sediment_sampling.csv,XSDDate,False
datatype mismatch,ss,samp_store_date,7,2021-10-22 00:00:00,2021-10-22,,/github/workspace/logsheets/filtered/sediment_sampling.csv,XSDDate,False
datatype mismatch,ss,samp_store_date,8,2021-10-22 00:00:00,2021-10-22,,/github/workspace/logsheets/filtered/sediment_sampling.csv,XSDDate,False
datatype mismatch,ss,samp_store_date,9,2021-10-22 00:00:00,2021-10-22,,/github/workspace/logsheets/filtered/sediment_sampling.csv,XSDDate,False
datatype mismatch,ss,samp_store_date,10,2021-10-22 00:00:00,2021-10-22,,/github/workspace/logsheets/filtered/sediment_sampling.csv,XSDDate,False
datatype mismatch,ss,samp_store_date,11,2021-12-20 00:00:00,2021-12-20,,/github/workspace/logsheets/filtered/sediment_sampling.csv,XSDDate,False
datatype mismatch,ss,samp_store_date,12,2021-12-20 00:00:00,2021-12-20,,/github/workspace/logsheets/filtered/sediment_sampling.csv,XSDDate,False
datatype mismatch,ss,samp_store_date,13,2021-12-20 00:00:00,2021-12-20,,/github/workspace/logsheets/filtered/sediment_sampling.csv,XSDDate,False
datatype mismatch,ss,samp_store_date,14,2021-12-20 00:00:00,2021-12-20,,/github/workspace/logsheets/filtered/sediment_sampling.csv,XSDDate,False
datatype mismatch,ss,samp_store_date,15,2021-12-20 00:00:00,2021-12-20,,/github/workspace/logsheets/filtered/sediment_sampling.csv,XSDDate,False
datatype mismatch,ss,samp_store_date,16,2022-02-24 00:00:00,2022-02-24,,/github/workspace/logsheets/filtered/sediment_sampling.csv,XSDDate,False
datatype mismatch,ss,samp_store_date,17,2022-02-24 00:00:00,2022-02-24,,/github/workspace/logsheets/filtered/sediment_sampling.csv,XSDDate,False
datatype mismatch,ss,samp_store_date,18,2022-02-24 00:00:00,2022-02-24,,/github/workspace/logsheets/filtered/sediment_sampling.csv,XSDDate,False
datatype mismatch,ss,samp_store_date,19,2022-02-24 00:00:00,2022-02-24,,/github/workspace/logsheets/filtered/sediment_sampling.csv,XSDDate,False
datatype mismatch,ss,samp_store_date,20,2022-02-24 00:00:00,2022-02-24,,/github/workspace/logsheets/filtered/sediment_sampling.csv,XSDDate,False
datatype mismatch,ss,samp_store_date,21,2022-04-28 00:00:00,2022-04-28,,/github/workspace/logsheets/filtered/sediment_sampling.csv,XSDDate,False
datatype mismatch,ss,samp_store_date,22,2022-04-28 00:00:00,2022-04-28,,/github/workspace/logsheets/filtered/sediment_sampling.csv,XSDDate,False
datatype mismatch,ss,samp_store_date,23,2022-04-28 00:00:00,2022-04-28,,/github/workspace/logsheets/filtered/sediment_sampling.csv,XSDDate,False
datatype mismatch,ss,samp_store_date,24,2022-04-28 00:00:00,2022-04-28,,/github/workspace/logsheets/filtered/sediment_sampling.csv,XSDDate,False
datatype mismatch,ss,samp_store_date,25,2022-04-28 00:00:00,2022-04-28,,/github/workspace/logsheets/filtered/sediment_sampling.csv,XSDDate,False
datatype mismatch,ss,samp_store_date,26,2022-06-29 00:00:00,2022-06-29,,/github/workspace/logsheets/filtered/sediment_sampling.csv,XSDDate,False
datatype mismatch,ss,samp_store_date,27,2022-06-29 00:00:00,2022-06-29,,/github/workspace/logsheets/filtered/sediment_sampling.csv,XSDDate,False
datatype mismatch,ss,samp_store_date,28,2022-06-29 00:00:00,2022-06-29,,/github/workspace/logsheets/filtered/sediment_sampling.csv,XSDDate,False
datatype mismatch,ss,samp_store_date,29,2022-06-29 00:00:00,2022-06-29,,/github/workspace/logsheets/filtered/sediment_sampling.csv,XSDDate,False
datatype mismatch,ss,samp_store_date,30,2022-06-29 00:00:00,2022-06-29,,/github/workspace/logsheets/filtered/sediment_sampling.csv,XSDDate,False
datatype mismatch,ss,samp_store_date,31,2022-09-09 00:00:00,2022-09-09,,/github/workspace/logsheets/filtered/sediment_sampling.csv,XSDDate,False
datatype mismatch,ss,samp_store_date,32,2022-09-09 00:00:00,2022-09-09,,/github/workspace/logsheets/filtered/sediment_sampling.csv,XSDDate,False
datatype mismatch,ss,samp_store_date,33,2022-09-09 00:00:00,2022-09-09,,/github/workspace/logsheets/filtered/sediment_sampling.csv,XSDDate,False
datatype mismatch,ss,samp_store_date,34,2022-09-09 00:00:00,2022-09-09,,/github/workspace/logsheets/filtered/sediment_sampling.csv,XSDDate,False
datatype mismatch,ss,samp_store_date,35,2022-09-09 00:00:00,2022-09-09,,/github/workspace/logsheets/filtered/sediment_sampling.csv,XSDDate,False
datatype mismatch,ss,samp_store_date,36,2022-10-21 00:00:00,2022-10-21,,/github/workspace/logsheets/filtered/sediment_sampling.csv,XSDDate,False
datatype mismatch,ss,samp_store_date,37,2022-10-21 00:00:00,2022-10-21,,/github/workspace/logsheets/filtered/sediment_sampling.csv,XSDDate,False
datatype mismatch,ss,samp_store_date,38,2022-10-21 00:00:00,2022-10-21,,/github/workspace/logsheets/filtered/sediment_sampling.csv,XSDDate,False
datatype mismatch,ss,samp_store_date,39,2022-10-21 00:00:00,2022-10-21,,/github/workspace/logsheets/filtered/sediment_sampling.csv,XSDDate,False
datatype mismatch,ss,samp_store_date,40,2022-10-21 00:00:00,2022-10-21,,/github/workspace/logsheets/filtered/sediment_sampling.csv,XSDDate,False
datatype mismatch,ss,samp_store_date,41,2022-12-16 00:00:00,2022-12-16,,/github/workspace/logsheets/filtered/sediment_sampling.csv,XSDDate,False
datatype mismatch,ss,samp_store_date,42,2022-12-16 00:00:00,2022-12-16,,/github/workspace/logsheets/filtered/sediment_sampling.csv,XSDDate,False
datatype mismatch,ss,samp_store_date,43,2022-12-16 00:00:00,2022-12-16,,/github/workspace/logsheets/filtered/sediment_sampling.csv,XSDDate,False
datatype mismatch,ss,samp_store_date,44,2022-12-16 00:00:00,2022-12-16,,/github/workspace/logsheets/filtered/sediment_sampling.csv,XSDDate,False
datatype mismatch,ss,samp_store_date,45,2022-12-16 00:00:00,2022-12-16,,/github/workspace/logsheets/filtered/sediment_sampling.csv,XSDDate,False
missing value,ss,samp_store_date,126,,,,/github/workspace/logsheets/filtered/sediment_sampling.csv,XSDDate,False
missing value,ss,samp_store_date,127,,,,/github/workspace/logsheets/filtered/sediment_sampling.csv,XSDDate,False
missing value,ss,samp_store_date,128,,,,/github/workspace/logsheets/filtered/sediment_sampling.csv,XSDDate,False
missing value,ss,samp_store_date,129,,,,/github/workspace/logsheets/filtered/sediment_sampling.csv,XSDDate,False
missing value,ss,samp_store_date,130,,,,/github/workspace/logsheets/filtered/sediment_sampling.csv,XSDDate,False
missing value,ss,replicate,126,,,,/github/workspace/logsheets/filtered/sediment_sampling.csv,XSDString,False
missing value,ss,replicate,127,,,,/github/workspace/logsheets/filtered/sediment_sampling.csv,XSDString,False
missing value,ss,replicate,128,,,,/github/workspace/logsheets/filtered/sediment_sampling.csv,XSDString,False
missing value,ss,replicate,129,,,,/github/workspace/logsheets/filtered/sediment_sampling.csv,XSDString,False
missing value,ss,replicate,130,,,,/github/workspace/logsheets/filtered/sediment_sampling.csv,XSDString,False
missing value,ss,failure_comment,1,,,,/github/workspace/logsheets/filtered/sediment_sampling.csv,XSDString,False
missing value,ss,failure_comment,2,,,,/github/workspace/logsheets/filtered/sediment_sampling.csv,XSDString,False
missing value,ss,failure_comment,3,,,,/github/workspace/logsheets/filtered/sediment_sampling.csv,XSDString,False
missing value,ss,failure_comment,4,,,,/github/workspace/logsheets/filtered/sediment_sampling.csv,XSDString,False
missing value,ss,failure_comment,5,,,,/github/workspace/logsheets/filtered/sediment_sampling.csv,XSDString,False
missing value,ss,failure_comment,6,,,,/github/workspace/logsheets/filtered/sediment_sampling.csv,XSDString,False
missing value,ss,failure_comment,7,,,,/github/workspace/logsheets/filtered/sediment_sampling.csv,XSDString,False
missing value,ss,failure_comment,8,,,,/github/workspace/logsheets/filtered/sediment_sampling.csv,XSDString,False
missing value,ss,failure_comment,9,,,,/github/workspace/logsheets/filtered/sediment_sampling.csv,XSDString,False
missing value,ss,failure_comment,10,,,,/github/workspace/logsheets/filtered/sediment_sampling.csv,XSDString,False
missing value,ss,failure_comment,11,,,,/github/workspace/logsheets/filtered/sediment_sampling.csv,XSDString,False
missing value,ss,failure_comment,12,,,,/github/workspace/logsheets/filtered/sediment_sampling.csv,XSDString,False
missing value,ss,failure_comment,13,,,,/github/workspace/logsheets/filtered/sediment_sampling.csv,XSDString,False
missing value,ss,failure_comment,14,,,,/github/workspace/logsheets/filtered/sediment_sampling.csv,XSDString,False
missing value,ss,failure_comment,15,,,,/github/workspace/logsheets/filtered/sediment_sampling.csv,XSDString,False
missing value,ss,failure_comment,16,,,,/github/workspace/logsheets/filtered/sediment_sampling.csv,XSDString,False
missing value,ss,failure_comment,17,,,,/github/workspace/logsheets/filtered/sediment_sampling.csv,XSDString,False
missing value,ss,failure_comment,18,,,,/github/workspace/logsheets/filtered/sediment_sampling.csv,XSDString,False
missing value,ss,failure_comment,19,,,,/github/workspace/logsheets/filtered/sediment_sampling.csv,XSDString,False
missing value,ss,failure_comment,20,,,,/github/workspace/logsheets/filtered/sediment_sampling.csv,XSDString,False
missing value,ss,failure_comment,21,,,,/github/workspace/logsheets/filtered/sediment_sampling.csv,XSDString,False
missing value,ss,failure_comment,22,,,,/github/workspace/logsheets/filtered/sediment_sampling.csv,XSDString,False
missing value,ss,failure_comment,23,,,,/github/workspace/logsheets/filtered/sediment_sampling.csv,XSDString,False
missing value,ss,failure_comment,24,,,,/github/workspace/logsheets/filtered/sediment_sampling.csv,XSDString,False
missing value,ss,failure_comment,25,,,,/github/workspace/logsheets/filtered/sediment_sampling.csv,XSDString,False
missing value,ss,failure_comment,26,,,,/github/workspace/logsheets/filtered/sediment_sampling.csv,XSDString,False
missing value,ss,failure_comment,27,,,,/github/workspace/logsheets/filtered/sediment_sampling.csv,XSDString,False
missing value,ss,failure_comment,28,,,,/github/workspace/logsheets/filtered/sediment_sampling.csv,XSDString,False
missing value,ss,failure_comment,29,,,,/github/workspace/logsheets/filtered/sediment_sampling.csv,XSDString,False
missing value,ss,failure_comment,30,,,,/github/workspace/logsheets/filtered/sediment_sampling.csv,XSDString,False
missing value,ss,failure_comment,31,,,,/github/workspace/logsheets/filtered/sediment_sampling.csv,XSDString,False
missing value,ss,failure_comment,32,,,,/github/workspace/logsheets/filtered/sediment_sampling.csv,XSDString,False
missing value,ss,failure_comment,33,,,,/github/workspace/logsheets/filtered/sediment_sampling.csv,XSDString,False
missing value,ss,failure_comment,34,,,,/github/workspace/logsheets/filtered/sediment_sampling.csv,XSDString,False
missing value,ss,failure_comment,35,,,,/github/workspace/logsheets/filtered/sediment_sampling.csv,XSDString,False
missing value,ss,failure_comment,36,,,,/github/workspace/logsheets/filtered/sediment_sampling.csv,XSDString,False
missing value,ss,failure_comment,37,,,,/github/workspace/logsheets/filtered/sediment_sampling.csv,XSDString,False
missing value,ss,failure_comment,38,,,,/github/workspace/logsheets/filtered/sediment_sampling.csv,XSDString,False
missing value,ss,failure_comment,39,,,,/github/workspace/logsheets/filtered/sediment_sampling.csv,XSDString,False
missing value,ss,failure_comment,40,,,,/github/workspace/logsheets/filtered/sediment_sampling.csv,XSDString,False
missing value,ss,failure_comment,41,,,,/github/workspace/logsheets/filtered/sediment_sampling.csv,XSDString,False
missing value,ss,failure_comment,42,,,,/github/workspace/logsheets/filtered/sediment_sampling.csv,XSDString,False
missing value,ss,failure_comment,43,,,,/github/workspace/logsheets/filtered/sediment_sampling.csv,XSDString,False
missing value,ss,failure_comment,44,,,,/github/workspace/logsheets/filtered/sediment_sampling.csv,XSDString,False
missing value,ss,failure_comment,45,,,,/github/workspace/logsheets/filtered/sediment_sampling.csv,XSDString,False
missing value,ss,failure_comment,126,,,,/github/workspace/logsheets/filtered/sediment_sampling.csv,XSDString,False
missing value,ss,failure_comment,127,,,,/github/workspace/logsheets/filtered/sediment_sampling.csv,XSDString,False
missing value,ss,failure_comment,128,,,,/github/workspace/logsheets/filtered/sediment_sampling.csv,XSDString,False
missing value,ss,failure_comment,129,,,,/github/workspace/logsheets/filtered/sediment_sampling.csv,XSDString,False
missing value,ss,failure_comment,130,,,,/github/workspace/logsheets/filtered/sediment_sampling.csv,XSDString,False
missing value,wm,sea_subsurf_salinity,251,,,,/github/workspace/logsheets/filtered/water_measured.csv,XSDDouble,False
missing value,wm,sea_subsurf_salinity,252,,,,/github/workspace/logsheets/filtered/water_measured.csv,XSDDouble,False
missing value,wm,sea_subsurf_salinity,253,,,,/github/workspace/logsheets/filtered/water_measured.csv,XSDDouble,False
missing value,wm,sea_subsurf_salinity,254,,,,/github/workspace/logsheets/filtered/water_measured.csv,XSDDouble,False
missing value,wm,sea_subsurf_salinity,255,,,,/github/workspace/logsheets/filtered/water_measured.csv,XSDDouble,False
missing value,wm,sea_subsurf_salinity,256,,,,/github/workspace/logsheets/filtered/water_measured.csv,XSDDouble,False
missing value,wm,sea_subsurf_salinity,257,,,,/github/workspace/logsheets/filtered/water_measured.csv,XSDDouble,False
missing value,wm,sea_subsurf_salinity,258,,,,/github/workspace/logsheets/filtered/water_measured.csv,XSDDouble,False
missing value,wm,sea_subsurf_salinity,259,,,,/github/workspace/logsheets/filtered/water_measured.csv,XSDDouble,False
missing value,wm,sea_subsurf_salinity,260,,,,/github/workspace/logsheets/filtered/water_measured.csv,XSDDouble,False
missing value,wm,sea_subsurf_salinity,261,,,,/github/workspace/logsheets/filtered/water_measured.csv,XSDDouble,False
missing value,wm,sea_subsurf_salinity,262,,,,/github/workspace/logsheets/filtered/water_measured.csv,XSDDouble,False
missing value,wm,sea_subsurf_salinity,263,,,,/github/workspace/logsheets/filtered/water_measured.csv,XSDDouble,False
missing value,wm,sea_subsurf_salinity,264,,,,/github/workspace/logsheets/filtered/water_measured.csv,XSDDouble,False
missing value,wm,sea_subsurf_salinity_method,251,,,,/github/workspace/logsheets/filtered/water_measured.csv,XSDString,False
missing value,wm,sea_subsurf_salinity_method,252,,,,/github/workspace/logsheets/filtered/water_measured.csv,XSDString,False
missing value,wm,sea_subsurf_salinity_method,253,,,,/github/workspace/logsheets/filtered/water_measured.csv,XSDString,False
missing value,wm,sea_subsurf_salinity_method,254,,,,/github/workspace/logsheets/filtered/water_measured.csv,XSDString,False
missing value,wm,sea_subsurf_salinity_method,255,,,,/github/workspace/logsheets/filtered/water_measured.csv,XSDString,False
missing value,wm,sea_subsurf_salinity_method,256,,,,/github/workspace/logsheets/filtered/water_measured.csv,XSDString,False
missing value,wm,sea_subsurf_salinity_method,257,,,,/github/workspace/logsheets/filtered/water_measured.csv,XSDString,False
missing value,wm,sea_subsurf_salinity_method,258,,,,/github/workspace/logsheets/filtered/water_measured.csv,XSDString,False
missing value,wm,sea_subsurf_salinity_method,259,,,,/github/workspace/logsheets/filtered/water_measured.csv,XSDString,False
missing value,wm,sea_subsurf_salinity_method,260,,,,/github/workspace/logsheets/filtered/water_measured.csv,XSDString,False
missing value,wm,sea_subsurf_salinity_method,261,,,,/github/workspace/logsheets/filtered/water_measured.csv,XSDString,False
missing value,wm,sea_subsurf_salinity_method,262,,,,/github/workspace/logsheets/filtered/water_measured.csv,XSDString,False
missing value,wm,sea_subsurf_salinity_method,263,,,,/github/workspace/logsheets/filtered/water_measured.csv,XSDString,False
missing value,wm,sea_subsurf_salinity_method,264,,,,/github/workspace/logsheets/filtered/water_measured.csv,XSDString,False
missing value,wm,sea_subsurf_temp,251,,,,/github/workspace/logsheets/filtered/water_measured.csv,XSDDouble,False
missing value,wm,sea_subsurf_temp,252,,,,/github/workspace/logsheets/filtered/water_measured.csv,XSDDouble,False
missing value,wm,sea_subsurf_temp,253,,,,/github/workspace/logsheets/filtered/water_measured.csv,XSDDouble,False
missing value,wm,sea_subsurf_temp,254,,,,/github/workspace/logsheets/filtered/water_measured.csv,XSDDouble,False
missing value,wm,sea_subsurf_temp,255,,,,/github/workspace/logsheets/filtered/water_measured.csv,XSDDouble,False
missing value,wm,sea_subsurf_temp,256,,,,/github/workspace/logsheets/filtered/water_measured.csv,XSDDouble,False
missing value,wm,sea_subsurf_temp,257,,,,/github/workspace/logsheets/filtered/water_measured.csv,XSDDouble,False
missing value,wm,sea_subsurf_temp,258,,,,/github/workspace/logsheets/filtered/water_measured.csv,XSDDouble,False
missing value,wm,sea_subsurf_temp,259,,,,/github/workspace/logsheets/filtered/water_measured.csv,XSDDouble,False
missing value,wm,sea_subsurf_temp,260,,,,/github/workspace/logsheets/filtered/water_measured.csv,XSDDouble,False
missing value,wm,sea_subsurf_temp,261,,,,/github/workspace/logsheets/filtered/water_measured.csv,XSDDouble,False
missing value,wm,sea_subsurf_temp,262,,,,/github/workspace/logsheets/filtered/water_measured.csv,XSDDouble,False
missing value,wm,sea_subsurf_temp,263,,,,/github/workspace/logsheets/filtered/water_measured.csv,XSDDouble,False
missing value,wm,sea_subsurf_temp,264,,,,/github/workspace/logsheets/filtered/water_measured.csv,XSDDouble,False
missing value,wm,sea_subsurf_temp_method,251,,,,/github/workspace/logsheets/filtered/water_measured.csv,XSDString,False
missing value,wm,sea_subsurf_temp_method,252,,,,/github/workspace/logsheets/filtered/water_measured.csv,XSDString,False
missing value,wm,sea_subsurf_temp_method,253,,,,/github/workspace/logsheets/filtered/water_measured.csv,XSDString,False
missing value,wm,sea_subsurf_temp_method,254,,,,/github/workspace/logsheets/filtered/water_measured.csv,XSDString,False
missing value,wm,sea_subsurf_temp_method,255,,,,/github/workspace/logsheets/filtered/water_measured.csv,XSDString,False
missing value,wm,sea_subsurf_temp_method,256,,,,/github/workspace/logsheets/filtered/water_measured.csv,XSDString,False
missing value,wm,sea_subsurf_temp_method,257,,,,/github/workspace/logsheets/filtered/water_measured.csv,XSDString,False
missing value,wm,sea_subsurf_temp_method,258,,,,/github/workspace/logsheets/filtered/water_measured.csv,XSDString,False
missing value,wm,sea_subsurf_temp_method,259,,,,/github/workspace/logsheets/filtered/water_measured.csv,XSDString,False
missing value,wm,sea_subsurf_temp_method,260,,,,/github/workspace/logsheets/filtered/water_measured.csv,XSDString,False
missing value,wm,sea_subsurf_temp_method,261,,,,/github/workspace/logsheets/filtered/water_measured.csv,XSDString,False
missing value,wm,sea_subsurf_temp_method,262,,,,/github/workspace/logsheets/filtered/water_measured.csv,XSDString,False
missing value,wm,sea_subsurf_temp_method,263,,,,/github/workspace/logsheets/filtered/water_measured.csv,XSDString,False
missing value,wm,sea_subsurf_temp_method,264,,,,/github/workspace/logsheets/filtered/water_measured.csv,XSDString,False
missing value,wm,sea_surf_temp,251,,,,/github/workspace/logsheets/filtered/water_measured.csv,XSDDouble,False
missing value,wm,sea_surf_temp,252,,,,/github/workspace/logsheets/filtered/water_measured.csv,XSDDouble,False
missing value,wm,sea_surf_temp,253,,,,/github/workspace/logsheets/filtered/water_measured.csv,XSDDouble,False
missing value,wm,sea_surf_temp,254,,,,/github/workspace/logsheets/filtered/water_measured.csv,XSDDouble,False
missing value,wm,sea_surf_temp,255,,,,/github/workspace/logsheets/filtered/water_measured.csv,XSDDouble,False
missing value,wm,sea_surf_temp,256,,,,/github/workspace/logsheets/filtered/water_measured.csv,XSDDouble,False
missing value,wm,sea_surf_temp,257,,,,/github/workspace/logsheets/filtered/water_measured.csv,XSDDouble,False
missing value,wm,sea_surf_temp,258,,,,/github/workspace/logsheets/filtered/water_measured.csv,XSDDouble,False
missing value,wm,sea_surf_temp,259,,,,/github/workspace/logsheets/filtered/water_measured.csv,XSDDouble,False
missing value,wm,sea_surf_temp,260,,,,/github/workspace/logsheets/filtered/water_measured.csv,XSDDouble,False
missing value,wm,sea_surf_temp,261,,,,/github/workspace/logsheets/filtered/water_measured.csv,XSDDouble,False
missing value,wm,sea_surf_temp,262,,,,/github/workspace/logsheets/filtered/water_measured.csv,XSDDouble,False
missing value,wm,sea_surf_temp,263,,,,/github/workspace/logsheets/filtered/water_measured.csv,XSDDouble,False
missing value,wm,sea_surf_temp,264,,,,/github/workspace/logsheets/filtered/water_measured.csv,XSDDouble,False
missing value,wm,sea_surf_temp_method,251,,,,/github/workspace/logsheets/filtered/water_measured.csv,XSDString,False
missing value,wm,sea_surf_temp_method,252,,,,/github/workspace/logsheets/filtered/water_measured.csv,XSDString,False
missing value,wm,sea_surf_temp_method,253,,,,/github/workspace/logsheets/filtered/water_measured.csv,XSDString,False
missing value,wm,sea_surf_temp_method,254,,,,/github/workspace/logsheets/filtered/water_measured.csv,XSDString,False
missing value,wm,sea_surf_temp_method,255,,,,/github/workspace/logsheets/filtered/water_measured.csv,XSDString,False
missing value,wm,sea_surf_temp_method,256,,,,/github/workspace/logsheets/filtered/water_measured.csv,XSDString,False
missing value,wm,sea_surf_temp_method,257,,,,/github/workspace/logsheets/filtered/water_measured.csv,XSDString,False
missing value,wm,sea_surf_temp_method,258,,,,/github/workspace/logsheets/filtered/water_measured.csv,XSDString,False
missing value,wm,sea_surf_temp_method,259,,,,/github/workspace/logsheets/filtered/water_measured.csv,XSDString,False
missing value,wm,sea_surf_temp_method,260,,,,/github/workspace/logsheets/filtered/water_measured.csv,XSDString,False
missing value,wm,sea_surf_temp_method,261,,,,/github/workspace/logsheets/filtered/water_measured.csv,XSDString,False
missing value,wm,sea_surf_temp_method,262,,,,/github/workspace/logsheets/filtered/water_measured.csv,XSDString,False
missing value,wm,sea_surf_temp_method,263,,,,/github/workspace/logsheets/filtered/water_measured.csv,XSDString,False
missing value,wm,sea_surf_temp_method,264,,,,/github/workspace/logsheets/filtered/water_measured.csv,XSDString,False
missing value,wm,source_mat_id,251,,,,/github/workspace/logsheets/filtered/water_measured.csv,XSDString,False
missing value,wm,source_mat_id,252,,,,/github/workspace/logsheets/filtered/water_measured.csv,XSDString,False
missing value,wm,source_mat_id,253,,,,/github/workspace/logsheets/filtered/water_measured.csv,XSDString,False
missing value,wm,source_mat_id,254,,,,/github/workspace/logsheets/filtered/water_measured.csv,XSDString,False
missing value,wm,source_mat_id,255,,,,/github/workspace/logsheets/filtered/water_measured.csv,XSDString,False
missing value,wm,source_mat_id,256,,,,/github/workspace/logsheets/filtered/water_measured.csv,XSDString,False
missing value,wm,source_mat_id,257,,,,/github/workspace/logsheets/filtered/water_measured.csv,XSDString,False
missing value,wm,source_mat_id,258,,,,/github/workspace/logsheets/filtered/water_measured.csv,XSDString,False
missing value,wm,source_mat_id,259,,,,/github/workspace/logsheets/filtered/water_measured.csv,XSDString,False
missing value,wm,source_mat_id,260,,,,/github/workspace/logsheets/filtered/water_measured.csv,XSDString,False
missing value,wm,source_mat_id,261,,,,/github/workspace/logsheets/filtered/water_measured.csv,XSDString,False
missing value,wm,source_mat_id,262,,,,/github/workspace/logsheets/filtered/water_measured.csv,XSDString,False
missing value,wm,source_mat_id,263,,,,/github/workspace/logsheets/filtered/water_measured.csv,XSDString,False
missing value,wm,source_mat_id,264,,,,/github/workspace/logsheets/filtered/water_measured.csv,XSDString,False
datatype mismatch,wo,contact_orcid,1,0000-0001-8164-581X,https://orcid.org/0000-0001-8164-581X,,/github/workspace/logsheets/filtered/water_observatory.csv,XSDAnyURI,True
datatype mismatch,wo,loc_broad_ocean_mrgid,1,1902,http://marineregions.org/mrgid/1902,,/github/workspace/logsheets/filtered/water_observatory.csv,XSDAnyURI,False
datatype mismatch,wo,loc_loc_mrgid,1,29473,http://marineregions.org/mrgid/29473,,/github/workspace/logsheets/filtered/water_observatory.csv,XSDAnyURI,False
datatype mismatch,wo,loc_regional_mrgid,1,1912,http://marineregions.org/mrgid/1912,,/github/workspace/logsheets/filtered/water_observatory.csv,XSDAnyURI,False
datatype mismatch,wo,ENA_accession_number_project,1,PRJEB51661,https://identifiers.org/ena.embl:PRJEB51661,,/github/workspace/logsheets/filtered/water_observatory.csv,XSDAnyURI,False
datatype mismatch,wo,ENA_accession_number_umbrella,1,PRJEB51688,https://identifiers.org/ena.embl:PRJEB51688,,/github/workspace/logsheets/filtered/water_observatory.csv,XSDAnyURI,False
datatype mismatch,ws,ENA_accession_number_sample,1,ERS20568945,https://identifiers.org/ena.embl:ERS20568945,,/github/workspace/logsheets/filtered/water_sampling.csv,XSDAnyURI,False
datatype mismatch,ws,ENA_accession_number_sample,2,ERS20568946,https://identifiers.org/ena.embl:ERS20568946,,/github/workspace/logsheets/filtered/water_sampling.csv,XSDAnyURI,False
missing value,ws,ENA_accession_number_sample,3,,,,/github/workspace/logsheets/filtered/water_sampling.csv,XSDAnyURI,False
missing value,ws,ENA_accession_number_sample,4,,,,/github/workspace/logsheets/filtered/water_sampling.csv,XSDAnyURI,False
datatype mismatch,ws,ENA_accession_number_sample,5,ERS20568947,https://identifiers.org/ena.embl:ERS20568947,,/github/workspace/logsheets/filtered/water_sampling.csv,XSDAnyURI,False
datatype mismatch,ws,ENA_accession_number_sample,6,ERS20568948,https://identifiers.org/ena.embl:ERS20568948,,/github/workspace/logsheets/filtered/water_sampling.csv,XSDAnyURI,False
missing value,ws,ENA_accession_number_sample,7,,,,/github/workspace/logsheets/filtered/water_sampling.csv,XSDAnyURI,False
missing value,ws,ENA_accession_number_sample,8,,,,/github/workspace/logsheets/filtered/water_sampling.csv,XSDAnyURI,False
missing value,ws,ENA_accession_number_sample,9,,,,/github/workspace/logsheets/filtered/water_sampling.csv,XSDAnyURI,False
missing value,ws,ENA_accession_number_sample,10,,,,/github/workspace/logsheets/filtered/water_sampling.csv,XSDAnyURI,False
datatype mismatch,ws,ENA_accession_number_sample,11,ERS20568949,https://identifiers.org/ena.embl:ERS20568949,,/github/workspace/logsheets/filtered/water_sampling.csv,XSDAnyURI,False
datatype mismatch,ws,ENA_accession_number_sample,12,ERS20568950,https://identifiers.org/ena.embl:ERS20568950,,/github/workspace/logsheets/filtered/water_sampling.csv,XSDAnyURI,False
missing value,ws,ENA_accession_number_sample,13,,,,/github/workspace/logsheets/filtered/water_sampling.csv,XSDAnyURI,False
missing value,ws,ENA_accession_number_sample,14,,,,/github/workspace/logsheets/filtered/water_sampling.csv,XSDAnyURI,False
datatype mismatch,ws,ENA_accession_number_sample,15,ERS20568951,https://identifiers.org/ena.embl:ERS20568951,,/github/workspace/logsheets/filtered/water_sampling.csv,XSDAnyURI,False
datatype mismatch,ws,ENA_accession_number_sample,16,ERS20568952,https://identifiers.org/ena.embl:ERS20568952,,/github/workspace/logsheets/filtered/water_sampling.csv,XSDAnyURI,False
missing value,ws,ENA_accession_number_sample,17,,,,/github/workspace/logsheets/filtered/water_sampling.csv,XSDAnyURI,False
missing value,ws,ENA_accession_number_sample,18,,,,/github/workspace/logsheets/filtered/water_sampling.csv,XSDAnyURI,False
missing value,ws,ENA_accession_number_sample,19,,,,/github/workspace/logsheets/filtered/water_sampling.csv,XSDAnyURI,False
missing value,ws,ENA_accession_number_sample,20,,,,/github/workspace/logsheets/filtered/water_sampling.csv,XSDAnyURI,False
datatype mismatch,ws,ENA_accession_number_sample,21,ERS20568953,https://identifiers.org/ena.embl:ERS20568953,,/github/workspace/logsheets/filtered/water_sampling.csv,XSDAnyURI,False
datatype mismatch,ws,ENA_accession_number_sample,22,ERS20568954,https://identifiers.org/ena.embl:ERS20568954,,/github/workspace/logsheets/filtered/water_sampling.csv,XSDAnyURI,False
missing value,ws,ENA_accession_number_sample,23,,,,/github/workspace/logsheets/filtered/water_sampling.csv,XSDAnyURI,False
missing value,ws,ENA_accession_number_sample,24,,,,/github/workspace/logsheets/filtered/water_sampling.csv,XSDAnyURI,False
datatype mismatch,ws,ENA_accession_number_sample,25,ERS20568955,https://identifiers.org/ena.embl:ERS20568955,,/github/workspace/logsheets/filtered/water_sampling.csv,XSDAnyURI,False
datatype mismatch,ws,ENA_accession_number_sample,26,ERS20568956,https://identifiers.org/ena.embl:ERS20568956,,/github/workspace/logsheets/filtered/water_sampling.csv,XSDAnyURI,False
missing value,ws,ENA_accession_number_sample,27,,,,/github/workspace/logsheets/filtered/water_sampling.csv,XSDAnyURI,False
missing value,ws,ENA_accession_number_sample,28,,,,/github/workspace/logsheets/filtered/water_sampling.csv,XSDAnyURI,False
missing value,ws,ENA_accession_number_sample,29,,,,/github/workspace/logsheets/filtered/water_sampling.csv,XSDAnyURI,False
missing value,ws,ENA_accession_number_sample,30,,,,/github/workspace/logsheets/filtered/water_sampling.csv,XSDAnyURI,False
missing value,ws,ENA_accession_number_sample,31,,,,/github/workspace/logsheets/filtered/water_sampling.csv,XSDAnyURI,False
missing value,ws,ENA_accession_number_sample,32,,,,/github/workspace/logsheets/filtered/water_sampling.csv,XSDAnyURI,False
missing value,ws,ENA_accession_number_sample,33,,,,/github/workspace/logsheets/filtered/water_sampling.csv,XSDAnyURI,False
missing value,ws,ENA_accession_number_sample,34,,,,/github/workspace/logsheets/filtered/water_sampling.csv,XSDAnyURI,False
missing value,ws,ENA_accession_number_sample,35,,,,/github/workspace/logsheets/filtered/water_sampling.csv,XSDAnyURI,False
missing value,ws,ENA_accession_number_sample,36,,,,/github/workspace/logsheets/filtered/water_sampling.csv,XSDAnyURI,False
missing value,ws,ENA_accession_number_sample,37,,,,/github/workspace/logsheets/filtered/water_sampling.csv,XSDAnyURI,False
missing value,ws,ENA_accession_number_sample,38,,,,/github/workspace/logsheets/filtered/water_sampling.csv,XSDAnyURI,False
missing value,ws,ENA_accession_number_sample,39,,,,/github/workspace/logsheets/filtered/water_sampling.csv,XSDAnyURI,False
missing value,ws,ENA_accession_number_sample,40,,,,/github/workspace/logsheets/filtered/water_sampling.csv,XSDAnyURI,False
missing value,ws,ENA_accession_number_sample,41,,,,/github/workspace/logsheets/filtered/water_sampling.csv,XSDAnyURI,False
missing value,ws,ENA_accession_number_sample,42,,,,/github/workspace/logsheets/filtered/water_sampling.csv,XSDAnyURI,False
missing value,ws,ENA_accession_number_sample,43,,,,/github/workspace/logsheets/filtered/water_sampling.csv,XSDAnyURI,False
missing value,ws,ENA_accession_number_sample,44,,,,/github/workspace/logsheets/filtered/water_sampling.csv,XSDAnyURI,False
missing value,ws,ENA_accession_number_sample,45,,,,/github/workspace/logsheets/filtered/water_sampling.csv,XSDAnyURI,False
missing value,ws,ENA_accession_number_sample,46,,,,/github/workspace/logsheets/filtered/water_sampling.csv,XSDAnyURI,False
missing value,ws,ENA_accession_number_sample,47,,,,/github/workspace/logsheets/filtered/water_sampling.csv,XSDAnyURI,False
missing value,ws,ENA_accession_number_sample,48,,,,/github/workspace/logsheets/filtered/water_sampling.csv,XSDAnyURI,False
missing value,ws,ENA_accession_number_sample,49,,,,/github/workspace/logsheets/filtered/water_sampling.csv,XSDAnyURI,False
missing value,ws,ENA_accession_number_sample,50,,,,/github/workspace/logsheets/filtered/water_sampling.csv,XSDAnyURI,False
missing value,ws,ENA_accession_number_sample,51,,,,/github/workspace/logsheets/filtered/water_sampling.csv,XSDAnyURI,False
missing value,ws,ENA_accession_number_sample,52,,,,/github/workspace/logsheets/filtered/water_sampling.csv,XSDAnyURI,False
missing value,ws,ENA_accession_number_sample,53,,,,/github/workspace/logsheets/filtered/water_sampling.csv,XSDAnyURI,False
missing value,ws,ENA_accession_number_sample,54,,,,/github/workspace/logsheets/filtered/water_sampling.csv,XSDAnyURI,False
missing value,ws,ENA_accession_number_sample,55,,,,/github/workspace/logsheets/filtered/water_sampling.csv,XSDAnyURI,False
missing value,ws,ENA_accession_number_sample,56,,,,/github/workspace/logsheets/filtered/water_sampling.csv,XSDAnyURI,False
missing value,ws,ENA_accession_number_sample,57,,,,/github/workspace/logsheets/filtered/water_sampling.csv,XSDAnyURI,False
missing value,ws,ENA_accession_number_sample,58,,,,/github/workspace/logsheets/filtered/water_sampling.csv,XSDAnyURI,False
missing value,ws,ENA_accession_number_sample,59,,,,/github/workspace/logsheets/filtered/water_sampling.csv,XSDAnyURI,False
missing value,ws,ENA_accession_number_sample,60,,,,/github/workspace/logsheets/filtered/water_sampling.csv,XSDAnyURI,False
missing value,ws,ENA_accession_number_sample,61,,,,/github/workspace/logsheets/filtered/water_sampling.csv,XSDAnyURI,False
missing value,ws,ENA_accession_number_sample,62,,,,/github/workspace/logsheets/filtered/water_sampling.csv,XSDAnyURI,False
missing value,ws,ENA_accession_number_sample,63,,,,/github/workspace/logsheets/filtered/water_sampling.csv,XSDAnyURI,False
missing value,ws,ENA_accession_number_sample,64,,,,/github/workspace/logsheets/filtered/water_sampling.csv,XSDAnyURI,False
missing value,ws,ENA_accession_number_sample,65,,,,/github/workspace/logsheets/filtered/water_sampling.csv,XSDAnyURI,False
missing value,ws,ENA_accession_number_sample,66,,,,/github/workspace/logsheets/filtered/water_sampling.csv,XSDAnyURI,False
missing value,ws,ENA_accession_number_sample,67,,,,/github/workspace/logsheets/filtered/water_sampling.csv,XSDAnyURI,False
missing value,ws,ENA_accession_number_sample,68,,,,/github/workspace/logsheets/filtered/water_sampling.csv,XSDAnyURI,False
missing value,ws,ENA_accession_number_sample,69,,,,/github/workspace/logsheets/filtered/water_sampling.csv,XSDAnyURI,False
missing value,ws,ENA_accession_number_sample,70,,,,/github/workspace/logsheets/filtered/water_sampling.csv,XSDAnyURI,False
missing value,ws,ENA_accession_number_sample,71,,,,/github/workspace/logsheets/filtered/water_sampling.csv,XSDAnyURI,False
missing value,ws,ENA_accession_number_sample,72,,,,/github/workspace/logsheets/filtered/water_sampling.csv,XSDAnyURI,False
missing value,ws,ENA_accession_number_sample,73,,,,/github/workspace/logsheets/filtered/water_sampling.csv,XSDAnyURI,False
missing value,ws,ENA_accession_number_sample,74,,,,/github/workspace/logsheets/filtered/water_sampling.csv,XSDAnyURI,False
missing value,ws,ENA_accession_number_sample,75,,,,/github/workspace/logsheets/filtered/water_sampling.csv,XSDAnyURI,False
missing value,ws,ENA_accession_number_sample,76,,,,/github/workspace/logsheets/filtered/water_sampling.csv,XSDAnyURI,False
missing value,ws,ENA_accession_number_sample,77,,,,/github/workspace/logsheets/filtered/water_sampling.csv,XSDAnyURI,False
missing value,ws,ENA_accession_number_sample,78,,,,/github/workspace/logsheets/filtered/water_sampling.csv,XSDAnyURI,False
missing value,ws,ENA_accession_number_sample,79,,,,/github/workspace/logsheets/filtered/water_sampling.csv,XSDAnyURI,False
missing value,ws,ENA_accession_number_sample,80,,,,/github/workspace/logsheets/filtered/water_sampling.csv,XSDAnyURI,False
missing value,ws,ENA_accession_number_sample,81,,,,/github/workspace/logsheets/filtered/water_sampling.csv,XSDAnyURI,False
missing value,ws,ENA_accession_number_sample,82,,,,/github/workspace/logsheets/filtered/water_sampling.csv,XSDAnyURI,False
missing value,ws,ENA_accession_number_sample,83,,,,/github/workspace/logsheets/filtered/water_sampling.csv,XSDAnyURI,False
missing value,ws,ENA_accession_number_sample,84,,,,/github/workspace/logsheets/filtered/water_sampling.csv,XSDAnyURI,False
missing value,ws,ENA_accession_number_sample,85,,,,/github/workspace/logsheets/filtered/water_sampling.csv,XSDAnyURI,False
missing value,ws,ENA_accession_number_sample,86,,,,/github/workspace/logsheets/filtered/water_sampling.csv,XSDAnyURI,False
missing value,ws,ENA_accession_number_sample,87,,,,/github/workspace/logsheets/filtered/water_sampling.csv,XSDAnyURI,False
missing value,ws,ENA_accession_number_sample,88,,,,/github/workspace/logsheets/filtered/water_sampling.csv,XSDAnyURI,False
missing value,ws,ENA_accession_number_sample,89,,,,/github/workspace/logsheets/filtered/water_sampling.csv,XSDAnyURI,False
missing value,ws,ENA_accession_number_sample,90,,,,/github/workspace/logsheets/filtered/water_sampling.csv,XSDAnyURI,False
missing value,ws,ENA_accession_number_sample,251,,,,/github/workspace/logsheets/filtered/water_sampling.csv,XSDAnyURI,False
missing value,ws,ENA_accession_number_sample,252,,,,/github/workspace/logsheets/filtered/water_sampling.csv,XSDAnyURI,False
missing value,ws,ENA_accession_number_sample,253,,,,/github/workspace/logsheets/filtered/water_sampling.csv,XSDAnyURI,False
missing value,ws,ENA_accession_number_sample,254,,,,/github/workspace/logsheets/filtered/water_sampling.csv,XSDAnyURI,False
missing value,ws,ENA_accession_number_sample,255,,,,/github/workspace/logsheets/filtered/water_sampling.csv,XSDAnyURI,False
missing value,ws,ENA_accession_number_sample,256,,,,/github/workspace/logsheets/filtered/water_sampling.csv,XSDAnyURI,False
missing value,ws,ENA_accession_number_sample,257,,,,/github/workspace/logsheets/filtered/water_sampling.csv,XSDAnyURI,False
missing value,ws,ENA_accession_number_sample,258,,,,/github/workspace/logsheets/filtered/water_sampling.csv,XSDAnyURI,False
missing value,ws,ENA_accession_number_sample,259,,,,/github/workspace/logsheets/filtered/water_sampling.csv,XSDAnyURI,False
missing value,ws,ENA_accession_number_sample,260,,,,/github/workspace/logsheets/filtered/water_sampling.csv,XSDAnyURI,False
missing value,ws,ENA_accession_number_sample,261,,,,/github/workspace/logsheets/filtered/water_sampling.csv,XSDAnyURI,False
missing value,ws,ENA_accession_number_sample,262,,,,/github/workspace/logsheets/filtered/water_sampling.csv,XSDAnyURI,False
missing value,ws,ENA_accession_number_sample,263,,,,/github/workspace/logsheets/filtered/water_sampling.csv,XSDAnyURI,False
missing value,ws,ENA_accession_number_sample,264,,,,/github/workspace/logsheets/filtered/water_sampling.csv,XSDAnyURI,False
missing value,ws,ENA_accession_number_sample,265,,,,/github/workspace/logsheets/filtered/water_sampling.csv,XSDAnyURI,False
missing value,ws,ENA_accession_number_sample,266,,,,/github/workspace/logsheets/filtered/water_sampling.csv,XSDAnyURI,False
missing value,ws,ENA_accession_number_sample,267,,,,/github/workspace/logsheets/filtered/water_sampling.csv,XSDAnyURI,False
missing value,ws,ENA_accession_number_sample,268,,,,/github/workspace/logsheets/filtered/water_sampling.csv,XSDAnyURI,False
missing value,ws,ENA_accession_number_sample,269,,,,/github/workspace/logsheets/filtered/water_sampling.csv,XSDAnyURI,False
missing value,ws,ENA_accession_number_sample,270,,,,/github/workspace/logsheets/filtered/water_sampling.csv,XSDAnyURI,False
missing value,ws,ENA_accession_number_sample,271,,,,/github/workspace/logsheets/filtered/water_sampling.csv,XSDAnyURI,False
missing value,ws,ENA_accession_number_sample,272,,,,/github/workspace/logsheets/filtered/water_sampling.csv,XSDAnyURI,False
missing value,ws,ENA_accession_number_sample,273,,,,/github/workspace/logsheets/filtered/water_sampling.csv,XSDAnyURI,False
missing value,ws,ENA_accession_number_sample,274,,,,/github/workspace/logsheets/filtered/water_sampling.csv,XSDAnyURI,False
missing value,ws,ENA_accession_number_sample,275,,,,/github/workspace/logsheets/filtered/water_sampling.csv,XSDAnyURI,False
missing value,ws,ENA_accession_number_sample,276,,,,/github/workspace/logsheets/filtered/water_sampling.csv,XSDAnyURI,False
missing value,ws,ENA_accession_number_sample,277,,,,/github/workspace/logsheets/filtered/water_sampling.csv,XSDAnyURI,False
missing value,ws,ENA_accession_number_sample,278,,,,/github/workspace/logsheets/filtered/water_sampling.csv,XSDAnyURI,False
missing value,ws,ENA_accession_number_sample,279,,,,/github/workspace/logsheets/filtered/water_sampling.csv,XSDAnyURI,False
missing value,ws,ENA_accession_number_sample,280,,,,/github/workspace/logsheets/filtered/water_sampling.csv,XSDAnyURI,False
missing value,ws,ENA_accession_number_sample,281,,,,/github/workspace/logsheets/filtered/water_sampling.csv,XSDAnyURI,False
missing value,ws,ENA_accession_number_sample,282,,,,/github/workspace/logsheets/filtered/water_sampling.csv,XSDAnyURI,False
missing value,ws,ENA_accession_number_sample,283,,,,/github/workspace/logsheets/filtered/water_sampling.csv,XSDAnyURI,False
missing value,ws,ENA_accession_number_sample,284,,,,/github/workspace/logsheets/filtered/water_sampling.csv,XSDAnyURI,False
missing value,ws,ENA_accession_number_sample,285,,,,/github/workspace/logsheets/filtered/water_sampling.csv,XSDAnyURI,False
missing value,ws,ENA_accession_number_sample,286,,,,/github/workspace/logsheets/filtered/water_sampling.csv,XSDAnyURI,False
missing value,ws,ENA_accession_number_sample,287,,,,/github/workspace/logsheets/filtered/water_sampling.csv,XSDAnyURI,False
missing value,ws,ENA_accession_number_sample,288,,,,/github/workspace/logsheets/filtered/water_sampling.csv,XSDAnyURI,False
missing value,ws,ENA_accession_number_sample,289,,,,/github/workspace/logsheets/filtered/water_sampling.csv,XSDAnyURI,False
missing value,ws,ENA_accession_number_sample,290,,,,/github/workspace/logsheets/filtered/water_sampling.csv,XSDAnyURI,False
missing value,ws,ENA_accession_number_sample,291,,,,/github/workspace/logsheets/filtered/water_sampling.csv,XSDAnyURI,False
missing value,ws,ENA_accession_number_sample,292,,,,/github/workspace/logsheets/filtered/water_sampling.csv,XSDAnyURI,False
missing value,ws,ENA_accession_number_sample,293,,,,/github/workspace/logsheets/filtered/water_sampling.csv,XSDAnyURI,False
missing value,ws,ENA_accession_number_sample,294,,,,/github/workspace/logsheets/filtered/water_sampling.csv,XSDAnyURI,False
missing value,ws,ENA_accession_number_sample,295,,,,/github/workspace/logsheets/filtered/water_sampling.csv,XSDAnyURI,False
missing value,ws,ENA_accession_number_sample,296,,,,/github/workspace/logsheets/filtered/water_sampling.csv,XSDAnyURI,False
missing value,ws,ENA_accession_number_sample,297,,,,/github/workspace/logsheets/filtered/water_sampling.csv,XSDAnyURI,False
missing value,ws,ENA_accession_number_sample,298,,,,/github/workspace/logsheets/filtered/water_sampling.csv,XSDAnyURI,False
missing value,ws,ENA_accession_number_sample,299,,,,/github/workspace/logsheets/filtered/water_sampling.csv,XSDAnyURI,False
missing value,ws,ENA_accession_number_sample,300,,,,/github/workspace/logsheets/filtered/water_sampling.csv,XSDAnyURI,False
missing value,ws,ENA_accession_number_sample,301,,,,/github/workspace/logsheets/filtered/water_sampling.csv,XSDAnyURI,False
missing value,ws,ENA_accession_number_sample,302,,,,/github/workspace/logsheets/filtered/water_sampling.csv,XSDAnyURI,False
missing value,ws,ENA_accession_number_sample,303,,,,/github/workspace/logsheets/filtered/water_sampling.csv,XSDAnyURI,False
missing value,ws,ENA_accession_number_sample,304,,,,/github/workspace/logsheets/filtered/water_sampling.csv,XSDAnyURI,False
missing value,ws,ENA_accession_number_sample,305,,,,/github/workspace/logsheets/filtered/water_sampling.csv,XSDAnyURI,False
missing value,ws,ENA_accession_number_sample,306,,,,/github/workspace/logsheets/filtered/water_sampling.csv,XSDAnyURI,False
missing value,ws,ENA_accession_number_sample,307,,,,/github/workspace/logsheets/filtered/water_sampling.csv,XSDAnyURI,False
missing value,ws,ENA_accession_number_sample,308,,,,/github/workspace/logsheets/filtered/water_sampling.csv,XSDAnyURI,False
missing value,ws,ENA_accession_number_sample,309,,,,/github/workspace/logsheets/filtered/water_sampling.csv,XSDAnyURI,False
missing value,ws,ENA_accession_number_sample,310,,,,/github/workspace/logsheets/filtered/water_sampling.csv,XSDAnyURI,False
missing value,ws,ENA_accession_number_sample,311,,,,/github/workspace/logsheets/filtered/water_sampling.csv,XSDAnyURI,False
missing value,ws,ENA_accession_number_sample,312,,,,/github/workspace/logsheets/filtered/water_sampling.csv,XSDAnyURI,False
missing value,ws,ENA_accession_number_sample,313,,,,/github/workspace/logsheets/filtered/water_sampling.csv,XSDAnyURI,False
missing value,ws,ENA_accession_number_sample,314,,,,/github/workspace/logsheets/filtered/water_sampling.csv,XSDAnyURI,False
missing value,ws,ENA_accession_number_sample,315,,,,/github/workspace/logsheets/filtered/water_sampling.csv,XSDAnyURI,False
missing value,ws,ENA_accession_number_sample,316,,,,/github/workspace/logsheets/filtered/water_sampling.csv,XSDAnyURI,False
missing value,ws,ENA_accession_number_sample,317,,,,/github/workspace/logsheets/filtered/water_sampling.csv,XSDAnyURI,False
missing value,ws,ENA_accession_number_sample,318,,,,/github/workspace/logsheets/filtered/water_sampling.csv,XSDAnyURI,False
missing value,ws,ENA_accession_number_sample,319,,,,/github/workspace/logsheets/filtered/water_sampling.csv,XSDAnyURI,False
missing value,ws,ENA_accession_number_sample,320,,,,/github/workspace/logsheets/filtered/water_sampling.csv,XSDAnyURI,False
missing value,ws,ENA_accession_number_sample,321,,,,/github/workspace/logsheets/filtered/water_sampling.csv,XSDAnyURI,False
missing value,ws,ENA_accession_number_sample,322,,,,/github/workspace/logsheets/filtered/water_sampling.csv,XSDAnyURI,False
missing value,ws,ENA_accession_number_sample,323,,,,/github/workspace/logsheets/filtered/water_sampling.csv,XSDAnyURI,False
missing value,ws,ENA_accession_number_sample,324,,,,/github/workspace/logsheets/filtered/water_sampling.csv,XSDAnyURI,False
missing value,ws,ENA_accession_number_sample,325,,,,/github/workspace/logsheets/filtered/water_sampling.csv,XSDAnyURI,False
missing value,ws,ENA_accession_number_sample,326,,,,/github/workspace/logsheets/filtered/water_sampling.csv,XSDAnyURI,False
missing value,ws,ENA_accession_number_sample,327,,,,/github/workspace/logsheets/filtered/water_sampling.csv,XSDAnyURI,False
missing value,ws,ENA_accession_number_sample,328,,,,/github/workspace/logsheets/filtered/water_sampling.csv,XSDAnyURI,False
missing value,ws,ENA_accession_number_sample,329,,,,/github/workspace/logsheets/filtered/water_sampling.csv,XSDAnyURI,False
missing value,ws,ENA_accession_number_sample,330,,,,/github/workspace/logsheets/filtered/water_sampling.csv,XSDAnyURI,False
missing value,ws,ENA_accession_number_sample,331,,,,/github/workspace/logsheets/filtered/water_sampling.csv,XSDAnyURI,False
missing value,ws,ENA_accession_number_sample,332,,,,/github/workspace/logsheets/filtered/water_sampling.csv,XSDAnyURI,False
missing value,ws,ENA_accession_number_sample,333,,,,/github/workspace/logsheets/filtered/water_sampling.csv,XSDAnyURI,False
missing value,ws,ENA_accession_number_sample,334,,,,/github/workspace/logsheets/filtered/water_sampling.csv,XSDAnyURI,False
missing value,ws,ENA_accession_number_sample,335,,,,/github/workspace/logsheets/filtered/water_sampling.csv,XSDAnyURI,False
missing value,ws,ENA_accession_number_sample,336,,,,/github/workspace/logsheets/filtered/water_sampling.csv,XSDAnyURI,False
missing value,ws,ENA_accession_number_sample,337,,,,/github/workspace/logsheets/filtered/water_sampling.csv,XSDAnyURI,False
missing value,ws,ENA_accession_number_sample,338,,,,/github/workspace/logsheets/filtered/water_sampling.csv,XSDAnyURI,False
missing value,ws,ENA_accession_number_sample,339,,,,/github/workspace/logsheets/filtered/water_sampling.csv,XSDAnyURI,False
missing value,ws,ENA_accession_number_sample,340,,,,/github/workspace/logsheets/filtered/water_sampling.csv,XSDAnyURI,False
missing value,ws,ENA_accession_number_sample,341,,,,/github/workspace/logsheets/filtered/water_sampling.csv,XSDAnyURI,False
missing value,ws,ENA_accession_number_sample,342,,,,/github/workspace/logsheets/filtered/water_sampling.csv,XSDAnyURI,False
missing value,ws,ENA_accession_number_sample,343,,,,/github/workspace/logsheets/filtered/water_sampling.csv,XSDAnyURI,False
missing value,ws,ENA_accession_number_sample,344,,,,/github/workspace/logsheets/filtered/water_sampling.csv,XSDAnyURI,False
missing value,ws,ENA_accession_number_sample,345,,,,/github/workspace/logsheets/filtered/water_sampling.csv,XSDAnyURI,False
missing value,ws,ENA_accession_number_sample,346,,,,/github/workspace/logsheets/filtered/water_sampling.csv,XSDAnyURI,False
missing value,ws,ENA_accession_number_sample,347,,,,/github/workspace/logsheets/filtered/water_sampling.csv,XSDAnyURI,False
datatype mismatch,ws,arr_date_hq,1,2021-10-19 00:00:00,2021-10-19,,/github/workspace/logsheets/filtered/water_sampling.csv,XSDDate,False
datatype mismatch,ws,arr_date_hq,2,2021-10-19 00:00:00,2021-10-19,,/github/workspace/logsheets/filtered/water_sampling.csv,XSDDate,False
missing value,ws,arr_date_hq,3,,,,/github/workspace/logsheets/filtered/water_sampling.csv,XSDDate,False
missing value,ws,arr_date_hq,4,,,,/github/workspace/logsheets/filtered/water_sampling.csv,XSDDate,False
datatype mismatch,ws,arr_date_hq,5,2021-10-19 00:00:00,2021-10-19,,/github/workspace/logsheets/filtered/water_sampling.csv,XSDDate,False
datatype mismatch,ws,arr_date_hq,6,2021-10-19 00:00:00,2021-10-19,,/github/workspace/logsheets/filtered/water_sampling.csv,XSDDate,False
missing value,ws,arr_date_hq,7,,,,/github/workspace/logsheets/filtered/water_sampling.csv,XSDDate,False
missing value,ws,arr_date_hq,8,,,,/github/workspace/logsheets/filtered/water_sampling.csv,XSDDate,False
missing value,ws,arr_date_hq,9,,,,/github/workspace/logsheets/filtered/water_sampling.csv,XSDDate,False
missing value,ws,arr_date_hq,10,,,,/github/workspace/logsheets/filtered/water_sampling.csv,XSDDate,False
datatype mismatch,ws,arr_date_hq,11,2022-02-02 00:00:00,2022-02-02,,/github/workspace/logsheets/filtered/water_sampling.csv,XSDDate,False
datatype mismatch,ws,arr_date_hq,12,2022-02-02 00:00:00,2022-02-02,,/github/workspace/logsheets/filtered/water_sampling.csv,XSDDate,False
missing value,ws,arr_date_hq,13,,,,/github/workspace/logsheets/filtered/water_sampling.csv,XSDDate,False
missing value,ws,arr_date_hq,14,,,,/github/workspace/logsheets/filtered/water_sampling.csv,XSDDate,False
datatype mismatch,ws,arr_date_hq,15,2022-02-02 00:00:00,2022-02-02,,/github/workspace/logsheets/filtered/water_sampling.csv,XSDDate,False
datatype mismatch,ws,arr_date_hq,16,2022-02-02 00:00:00,2022-02-02,,/github/workspace/logsheets/filtered/water_sampling.csv,XSDDate,False
missing value,ws,arr_date_hq,17,,,,/github/workspace/logsheets/filtered/water_sampling.csv,XSDDate,False
missing value,ws,arr_date_hq,18,,,,/github/workspace/logsheets/filtered/water_sampling.csv,XSDDate,False
missing value,ws,arr_date_hq,19,,,,/github/workspace/logsheets/filtered/water_sampling.csv,XSDDate,False
missing value,ws,arr_date_hq,20,,,,/github/workspace/logsheets/filtered/water_sampling.csv,XSDDate,False
datatype mismatch,ws,arr_date_hq,21,2022-02-02 00:00:00,2022-02-02,,/github/workspace/logsheets/filtered/water_sampling.csv,XSDDate,False
datatype mismatch,ws,arr_date_hq,22,2022-02-02 00:00:00,2022-02-02,,/github/workspace/logsheets/filtered/water_sampling.csv,XSDDate,False
missing value,ws,arr_date_hq,23,,,,/github/workspace/logsheets/filtered/water_sampling.csv,XSDDate,False
missing value,ws,arr_date_hq,24,,,,/github/workspace/logsheets/filtered/water_sampling.csv,XSDDate,False
datatype mismatch,ws,arr_date_hq,25,2022-02-02 00:00:00,2022-02-02,,/github/workspace/logsheets/filtered/water_sampling.csv,XSDDate,False
datatype mismatch,ws,arr_date_hq,26,2022-02-02 00:00:00,2022-02-02,,/github/workspace/logsheets/filtered/water_sampling.csv,XSDDate,False
missing value,ws,arr_date_hq,27,,,,/github/workspace/logsheets/filtered/water_sampling.csv,XSDDate,False
missing value,ws,arr_date_hq,28,,,,/github/workspace/logsheets/filtered/water_sampling.csv,XSDDate,False
datatype mismatch,ws,arr_date_hq,29,2022-02-02 00:00:00,2022-02-02,,/github/workspace/logsheets/filtered/water_sampling.csv,XSDDate,False
datatype mismatch,ws,arr_date_hq,30,2022-02-02 00:00:00,2022-02-02,,/github/workspace/logsheets/filtered/water_sampling.csv,XSDDate,False
datatype mismatch,ws,arr_date_hq,31,2022-10-26 00:00:00,2022-10-26,,/github/workspace/logsheets/filtered/water_sampling.csv,XSDDate,False
datatype mismatch,ws,arr_date_hq,32,2022-10-26 00:00:00,2022-10-26,,/github/workspace/logsheets/filtered/water_sampling.csv,XSDDate,False
missing value,ws,arr_date_hq,33,,,,/github/workspace/logsheets/filtered/water_sampling.csv,XSDDate,False
missing value,ws,arr_date_hq,34,,,,/github/workspace/logsheets/filtered/water_sampling.csv,XSDDate,False
datatype mismatch,ws,arr_date_hq,35,2022-10-26 00:00:00,2022-10-26,,/github/workspace/logsheets/filtered/water_sampling.csv,XSDDate,False
datatype mismatch,ws,arr_date_hq,36,2022-10-26 00:00:00,2022-10-26,,/github/workspace/logsheets/filtered/water_sampling.csv,XSDDate,False
missing value,ws,arr_date_hq,37,,,,/github/workspace/logsheets/filtered/water_sampling.csv,XSDDate,False
missing value,ws,arr_date_hq,38,,,,/github/workspace/logsheets/filtered/water_sampling.csv,XSDDate,False
missing value,ws,arr_date_hq,39,,,,/github/workspace/logsheets/filtered/water_sampling.csv,XSDDate,False
missing value,ws,arr_date_hq,40,,,,/github/workspace/logsheets/filtered/water_sampling.csv,XSDDate,False
datatype mismatch,ws,arr_date_hq,41,2022-10-26 00:00:00,2022-10-26,,/github/workspace/logsheets/filtered/water_sampling.csv,XSDDate,False
datatype mismatch,ws,arr_date_hq,42,2022-10-26 00:00:00,2022-10-26,,/github/workspace/logsheets/filtered/water_sampling.csv,XSDDate,False
missing value,ws,arr_date_hq,43,,,,/github/workspace/logsheets/filtered/water_sampling.csv,XSDDate,False
missing value,ws,arr_date_hq,44,,,,/github/workspace/logsheets/filtered/water_sampling.csv,XSDDate,False
datatype mismatch,ws,arr_date_hq,45,2022-10-26 00:00:00,2022-10-26,,/github/workspace/logsheets/filtered/water_sampling.csv,XSDDate,False
datatype mismatch,ws,arr_date_hq,46,2022-10-26 00:00:00,2022-10-26,,/github/workspace/logsheets/filtered/water_sampling.csv,XSDDate,False
missing value,ws,arr_date_hq,47,,,,/github/workspace/logsheets/filtered/water_sampling.csv,XSDDate,False
missing value,ws,arr_date_hq,48,,,,/github/workspace/logsheets/filtered/water_sampling.csv,XSDDate,False
missing value,ws,arr_date_hq,49,,,,/github/workspace/logsheets/filtered/water_sampling.csv,XSDDate,False
missing value,ws,arr_date_hq,50,,,,/github/workspace/logsheets/filtered/water_sampling.csv,XSDDate,False
datatype mismatch,ws,arr_date_hq,51,2022-10-26 00:00:00,2022-10-26,,/github/workspace/logsheets/filtered/water_sampling.csv,XSDDate,False
datatype mismatch,ws,arr_date_hq,52,2022-10-26 00:00:00,2022-10-26,,/github/workspace/logsheets/filtered/water_sampling.csv,XSDDate,False
missing value,ws,arr_date_hq,53,,,,/github/workspace/logsheets/filtered/water_sampling.csv,XSDDate,False
missing value,ws,arr_date_hq,54,,,,/github/workspace/logsheets/filtered/water_sampling.csv,XSDDate,False
datatype mismatch,ws,arr_date_hq,55,2022-10-26 00:00:00,2022-10-26,,/github/workspace/logsheets/filtered/water_sampling.csv,XSDDate,False
datatype mismatch,ws,arr_date_hq,56,2022-10-26 00:00:00,2022-10-26,,/github/workspace/logsheets/filtered/water_sampling.csv,XSDDate,False
missing value,ws,arr_date_hq,57,,,,/github/workspace/logsheets/filtered/water_sampling.csv,XSDDate,False
missing value,ws,arr_date_hq,58,,,,/github/workspace/logsheets/filtered/water_sampling.csv,XSDDate,False
missing value,ws,arr_date_hq,59,,,,/github/workspace/logsheets/filtered/water_sampling.csv,XSDDate,False
missing value,ws,arr_date_hq,60,,,,/github/workspace/logsheets/filtered/water_sampling.csv,XSDDate,False
datatype mismatch,ws,arr_date_hq,61,2022-10-26 00:00:00,2022-10-26,,/github/workspace/logsheets/filtered/water_sampling.csv,XSDDate,False
datatype mismatch,ws,arr_date_hq,62,2022-10-26 00:00:00,2022-10-26,,/github/workspace/logsheets/filtered/water_sampling.csv,XSDDate,False
missing value,ws,arr_date_hq,63,,,,/github/workspace/logsheets/filtered/water_sampling.csv,XSDDate,False
missing value,ws,arr_date_hq,64,,,,/github/workspace/logsheets/filtered/water_sampling.csv,XSDDate,False
datatype mismatch,ws,arr_date_hq,65,2022-10-26 00:00:00,2022-10-26,,/github/workspace/logsheets/filtered/water_sampling.csv,XSDDate,False
datatype mismatch,ws,arr_date_hq,66,2022-10-26 00:00:00,2022-10-26,,/github/workspace/logsheets/filtered/water_sampling.csv,XSDDate,False
missing value,ws,arr_date_hq,67,,,,/github/workspace/logsheets/filtered/water_sampling.csv,XSDDate,False
missing value,ws,arr_date_hq,68,,,,/github/workspace/logsheets/filtered/water_sampling.csv,XSDDate,False
missing value,ws,arr_date_hq,69,,,,/github/workspace/logsheets/filtered/water_sampling.csv,XSDDate,False
missing value,ws,arr_date_hq,70,,,,/github/workspace/logsheets/filtered/water_sampling.csv,XSDDate,False
datatype mismatch,ws,arr_date_hq,71,2023-07-03 00:00:00,2023-07-03,,/github/workspace/logsheets/filtered/water_sampling.csv,XSDDate,False
datatype mismatch,ws,arr_date_hq,72,2023-07-03 00:00:00,2023-07-03,,/github/workspace/logsheets/filtered/water_sampling.csv,XSDDate,False
missing value,ws,arr_date_hq,73,,,,/github/workspace/logsheets/filtered/water_sampling.csv,XSDDate,False
missing value,ws,arr_date_hq,74,,,,/github/workspace/logsheets/filtered/water_sampling.csv,XSDDate,False
datatype mismatch,ws,arr_date_hq,75,2023-07-03 00:00:00,2023-07-03,,/github/workspace/logsheets/filtered/water_sampling.csv,XSDDate,False
datatype mismatch,ws,arr_date_hq,76,2023-07-03 00:00:00,2023-07-03,,/github/workspace/logsheets/filtered/water_sampling.csv,XSDDate,False
missing value,ws,arr_date_hq,77,,,,/github/workspace/logsheets/filtered/water_sampling.csv,XSDDate,False
missing value,ws,arr_date_hq,78,,,,/github/workspace/logsheets/filtered/water_sampling.csv,XSDDate,False
missing value,ws,arr_date_hq,79,,,,/github/workspace/logsheets/filtered/water_sampling.csv,XSDDate,False
missing value,ws,arr_date_hq,80,,,,/github/workspace/logsheets/filtered/water_sampling.csv,XSDDate,False
datatype mismatch,ws,arr_date_hq,81,2023-07-03 00:00:00,2023-07-03,,/github/workspace/logsheets/filtered/water_sampling.csv,XSDDate,False
datatype mismatch,ws,arr_date_hq,82,2023-07-03 00:00:00,2023-07-03,,/github/workspace/logsheets/filtered/water_sampling.csv,XSDDate,False
missing value,ws,arr_date_hq,83,,,,/github/workspace/logsheets/filtered/water_sampling.csv,XSDDate,False
missing value,ws,arr_date_hq,84,,,,/github/workspace/logsheets/filtered/water_sampling.csv,XSDDate,False
datatype mismatch,ws,arr_date_hq,85,2023-07-03 00:00:00,2023-07-03,,/github/workspace/logsheets/filtered/water_sampling.csv,XSDDate,False
datatype mismatch,ws,arr_date_hq,86,2023-07-03 00:00:00,2023-07-03,,/github/workspace/logsheets/filtered/water_sampling.csv,XSDDate,False
missing value,ws,arr_date_hq,87,,,,/github/workspace/logsheets/filtered/water_sampling.csv,XSDDate,False
missing value,ws,arr_date_hq,88,,,,/github/workspace/logsheets/filtered/water_sampling.csv,XSDDate,False
missing value,ws,arr_date_hq,89,,,,/github/workspace/logsheets/filtered/water_sampling.csv,XSDDate,False
missing value,ws,arr_date_hq,90,,,,/github/workspace/logsheets/filtered/water_sampling.csv,XSDDate,False
missing value,ws,arr_date_hq,251,,,,/github/workspace/logsheets/filtered/water_sampling.csv,XSDDate,False
missing value,ws,arr_date_hq,252,,,,/github/workspace/logsheets/filtered/water_sampling.csv,XSDDate,False
missing value,ws,arr_date_hq,253,,,,/github/workspace/logsheets/filtered/water_sampling.csv,XSDDate,False
missing value,ws,arr_date_hq,254,,,,/github/workspace/logsheets/filtered/water_sampling.csv,XSDDate,False
missing value,ws,arr_date_hq,255,,,,/github/workspace/logsheets/filtered/water_sampling.csv,XSDDate,False
missing value,ws,arr_date_hq,256,,,,/github/workspace/logsheets/filtered/water_sampling.csv,XSDDate,False
missing value,ws,arr_date_hq,257,,,,/github/workspace/logsheets/filtered/water_sampling.csv,XSDDate,False
missing value,ws,arr_date_hq,258,,,,/github/workspace/logsheets/filtered/water_sampling.csv,XSDDate,False
missing value,ws,arr_date_hq,259,,,,/github/workspace/logsheets/filtered/water_sampling.csv,XSDDate,False
missing value,ws,arr_date_hq,260,,,,/github/workspace/logsheets/filtered/water_sampling.csv,XSDDate,False
missing value,ws,arr_date_hq,261,,,,/github/workspace/logsheets/filtered/water_sampling.csv,XSDDate,False
missing value,ws,arr_date_hq,262,,,,/github/workspace/logsheets/filtered/water_sampling.csv,XSDDate,False
missing value,ws,arr_date_hq,263,,,,/github/workspace/logsheets/filtered/water_sampling.csv,XSDDate,False
missing value,ws,arr_date_hq,264,,,,/github/workspace/logsheets/filtered/water_sampling.csv,XSDDate,False
missing value,ws,arr_date_hq,265,,,,/github/workspace/logsheets/filtered/water_sampling.csv,XSDDate,False
missing value,ws,arr_date_hq,266,,,,/github/workspace/logsheets/filtered/water_sampling.csv,XSDDate,False
missing value,ws,arr_date_hq,267,,,,/github/workspace/logsheets/filtered/water_sampling.csv,XSDDate,False
missing value,ws,arr_date_hq,268,,,,/github/workspace/logsheets/filtered/water_sampling.csv,XSDDate,False
missing value,ws,arr_date_hq,269,,,,/github/workspace/logsheets/filtered/water_sampling.csv,XSDDate,False
missing value,ws,arr_date_hq,270,,,,/github/workspace/logsheets/filtered/water_sampling.csv,XSDDate,False
missing value,ws,arr_date_hq,271,,,,/github/workspace/logsheets/filtered/water_sampling.csv,XSDDate,False
missing value,ws,arr_date_hq,272,,,,/github/workspace/logsheets/filtered/water_sampling.csv,XSDDate,False
missing value,ws,arr_date_hq,273,,,,/github/workspace/logsheets/filtered/water_sampling.csv,XSDDate,False
missing value,ws,arr_date_hq,274,,,,/github/workspace/logsheets/filtered/water_sampling.csv,XSDDate,False
missing value,ws,arr_date_hq,275,,,,/github/workspace/logsheets/filtered/water_sampling.csv,XSDDate,False
missing value,ws,arr_date_hq,276,,,,/github/workspace/logsheets/filtered/water_sampling.csv,XSDDate,False
missing value,ws,arr_date_hq,277,,,,/github/workspace/logsheets/filtered/water_sampling.csv,XSDDate,False
missing value,ws,arr_date_hq,278,,,,/github/workspace/logsheets/filtered/water_sampling.csv,XSDDate,False
missing value,ws,arr_date_hq,279,,,,/github/workspace/logsheets/filtered/water_sampling.csv,XSDDate,False
missing value,ws,arr_date_hq,280,,,,/github/workspace/logsheets/filtered/water_sampling.csv,XSDDate,False
missing value,ws,arr_date_hq,281,,,,/github/workspace/logsheets/filtered/water_sampling.csv,XSDDate,False
missing value,ws,arr_date_hq,282,,,,/github/workspace/logsheets/filtered/water_sampling.csv,XSDDate,False
missing value,ws,arr_date_hq,283,,,,/github/workspace/logsheets/filtered/water_sampling.csv,XSDDate,False
missing value,ws,arr_date_hq,284,,,,/github/workspace/logsheets/filtered/water_sampling.csv,XSDDate,False
missing value,ws,arr_date_hq,285,,,,/github/workspace/logsheets/filtered/water_sampling.csv,XSDDate,False
missing value,ws,arr_date_hq,286,,,,/github/workspace/logsheets/filtered/water_sampling.csv,XSDDate,False
missing value,ws,arr_date_hq,287,,,,/github/workspace/logsheets/filtered/water_sampling.csv,XSDDate,False
missing value,ws,arr_date_hq,288,,,,/github/workspace/logsheets/filtered/water_sampling.csv,XSDDate,False
missing value,ws,arr_date_hq,289,,,,/github/workspace/logsheets/filtered/water_sampling.csv,XSDDate,False
missing value,ws,arr_date_hq,290,,,,/github/workspace/logsheets/filtered/water_sampling.csv,XSDDate,False
missing value,ws,arr_date_hq,291,,,,/github/workspace/logsheets/filtered/water_sampling.csv,XSDDate,False
missing value,ws,arr_date_hq,292,,,,/github/workspace/logsheets/filtered/water_sampling.csv,XSDDate,False
missing value,ws,arr_date_hq,293,,,,/github/workspace/logsheets/filtered/water_sampling.csv,XSDDate,False
missing value,ws,arr_date_hq,294,,,,/github/workspace/logsheets/filtered/water_sampling.csv,XSDDate,False
missing value,ws,arr_date_hq,295,,,,/github/workspace/logsheets/filtered/water_sampling.csv,XSDDate,False
missing value,ws,arr_date_hq,296,,,,/github/workspace/logsheets/filtered/water_sampling.csv,XSDDate,False
missing value,ws,arr_date_hq,297,,,,/github/workspace/logsheets/filtered/water_sampling.csv,XSDDate,False
missing value,ws,arr_date_hq,298,,,,/github/workspace/logsheets/filtered/water_sampling.csv,XSDDate,False
missing value,ws,arr_date_hq,299,,,,/github/workspace/logsheets/filtered/water_sampling.csv,XSDDate,False
missing value,ws,arr_date_hq,300,,,,/github/workspace/logsheets/filtered/water_sampling.csv,XSDDate,False
missing value,ws,arr_date_hq,301,,,,/github/workspace/logsheets/filtered/water_sampling.csv,XSDDate,False
missing value,ws,arr_date_hq,302,,,,/github/workspace/logsheets/filtered/water_sampling.csv,XSDDate,False
missing value,ws,arr_date_hq,303,,,,/github/workspace/logsheets/filtered/water_sampling.csv,XSDDate,False
missing value,ws,arr_date_hq,304,,,,/github/workspace/logsheets/filtered/water_sampling.csv,XSDDate,False
missing value,ws,arr_date_hq,305,,,,/github/workspace/logsheets/filtered/water_sampling.csv,XSDDate,False
missing value,ws,arr_date_hq,306,,,,/github/workspace/logsheets/filtered/water_sampling.csv,XSDDate,False
missing value,ws,arr_date_hq,307,,,,/github/workspace/logsheets/filtered/water_sampling.csv,XSDDate,False
missing value,ws,arr_date_hq,308,,,,/github/workspace/logsheets/filtered/water_sampling.csv,XSDDate,False
missing value,ws,arr_date_hq,309,,,,/github/workspace/logsheets/filtered/water_sampling.csv,XSDDate,False
missing value,ws,arr_date_hq,310,,,,/github/workspace/logsheets/filtered/water_sampling.csv,XSDDate,False
missing value,ws,arr_date_hq,311,,,,/github/workspace/logsheets/filtered/water_sampling.csv,XSDDate,False
missing value,ws,arr_date_hq,312,,,,/github/workspace/logsheets/filtered/water_sampling.csv,XSDDate,False
missing value,ws,arr_date_hq,313,,,,/github/workspace/logsheets/filtered/water_sampling.csv,XSDDate,False
missing value,ws,arr_date_hq,314,,,,/github/workspace/logsheets/filtered/water_sampling.csv,XSDDate,False
missing value,ws,arr_date_hq,315,,,,/github/workspace/logsheets/filtered/water_sampling.csv,XSDDate,False
missing value,ws,arr_date_hq,316,,,,/github/workspace/logsheets/filtered/water_sampling.csv,XSDDate,False
missing value,ws,arr_date_hq,317,,,,/github/workspace/logsheets/filtered/water_sampling.csv,XSDDate,False
missing value,ws,arr_date_hq,318,,,,/github/workspace/logsheets/filtered/water_sampling.csv,XSDDate,False
missing value,ws,arr_date_hq,319,,,,/github/workspace/logsheets/filtered/water_sampling.csv,XSDDate,False
missing value,ws,arr_date_hq,320,,,,/github/workspace/logsheets/filtered/water_sampling.csv,XSDDate,False
missing value,ws,arr_date_hq,321,,,,/github/workspace/logsheets/filtered/water_sampling.csv,XSDDate,False
missing value,ws,arr_date_hq,322,,,,/github/workspace/logsheets/filtered/water_sampling.csv,XSDDate,False
missing value,ws,arr_date_hq,323,,,,/github/workspace/logsheets/filtered/water_sampling.csv,XSDDate,False
missing value,ws,arr_date_hq,324,,,,/github/workspace/logsheets/filtered/water_sampling.csv,XSDDate,False
missing value,ws,arr_date_hq,325,,,,/github/workspace/logsheets/filtered/water_sampling.csv,XSDDate,False
missing value,ws,arr_date_hq,326,,,,/github/workspace/logsheets/filtered/water_sampling.csv,XSDDate,False
missing value,ws,arr_date_hq,327,,,,/github/workspace/logsheets/filtered/water_sampling.csv,XSDDate,False
missing value,ws,arr_date_hq,328,,,,/github/workspace/logsheets/filtered/water_sampling.csv,XSDDate,False
missing value,ws,arr_date_hq,329,,,,/github/workspace/logsheets/filtered/water_sampling.csv,XSDDate,False
missing value,ws,arr_date_hq,330,,,,/github/workspace/logsheets/filtered/water_sampling.csv,XSDDate,False
missing value,ws,arr_date_hq,331,,,,/github/workspace/logsheets/filtered/water_sampling.csv,XSDDate,False
missing value,ws,arr_date_hq,332,,,,/github/workspace/logsheets/filtered/water_sampling.csv,XSDDate,False
missing value,ws,arr_date_hq,333,,,,/github/workspace/logsheets/filtered/water_sampling.csv,XSDDate,False
missing value,ws,arr_date_hq,334,,,,/github/workspace/logsheets/filtered/water_sampling.csv,XSDDate,False
missing value,ws,arr_date_hq,335,,,,/github/workspace/logsheets/filtered/water_sampling.csv,XSDDate,False
missing value,ws,arr_date_hq,336,,,,/github/workspace/logsheets/filtered/water_sampling.csv,XSDDate,False
missing value,ws,arr_date_hq,337,,,,/github/workspace/logsheets/filtered/water_sampling.csv,XSDDate,False
missing value,ws,arr_date_hq,338,,,,/github/workspace/logsheets/filtered/water_sampling.csv,XSDDate,False
missing value,ws,arr_date_hq,339,,,,/github/workspace/logsheets/filtered/water_sampling.csv,XSDDate,False
missing value,ws,arr_date_hq,340,,,,/github/workspace/logsheets/filtered/water_sampling.csv,XSDDate,False
missing value,ws,arr_date_hq,341,,,,/github/workspace/logsheets/filtered/water_sampling.csv,XSDDate,False
missing value,ws,arr_date_hq,342,,,,/github/workspace/logsheets/filtered/water_sampling.csv,XSDDate,False
missing value,ws,arr_date_hq,343,,,,/github/workspace/logsheets/filtered/water_sampling.csv,XSDDate,False
missing value,ws,arr_date_hq,344,,,,/github/workspace/logsheets/filtered/water_sampling.csv,XSDDate,False
missing value,ws,arr_date_hq,345,,,,/github/workspace/logsheets/filtered/water_sampling.csv,XSDDate,False
missing value,ws,arr_date_hq,346,,,,/github/workspace/logsheets/filtered/water_sampling.csv,XSDDate,False
missing value,ws,arr_date_hq,347,,,,/github/workspace/logsheets/filtered/water_sampling.csv,XSDDate,False
datatype mismatch,ws,arr_date_seq,1,2021-11-24 00:00:00,2021-11-24,,/github/workspace/logsheets/filtered/water_sampling.csv,XSDDate,False
datatype mismatch,ws,arr_date_seq,2,2021-11-24 00:00:00,2021-11-24,,/github/workspace/logsheets/filtered/water_sampling.csv,XSDDate,False
missing value,ws,arr_date_seq,3,,,,/github/workspace/logsheets/filtered/water_sampling.csv,XSDDate,False
missing value,ws,arr_date_seq,4,,,,/github/workspace/logsheets/filtered/water_sampling.csv,XSDDate,False
datatype mismatch,ws,arr_date_seq,5,2021-11-24 00:00:00,2021-11-24,,/github/workspace/logsheets/filtered/water_sampling.csv,XSDDate,False
datatype mismatch,ws,arr_date_seq,6,2021-11-24 00:00:00,2021-11-24,,/github/workspace/logsheets/filtered/water_sampling.csv,XSDDate,False
missing value,ws,arr_date_seq,7,,,,/github/workspace/logsheets/filtered/water_sampling.csv,XSDDate,False
missing value,ws,arr_date_seq,8,,,,/github/workspace/logsheets/filtered/water_sampling.csv,XSDDate,False
missing value,ws,arr_date_seq,9,,,,/github/workspace/logsheets/filtered/water_sampling.csv,XSDDate,False
missing value,ws,arr_date_seq,10,,,,/github/workspace/logsheets/filtered/water_sampling.csv,XSDDate,False
datatype mismatch,ws,arr_date_seq,11,2022-02-23 00:00:00,2022-02-23,,/github/workspace/logsheets/filtered/water_sampling.csv,XSDDate,False
datatype mismatch,ws,arr_date_seq,12,2022-02-23 00:00:00,2022-02-23,,/github/workspace/logsheets/filtered/water_sampling.csv,XSDDate,False
missing value,ws,arr_date_seq,13,,,,/github/workspace/logsheets/filtered/water_sampling.csv,XSDDate,False
missing value,ws,arr_date_seq,14,,,,/github/workspace/logsheets/filtered/water_sampling.csv,XSDDate,False
datatype mismatch,ws,arr_date_seq,15,2022-02-23 00:00:00,2022-02-23,,/github/workspace/logsheets/filtered/water_sampling.csv,XSDDate,False
datatype mismatch,ws,arr_date_seq,16,2022-02-23 00:00:00,2022-02-23,,/github/workspace/logsheets/filtered/water_sampling.csv,XSDDate,False
missing value,ws,arr_date_seq,17,,,,/github/workspace/logsheets/filtered/water_sampling.csv,XSDDate,False
missing value,ws,arr_date_seq,18,,,,/github/workspace/logsheets/filtered/water_sampling.csv,XSDDate,False
missing value,ws,arr_date_seq,19,,,,/github/workspace/logsheets/filtered/water_sampling.csv,XSDDate,False
missing value,ws,arr_date_seq,20,,,,/github/workspace/logsheets/filtered/water_sampling.csv,XSDDate,False
datatype mismatch,ws,arr_date_seq,21,2022-02-23 00:00:00,2022-02-23,,/github/workspace/logsheets/filtered/water_sampling.csv,XSDDate,False
datatype mismatch,ws,arr_date_seq,22,2022-02-23 00:00:00,2022-02-23,,/github/workspace/logsheets/filtered/water_sampling.csv,XSDDate,False
missing value,ws,arr_date_seq,23,,,,/github/workspace/logsheets/filtered/water_sampling.csv,XSDDate,False
missing value,ws,arr_date_seq,24,,,,/github/workspace/logsheets/filtered/water_sampling.csv,XSDDate,False
datatype mismatch,ws,arr_date_seq,25,2022-02-23 00:00:00,2022-02-23,,/github/workspace/logsheets/filtered/water_sampling.csv,XSDDate,False
datatype mismatch,ws,arr_date_seq,26,2022-02-23 00:00:00,2022-02-23,,/github/workspace/logsheets/filtered/water_sampling.csv,XSDDate,False
missing value,ws,arr_date_seq,27,,,,/github/workspace/logsheets/filtered/water_sampling.csv,XSDDate,False
missing value,ws,arr_date_seq,28,,,,/github/workspace/logsheets/filtered/water_sampling.csv,XSDDate,False
datatype mismatch,ws,arr_date_seq,29,2022-02-23 00:00:00,2022-02-23,,/github/workspace/logsheets/filtered/water_sampling.csv,XSDDate,False
datatype mismatch,ws,arr_date_seq,30,2022-02-23 00:00:00,2022-02-23,,/github/workspace/logsheets/filtered/water_sampling.csv,XSDDate,False
datatype mismatch,ws,arr_date_seq,31,2023-06-01 00:00:00,2023-06-01,,/github/workspace/logsheets/filtered/water_sampling.csv,XSDDate,False
datatype mismatch,ws,arr_date_seq,32,2023-06-01 00:00:00,2023-06-01,,/github/workspace/logsheets/filtered/water_sampling.csv,XSDDate,False
missing value,ws,arr_date_seq,33,,,,/github/workspace/logsheets/filtered/water_sampling.csv,XSDDate,False
missing value,ws,arr_date_seq,34,,,,/github/workspace/logsheets/filtered/water_sampling.csv,XSDDate,False
datatype mismatch,ws,arr_date_seq,35,2023-06-01 00:00:00,2023-06-01,,/github/workspace/logsheets/filtered/water_sampling.csv,XSDDate,False
datatype mismatch,ws,arr_date_seq,36,2023-06-01 00:00:00,2023-06-01,,/github/workspace/logsheets/filtered/water_sampling.csv,XSDDate,False
missing value,ws,arr_date_seq,37,,,,/github/workspace/logsheets/filtered/water_sampling.csv,XSDDate,False
missing value,ws,arr_date_seq,38,,,,/github/workspace/logsheets/filtered/water_sampling.csv,XSDDate,False
missing value,ws,arr_date_seq,39,,,,/github/workspace/logsheets/filtered/water_sampling.csv,XSDDate,False
missing value,ws,arr_date_seq,40,,,,/github/workspace/logsheets/filtered/water_sampling.csv,XSDDate,False
datatype mismatch,ws,arr_date_seq,41,2023-06-01 00:00:00,2023-06-01,,/github/workspace/logsheets/filtered/water_sampling.csv,XSDDate,False
datatype mismatch,ws,arr_date_seq,42,2023-06-01 00:00:00,2023-06-01,,/github/workspace/logsheets/filtered/water_sampling.csv,XSDDate,False
missing value,ws,arr_date_seq,43,,,,/github/workspace/logsheets/filtered/water_sampling.csv,XSDDate,False
missing value,ws,arr_date_seq,44,,,,/github/workspace/logsheets/filtered/water_sampling.csv,XSDDate,False
datatype mismatch,ws,arr_date_seq,45,2023-06-01 00:00:00,2023-06-01,,/github/workspace/logsheets/filtered/water_sampling.csv,XSDDate,False
datatype mismatch,ws,arr_date_seq,46,2023-06-01 00:00:00,2023-06-01,,/github/workspace/logsheets/filtered/water_sampling.csv,XSDDate,False
missing value,ws,arr_date_seq,47,,,,/github/workspace/logsheets/filtered/water_sampling.csv,XSDDate,False
missing value,ws,arr_date_seq,48,,,,/github/workspace/logsheets/filtered/water_sampling.csv,XSDDate,False
missing value,ws,arr_date_seq,49,,,,/github/workspace/logsheets/filtered/water_sampling.csv,XSDDate,False
missing value,ws,arr_date_seq,50,,,,/github/workspace/logsheets/filtered/water_sampling.csv,XSDDate,False
datatype mismatch,ws,arr_date_seq,51,2023-06-01 00:00:00,2023-06-01,,/github/workspace/logsheets/filtered/water_sampling.csv,XSDDate,False
datatype mismatch,ws,arr_date_seq,52,2023-06-01 00:00:00,2023-06-01,,/github/workspace/logsheets/filtered/water_sampling.csv,XSDDate,False
missing value,ws,arr_date_seq,53,,,,/github/workspace/logsheets/filtered/water_sampling.csv,XSDDate,False
missing value,ws,arr_date_seq,54,,,,/github/workspace/logsheets/filtered/water_sampling.csv,XSDDate,False
datatype mismatch,ws,arr_date_seq,55,2023-06-01 00:00:00,2023-06-01,,/github/workspace/logsheets/filtered/water_sampling.csv,XSDDate,False
datatype mismatch,ws,arr_date_seq,56,2023-06-01 00:00:00,2023-06-01,,/github/workspace/logsheets/filtered/water_sampling.csv,XSDDate,False
missing value,ws,arr_date_seq,57,,,,/github/workspace/logsheets/filtered/water_sampling.csv,XSDDate,False
missing value,ws,arr_date_seq,58,,,,/github/workspace/logsheets/filtered/water_sampling.csv,XSDDate,False
missing value,ws,arr_date_seq,59,,,,/github/workspace/logsheets/filtered/water_sampling.csv,XSDDate,False
missing value,ws,arr_date_seq,60,,,,/github/workspace/logsheets/filtered/water_sampling.csv,XSDDate,False
datatype mismatch,ws,arr_date_seq,61,2023-06-01 00:00:00,2023-06-01,,/github/workspace/logsheets/filtered/water_sampling.csv,XSDDate,False
datatype mismatch,ws,arr_date_seq,62,2023-06-01 00:00:00,2023-06-01,,/github/workspace/logsheets/filtered/water_sampling.csv,XSDDate,False
missing value,ws,arr_date_seq,63,,,,/github/workspace/logsheets/filtered/water_sampling.csv,XSDDate,False
missing value,ws,arr_date_seq,64,,,,/github/workspace/logsheets/filtered/water_sampling.csv,XSDDate,False
datatype mismatch,ws,arr_date_seq,65,2023-06-01 00:00:00,2023-06-01,,/github/workspace/logsheets/filtered/water_sampling.csv,XSDDate,False
datatype mismatch,ws,arr_date_seq,66,2023-06-01 00:00:00,2023-06-01,,/github/workspace/logsheets/filtered/water_sampling.csv,XSDDate,False
missing value,ws,arr_date_seq,67,,,,/github/workspace/logsheets/filtered/water_sampling.csv,XSDDate,False
missing value,ws,arr_date_seq,68,,,,/github/workspace/logsheets/filtered/water_sampling.csv,XSDDate,False
missing value,ws,arr_date_seq,69,,,,/github/workspace/logsheets/filtered/water_sampling.csv,XSDDate,False
missing value,ws,arr_date_seq,70,,,,/github/workspace/logsheets/filtered/water_sampling.csv,XSDDate,False
datatype mismatch,ws,arr_date_seq,71,2024-04-18 00:00:00,2024-04-18,,/github/workspace/logsheets/filtered/water_sampling.csv,XSDDate,False
datatype mismatch,ws,arr_date_seq,72,2024-04-18 00:00:00,2024-04-18,,/github/workspace/logsheets/filtered/water_sampling.csv,XSDDate,False
missing value,ws,arr_date_seq,73,,,,/github/workspace/logsheets/filtered/water_sampling.csv,XSDDate,False
missing value,ws,arr_date_seq,74,,,,/github/workspace/logsheets/filtered/water_sampling.csv,XSDDate,False
datatype mismatch,ws,arr_date_seq,75,2024-04-18 00:00:00,2024-04-18,,/github/workspace/logsheets/filtered/water_sampling.csv,XSDDate,False
datatype mismatch,ws,arr_date_seq,76,2024-04-18 00:00:00,2024-04-18,,/github/workspace/logsheets/filtered/water_sampling.csv,XSDDate,False
missing value,ws,arr_date_seq,77,,,,/github/workspace/logsheets/filtered/water_sampling.csv,XSDDate,False
missing value,ws,arr_date_seq,78,,,,/github/workspace/logsheets/filtered/water_sampling.csv,XSDDate,False
missing value,ws,arr_date_seq,79,,,,/github/workspace/logsheets/filtered/water_sampling.csv,XSDDate,False
missing value,ws,arr_date_seq,80,,,,/github/workspace/logsheets/filtered/water_sampling.csv,XSDDate,False
datatype mismatch,ws,arr_date_seq,81,2024-04-18 00:00:00,2024-04-18,,/github/workspace/logsheets/filtered/water_sampling.csv,XSDDate,False
datatype mismatch,ws,arr_date_seq,82,2024-04-18 00:00:00,2024-04-18,,/github/workspace/logsheets/filtered/water_sampling.csv,XSDDate,False
missing value,ws,arr_date_seq,83,,,,/github/workspace/logsheets/filtered/water_sampling.csv,XSDDate,False
missing value,ws,arr_date_seq,84,,,,/github/workspace/logsheets/filtered/water_sampling.csv,XSDDate,False
datatype mismatch,ws,arr_date_seq,85,2024-04-18 00:00:00,2024-04-18,,/github/workspace/logsheets/filtered/water_sampling.csv,XSDDate,False
datatype mismatch,ws,arr_date_seq,86,2024-04-18 00:00:00,2024-04-18,,/github/workspace/logsheets/filtered/water_sampling.csv,XSDDate,False
missing value,ws,arr_date_seq,87,,,,/github/workspace/logsheets/filtered/water_sampling.csv,XSDDate,False
missing value,ws,arr_date_seq,88,,,,/github/workspace/logsheets/filtered/water_sampling.csv,XSDDate,False
missing value,ws,arr_date_seq,89,,,,/github/workspace/logsheets/filtered/water_sampling.csv,XSDDate,False
missing value,ws,arr_date_seq,90,,,,/github/workspace/logsheets/filtered/water_sampling.csv,XSDDate,False
missing value,ws,arr_date_seq,251,,,,/github/workspace/logsheets/filtered/water_sampling.csv,XSDDate,False
missing value,ws,arr_date_seq,252,,,,/github/workspace/logsheets/filtered/water_sampling.csv,XSDDate,False
missing value,ws,arr_date_seq,253,,,,/github/workspace/logsheets/filtered/water_sampling.csv,XSDDate,False
missing value,ws,arr_date_seq,254,,,,/github/workspace/logsheets/filtered/water_sampling.csv,XSDDate,False
missing value,ws,arr_date_seq,255,,,,/github/workspace/logsheets/filtered/water_sampling.csv,XSDDate,False
missing value,ws,arr_date_seq,256,,,,/github/workspace/logsheets/filtered/water_sampling.csv,XSDDate,False
missing value,ws,arr_date_seq,257,,,,/github/workspace/logsheets/filtered/water_sampling.csv,XSDDate,False
missing value,ws,arr_date_seq,258,,,,/github/workspace/logsheets/filtered/water_sampling.csv,XSDDate,False
missing value,ws,arr_date_seq,259,,,,/github/workspace/logsheets/filtered/water_sampling.csv,XSDDate,False
missing value,ws,arr_date_seq,260,,,,/github/workspace/logsheets/filtered/water_sampling.csv,XSDDate,False
missing value,ws,arr_date_seq,261,,,,/github/workspace/logsheets/filtered/water_sampling.csv,XSDDate,False
missing value,ws,arr_date_seq,262,,,,/github/workspace/logsheets/filtered/water_sampling.csv,XSDDate,False
missing value,ws,arr_date_seq,263,,,,/github/workspace/logsheets/filtered/water_sampling.csv,XSDDate,False
missing value,ws,arr_date_seq,264,,,,/github/workspace/logsheets/filtered/water_sampling.csv,XSDDate,False
missing value,ws,arr_date_seq,265,,,,/github/workspace/logsheets/filtered/water_sampling.csv,XSDDate,False
missing value,ws,arr_date_seq,266,,,,/github/workspace/logsheets/filtered/water_sampling.csv,XSDDate,False
missing value,ws,arr_date_seq,267,,,,/github/workspace/logsheets/filtered/water_sampling.csv,XSDDate,False
missing value,ws,arr_date_seq,268,,,,/github/workspace/logsheets/filtered/water_sampling.csv,XSDDate,False
missing value,ws,arr_date_seq,269,,,,/github/workspace/logsheets/filtered/water_sampling.csv,XSDDate,False
missing value,ws,arr_date_seq,270,,,,/github/workspace/logsheets/filtered/water_sampling.csv,XSDDate,False
missing value,ws,arr_date_seq,271,,,,/github/workspace/logsheets/filtered/water_sampling.csv,XSDDate,False
missing value,ws,arr_date_seq,272,,,,/github/workspace/logsheets/filtered/water_sampling.csv,XSDDate,False
missing value,ws,arr_date_seq,273,,,,/github/workspace/logsheets/filtered/water_sampling.csv,XSDDate,False
missing value,ws,arr_date_seq,274,,,,/github/workspace/logsheets/filtered/water_sampling.csv,XSDDate,False
missing value,ws,arr_date_seq,275,,,,/github/workspace/logsheets/filtered/water_sampling.csv,XSDDate,False
missing value,ws,arr_date_seq,276,,,,/github/workspace/logsheets/filtered/water_sampling.csv,XSDDate,False
missing value,ws,arr_date_seq,277,,,,/github/workspace/logsheets/filtered/water_sampling.csv,XSDDate,False
missing value,ws,arr_date_seq,278,,,,/github/workspace/logsheets/filtered/water_sampling.csv,XSDDate,False
missing value,ws,arr_date_seq,279,,,,/github/workspace/logsheets/filtered/water_sampling.csv,XSDDate,False
missing value,ws,arr_date_seq,280,,,,/github/workspace/logsheets/filtered/water_sampling.csv,XSDDate,False
missing value,ws,arr_date_seq,281,,,,/github/workspace/logsheets/filtered/water_sampling.csv,XSDDate,False
missing value,ws,arr_date_seq,282,,,,/github/workspace/logsheets/filtered/water_sampling.csv,XSDDate,False
missing value,ws,arr_date_seq,283,,,,/github/workspace/logsheets/filtered/water_sampling.csv,XSDDate,False
missing value,ws,arr_date_seq,284,,,,/github/workspace/logsheets/filtered/water_sampling.csv,XSDDate,False
missing value,ws,arr_date_seq,285,,,,/github/workspace/logsheets/filtered/water_sampling.csv,XSDDate,False
missing value,ws,arr_date_seq,286,,,,/github/workspace/logsheets/filtered/water_sampling.csv,XSDDate,False
missing value,ws,arr_date_seq,287,,,,/github/workspace/logsheets/filtered/water_sampling.csv,XSDDate,False
missing value,ws,arr_date_seq,288,,,,/github/workspace/logsheets/filtered/water_sampling.csv,XSDDate,False
missing value,ws,arr_date_seq,289,,,,/github/workspace/logsheets/filtered/water_sampling.csv,XSDDate,False
missing value,ws,arr_date_seq,290,,,,/github/workspace/logsheets/filtered/water_sampling.csv,XSDDate,False
missing value,ws,arr_date_seq,291,,,,/github/workspace/logsheets/filtered/water_sampling.csv,XSDDate,False
missing value,ws,arr_date_seq,292,,,,/github/workspace/logsheets/filtered/water_sampling.csv,XSDDate,False
missing value,ws,arr_date_seq,293,,,,/github/workspace/logsheets/filtered/water_sampling.csv,XSDDate,False
missing value,ws,arr_date_seq,294,,,,/github/workspace/logsheets/filtered/water_sampling.csv,XSDDate,False
missing value,ws,arr_date_seq,295,,,,/github/workspace/logsheets/filtered/water_sampling.csv,XSDDate,False
missing value,ws,arr_date_seq,296,,,,/github/workspace/logsheets/filtered/water_sampling.csv,XSDDate,False
missing value,ws,arr_date_seq,297,,,,/github/workspace/logsheets/filtered/water_sampling.csv,XSDDate,False
missing value,ws,arr_date_seq,298,,,,/github/workspace/logsheets/filtered/water_sampling.csv,XSDDate,False
missing value,ws,arr_date_seq,299,,,,/github/workspace/logsheets/filtered/water_sampling.csv,XSDDate,False
missing value,ws,arr_date_seq,300,,,,/github/workspace/logsheets/filtered/water_sampling.csv,XSDDate,False
missing value,ws,arr_date_seq,301,,,,/github/workspace/logsheets/filtered/water_sampling.csv,XSDDate,False
missing value,ws,arr_date_seq,302,,,,/github/workspace/logsheets/filtered/water_sampling.csv,XSDDate,False
missing value,ws,arr_date_seq,303,,,,/github/workspace/logsheets/filtered/water_sampling.csv,XSDDate,False
missing value,ws,arr_date_seq,304,,,,/github/workspace/logsheets/filtered/water_sampling.csv,XSDDate,False
missing value,ws,arr_date_seq,305,,,,/github/workspace/logsheets/filtered/water_sampling.csv,XSDDate,False
missing value,ws,arr_date_seq,306,,,,/github/workspace/logsheets/filtered/water_sampling.csv,XSDDate,False
missing value,ws,arr_date_seq,307,,,,/github/workspace/logsheets/filtered/water_sampling.csv,XSDDate,False
missing value,ws,arr_date_seq,308,,,,/github/workspace/logsheets/filtered/water_sampling.csv,XSDDate,False
missing value,ws,arr_date_seq,309,,,,/github/workspace/logsheets/filtered/water_sampling.csv,XSDDate,False
missing value,ws,arr_date_seq,310,,,,/github/workspace/logsheets/filtered/water_sampling.csv,XSDDate,False
missing value,ws,arr_date_seq,311,,,,/github/workspace/logsheets/filtered/water_sampling.csv,XSDDate,False
missing value,ws,arr_date_seq,312,,,,/github/workspace/logsheets/filtered/water_sampling.csv,XSDDate,False
missing value,ws,arr_date_seq,313,,,,/github/workspace/logsheets/filtered/water_sampling.csv,XSDDate,False
missing value,ws,arr_date_seq,314,,,,/github/workspace/logsheets/filtered/water_sampling.csv,XSDDate,False
missing value,ws,arr_date_seq,315,,,,/github/workspace/logsheets/filtered/water_sampling.csv,XSDDate,False
missing value,ws,arr_date_seq,316,,,,/github/workspace/logsheets/filtered/water_sampling.csv,XSDDate,False
missing value,ws,arr_date_seq,317,,,,/github/workspace/logsheets/filtered/water_sampling.csv,XSDDate,False
missing value,ws,arr_date_seq,318,,,,/github/workspace/logsheets/filtered/water_sampling.csv,XSDDate,False
missing value,ws,arr_date_seq,319,,,,/github/workspace/logsheets/filtered/water_sampling.csv,XSDDate,False
missing value,ws,arr_date_seq,320,,,,/github/workspace/logsheets/filtered/water_sampling.csv,XSDDate,False
missing value,ws,arr_date_seq,321,,,,/github/workspace/logsheets/filtered/water_sampling.csv,XSDDate,False
missing value,ws,arr_date_seq,322,,,,/github/workspace/logsheets/filtered/water_sampling.csv,XSDDate,False
missing value,ws,arr_date_seq,323,,,,/github/workspace/logsheets/filtered/water_sampling.csv,XSDDate,False
missing value,ws,arr_date_seq,324,,,,/github/workspace/logsheets/filtered/water_sampling.csv,XSDDate,False
missing value,ws,arr_date_seq,325,,,,/github/workspace/logsheets/filtered/water_sampling.csv,XSDDate,False
missing value,ws,arr_date_seq,326,,,,/github/workspace/logsheets/filtered/water_sampling.csv,XSDDate,False
missing value,ws,arr_date_seq,327,,,,/github/workspace/logsheets/filtered/water_sampling.csv,XSDDate,False
missing value,ws,arr_date_seq,328,,,,/github/workspace/logsheets/filtered/water_sampling.csv,XSDDate,False
missing value,ws,arr_date_seq,329,,,,/github/workspace/logsheets/filtered/water_sampling.csv,XSDDate,False
missing value,ws,arr_date_seq,330,,,,/github/workspace/logsheets/filtered/water_sampling.csv,XSDDate,False
missing value,ws,arr_date_seq,331,,,,/github/workspace/logsheets/filtered/water_sampling.csv,XSDDate,False
missing value,ws,arr_date_seq,332,,,,/github/workspace/logsheets/filtered/water_sampling.csv,XSDDate,False
missing value,ws,arr_date_seq,333,,,,/github/workspace/logsheets/filtered/water_sampling.csv,XSDDate,False
missing value,ws,arr_date_seq,334,,,,/github/workspace/logsheets/filtered/water_sampling.csv,XSDDate,False
missing value,ws,arr_date_seq,335,,,,/github/workspace/logsheets/filtered/water_sampling.csv,XSDDate,False
missing value,ws,arr_date_seq,336,,,,/github/workspace/logsheets/filtered/water_sampling.csv,XSDDate,False
missing value,ws,arr_date_seq,337,,,,/github/workspace/logsheets/filtered/water_sampling.csv,XSDDate,False
missing value,ws,arr_date_seq,338,,,,/github/workspace/logsheets/filtered/water_sampling.csv,XSDDate,False
missing value,ws,arr_date_seq,339,,,,/github/workspace/logsheets/filtered/water_sampling.csv,XSDDate,False
missing value,ws,arr_date_seq,340,,,,/github/workspace/logsheets/filtered/water_sampling.csv,XSDDate,False
missing value,ws,arr_date_seq,341,,,,/github/workspace/logsheets/filtered/water_sampling.csv,XSDDate,False
missing value,ws,arr_date_seq,342,,,,/github/workspace/logsheets/filtered/water_sampling.csv,XSDDate,False
missing value,ws,arr_date_seq,343,,,,/github/workspace/logsheets/filtered/water_sampling.csv,XSDDate,False
missing value,ws,arr_date_seq,344,,,,/github/workspace/logsheets/filtered/water_sampling.csv,XSDDate,False
missing value,ws,arr_date_seq,345,,,,/github/workspace/logsheets/filtered/water_sampling.csv,XSDDate,False
missing value,ws,arr_date_seq,346,,,,/github/workspace/logsheets/filtered/water_sampling.csv,XSDDate,False
missing value,ws,arr_date_seq,347,,,,/github/workspace/logsheets/filtered/water_sampling.csv,XSDDate,False
datatype mismatch,ws,collection_date,1,2021-08-05 00:00:00,2021-08-05,,/github/workspace/logsheets/filtered/water_sampling.csv,XSDDate,False
datatype mismatch,ws,collection_date,2,2021-08-05 00:00:00,2021-08-05,,/github/workspace/logsheets/filtered/water_sampling.csv,XSDDate,False
datatype mismatch,ws,collection_date,3,2021-08-05 00:00:00,2021-08-05,,/github/workspace/logsheets/filtered/water_sampling.csv,XSDDate,False
datatype mismatch,ws,collection_date,4,2021-08-05 00:00:00,2021-08-05,,/github/workspace/logsheets/filtered/water_sampling.csv,XSDDate,False
datatype mismatch,ws,collection_date,5,2021-08-05 00:00:00,2021-08-05,,/github/workspace/logsheets/filtered/water_sampling.csv,XSDDate,False
datatype mismatch,ws,collection_date,6,2021-08-05 00:00:00,2021-08-05,,/github/workspace/logsheets/filtered/water_sampling.csv,XSDDate,False
datatype mismatch,ws,collection_date,7,2021-08-05 00:00:00,2021-08-05,,/github/workspace/logsheets/filtered/water_sampling.csv,XSDDate,False
datatype mismatch,ws,collection_date,8,2021-08-05 00:00:00,2021-08-05,,/github/workspace/logsheets/filtered/water_sampling.csv,XSDDate,False
datatype mismatch,ws,collection_date,9,2021-08-05 00:00:00,2021-08-05,,/github/workspace/logsheets/filtered/water_sampling.csv,XSDDate,False
datatype mismatch,ws,collection_date,10,2021-08-05 00:00:00,2021-08-05,,/github/workspace/logsheets/filtered/water_sampling.csv,XSDDate,False
datatype mismatch,ws,collection_date,11,2021-10-22 00:00:00,2021-10-22,,/github/workspace/logsheets/filtered/water_sampling.csv,XSDDate,False
datatype mismatch,ws,collection_date,12,2021-10-22 00:00:00,2021-10-22,,/github/workspace/logsheets/filtered/water_sampling.csv,XSDDate,False
datatype mismatch,ws,collection_date,13,2021-10-22 00:00:00,2021-10-22,,/github/workspace/logsheets/filtered/water_sampling.csv,XSDDate,False
datatype mismatch,ws,collection_date,14,2021-10-22 00:00:00,2021-10-22,,/github/workspace/logsheets/filtered/water_sampling.csv,XSDDate,False
datatype mismatch,ws,collection_date,15,2021-10-22 00:00:00,2021-10-22,,/github/workspace/logsheets/filtered/water_sampling.csv,XSDDate,False
datatype mismatch,ws,collection_date,16,2021-10-22 00:00:00,2021-10-22,,/github/workspace/logsheets/filtered/water_sampling.csv,XSDDate,False
datatype mismatch,ws,collection_date,17,2021-10-22 00:00:00,2021-10-22,,/github/workspace/logsheets/filtered/water_sampling.csv,XSDDate,False
datatype mismatch,ws,collection_date,18,2021-10-22 00:00:00,2021-10-22,,/github/workspace/logsheets/filtered/water_sampling.csv,XSDDate,False
datatype mismatch,ws,collection_date,19,2021-10-22 00:00:00,2021-10-22,,/github/workspace/logsheets/filtered/water_sampling.csv,XSDDate,False
datatype mismatch,ws,collection_date,20,2021-10-22 00:00:00,2021-10-22,,/github/workspace/logsheets/filtered/water_sampling.csv,XSDDate,False
datatype mismatch,ws,collection_date,21,2021-12-20 00:00:00,2021-12-20,,/github/workspace/logsheets/filtered/water_sampling.csv,XSDDate,False
datatype mismatch,ws,collection_date,22,2021-12-20 00:00:00,2021-12-20,,/github/workspace/logsheets/filtered/water_sampling.csv,XSDDate,False
datatype mismatch,ws,collection_date,23,2021-12-20 00:00:00,2021-12-20,,/github/workspace/logsheets/filtered/water_sampling.csv,XSDDate,False
datatype mismatch,ws,collection_date,24,2021-12-20 00:00:00,2021-12-20,,/github/workspace/logsheets/filtered/water_sampling.csv,XSDDate,False
datatype mismatch,ws,collection_date,25,2021-12-20 00:00:00,2021-12-20,,/github/workspace/logsheets/filtered/water_sampling.csv,XSDDate,False
datatype mismatch,ws,collection_date,26,2021-12-20 00:00:00,2021-12-20,,/github/workspace/logsheets/filtered/water_sampling.csv,XSDDate,False
datatype mismatch,ws,collection_date,27,2021-12-20 00:00:00,2021-12-20,,/github/workspace/logsheets/filtered/water_sampling.csv,XSDDate,False
datatype mismatch,ws,collection_date,28,2021-12-20 00:00:00,2021-12-20,,/github/workspace/logsheets/filtered/water_sampling.csv,XSDDate,False
datatype mismatch,ws,collection_date,29,2021-12-20 00:00:00,2021-12-20,,/github/workspace/logsheets/filtered/water_sampling.csv,XSDDate,False
datatype mismatch,ws,collection_date,30,2021-12-20 00:00:00,2021-12-20,,/github/workspace/logsheets/filtered/water_sampling.csv,XSDDate,False
datatype mismatch,ws,collection_date,31,2022-02-24 00:00:00,2022-02-24,,/github/workspace/logsheets/filtered/water_sampling.csv,XSDDate,False
datatype mismatch,ws,collection_date,32,2022-02-24 00:00:00,2022-02-24,,/github/workspace/logsheets/filtered/water_sampling.csv,XSDDate,False
datatype mismatch,ws,collection_date,33,2022-02-24 00:00:00,2022-02-24,,/github/workspace/logsheets/filtered/water_sampling.csv,XSDDate,False
datatype mismatch,ws,collection_date,34,2022-02-24 00:00:00,2022-02-24,,/github/workspace/logsheets/filtered/water_sampling.csv,XSDDate,False
datatype mismatch,ws,collection_date,35,2022-02-24 00:00:00,2022-02-24,,/github/workspace/logsheets/filtered/water_sampling.csv,XSDDate,False
datatype mismatch,ws,collection_date,36,2022-02-24 00:00:00,2022-02-24,,/github/workspace/logsheets/filtered/water_sampling.csv,XSDDate,False
datatype mismatch,ws,collection_date,37,2022-02-24 00:00:00,2022-02-24,,/github/workspace/logsheets/filtered/water_sampling.csv,XSDDate,False
datatype mismatch,ws,collection_date,38,2022-02-24 00:00:00,2022-02-24,,/github/workspace/logsheets/filtered/water_sampling.csv,XSDDate,False
datatype mismatch,ws,collection_date,39,2022-02-24 00:00:00,2022-02-24,,/github/workspace/logsheets/filtered/water_sampling.csv,XSDDate,False
datatype mismatch,ws,collection_date,40,2022-02-24 00:00:00,2022-02-24,,/github/workspace/logsheets/filtered/water_sampling.csv,XSDDate,False
datatype mismatch,ws,collection_date,41,2022-04-28 00:00:00,2022-04-28,,/github/workspace/logsheets/filtered/water_sampling.csv,XSDDate,False
datatype mismatch,ws,collection_date,42,2022-04-28 00:00:00,2022-04-28,,/github/workspace/logsheets/filtered/water_sampling.csv,XSDDate,False
datatype mismatch,ws,collection_date,43,2022-04-28 00:00:00,2022-04-28,,/github/workspace/logsheets/filtered/water_sampling.csv,XSDDate,False
datatype mismatch,ws,collection_date,44,2022-04-28 00:00:00,2022-04-28,,/github/workspace/logsheets/filtered/water_sampling.csv,XSDDate,False
datatype mismatch,ws,collection_date,45,2022-04-28 00:00:00,2022-04-28,,/github/workspace/logsheets/filtered/water_sampling.csv,XSDDate,False
datatype mismatch,ws,collection_date,46,2022-04-28 00:00:00,2022-04-28,,/github/workspace/logsheets/filtered/water_sampling.csv,XSDDate,False
datatype mismatch,ws,collection_date,47,2022-04-28 00:00:00,2022-04-28,,/github/workspace/logsheets/filtered/water_sampling.csv,XSDDate,False
datatype mismatch,ws,collection_date,48,2022-04-28 00:00:00,2022-04-28,,/github/workspace/logsheets/filtered/water_sampling.csv,XSDDate,False
datatype mismatch,ws,collection_date,49,2022-04-28 00:00:00,2022-04-28,,/github/workspace/logsheets/filtered/water_sampling.csv,XSDDate,False
datatype mismatch,ws,collection_date,50,2022-04-28 00:00:00,2022-04-28,,/github/workspace/logsheets/filtered/water_sampling.csv,XSDDate,False
datatype mismatch,ws,collection_date,51,2022-06-29 00:00:00,2022-06-29,,/github/workspace/logsheets/filtered/water_sampling.csv,XSDDate,False
datatype mismatch,ws,collection_date,52,2022-06-29 00:00:00,2022-06-29,,/github/workspace/logsheets/filtered/water_sampling.csv,XSDDate,False
datatype mismatch,ws,collection_date,53,2022-06-29 00:00:00,2022-06-29,,/github/workspace/logsheets/filtered/water_sampling.csv,XSDDate,False
datatype mismatch,ws,collection_date,54,2022-06-29 00:00:00,2022-06-29,,/github/workspace/logsheets/filtered/water_sampling.csv,XSDDate,False
datatype mismatch,ws,collection_date,55,2022-06-29 00:00:00,2022-06-29,,/github/workspace/logsheets/filtered/water_sampling.csv,XSDDate,False
datatype mismatch,ws,collection_date,56,2022-06-29 00:00:00,2022-06-29,,/github/workspace/logsheets/filtered/water_sampling.csv,XSDDate,False
datatype mismatch,ws,collection_date,57,2022-06-29 00:00:00,2022-06-29,,/github/workspace/logsheets/filtered/water_sampling.csv,XSDDate,False
datatype mismatch,ws,collection_date,58,2022-06-29 00:00:00,2022-06-29,,/github/workspace/logsheets/filtered/water_sampling.csv,XSDDate,False
datatype mismatch,ws,collection_date,59,2022-06-29 00:00:00,2022-06-29,,/github/workspace/logsheets/filtered/water_sampling.csv,XSDDate,False
datatype mismatch,ws,collection_date,60,2022-06-29 00:00:00,2022-06-29,,/github/workspace/logsheets/filtered/water_sampling.csv,XSDDate,False
datatype mismatch,ws,collection_date,61,2022-09-09 00:00:00,2022-09-09,,/github/workspace/logsheets/filtered/water_sampling.csv,XSDDate,False
datatype mismatch,ws,collection_date,62,2022-09-09 00:00:00,2022-09-09,,/github/workspace/logsheets/filtered/water_sampling.csv,XSDDate,False
datatype mismatch,ws,collection_date,63,2022-09-09 00:00:00,2022-09-09,,/github/workspace/logsheets/filtered/water_sampling.csv,XSDDate,False
datatype mismatch,ws,collection_date,64,2022-09-09 00:00:00,2022-09-09,,/github/workspace/logsheets/filtered/water_sampling.csv,XSDDate,False
datatype mismatch,ws,collection_date,65,2022-09-09 00:00:00,2022-09-09,,/github/workspace/logsheets/filtered/water_sampling.csv,XSDDate,False
datatype mismatch,ws,collection_date,66,2022-09-09 00:00:00,2022-09-09,,/github/workspace/logsheets/filtered/water_sampling.csv,XSDDate,False
datatype mismatch,ws,collection_date,67,2022-09-09 00:00:00,2022-09-09,,/github/workspace/logsheets/filtered/water_sampling.csv,XSDDate,False
datatype mismatch,ws,collection_date,68,2022-09-09 00:00:00,2022-09-09,,/github/workspace/logsheets/filtered/water_sampling.csv,XSDDate,False
datatype mismatch,ws,collection_date,69,2022-09-09 00:00:00,2022-09-09,,/github/workspace/logsheets/filtered/water_sampling.csv,XSDDate,False
datatype mismatch,ws,collection_date,70,2022-09-09 00:00:00,2022-09-09,,/github/workspace/logsheets/filtered/water_sampling.csv,XSDDate,False
datatype mismatch,ws,collection_date,71,2022-10-21 00:00:00,2022-10-21,,/github/workspace/logsheets/filtered/water_sampling.csv,XSDDate,False
datatype mismatch,ws,collection_date,72,2022-10-21 00:00:00,2022-10-21,,/github/workspace/logsheets/filtered/water_sampling.csv,XSDDate,False
datatype mismatch,ws,collection_date,73,2022-10-21 00:00:00,2022-10-21,,/github/workspace/logsheets/filtered/water_sampling.csv,XSDDate,False
datatype mismatch,ws,collection_date,74,2022-10-21 00:00:00,2022-10-21,,/github/workspace/logsheets/filtered/water_sampling.csv,XSDDate,False
datatype mismatch,ws,collection_date,75,2022-10-21 00:00:00,2022-10-21,,/github/workspace/logsheets/filtered/water_sampling.csv,XSDDate,False
datatype mismatch,ws,collection_date,76,2022-10-21 00:00:00,2022-10-21,,/github/workspace/logsheets/filtered/water_sampling.csv,XSDDate,False
datatype mismatch,ws,collection_date,77,2022-10-21 00:00:00,2022-10-21,,/github/workspace/logsheets/filtered/water_sampling.csv,XSDDate,False
datatype mismatch,ws,collection_date,78,2022-10-21 00:00:00,2022-10-21,,/github/workspace/logsheets/filtered/water_sampling.csv,XSDDate,False
datatype mismatch,ws,collection_date,79,2022-10-21 00:00:00,2022-10-21,,/github/workspace/logsheets/filtered/water_sampling.csv,XSDDate,False
datatype mismatch,ws,collection_date,80,2022-10-21 00:00:00,2022-10-21,,/github/workspace/logsheets/filtered/water_sampling.csv,XSDDate,False
datatype mismatch,ws,collection_date,81,2022-12-16 00:00:00,2022-12-16,,/github/workspace/logsheets/filtered/water_sampling.csv,XSDDate,False
datatype mismatch,ws,collection_date,82,2022-12-16 00:00:00,2022-12-16,,/github/workspace/logsheets/filtered/water_sampling.csv,XSDDate,False
datatype mismatch,ws,collection_date,83,2022-12-16 00:00:00,2022-12-16,,/github/workspace/logsheets/filtered/water_sampling.csv,XSDDate,False
datatype mismatch,ws,collection_date,84,2022-12-16 00:00:00,2022-12-16,,/github/workspace/logsheets/filtered/water_sampling.csv,XSDDate,False
datatype mismatch,ws,collection_date,85,2022-12-16 00:00:00,2022-12-16,,/github/workspace/logsheets/filtered/water_sampling.csv,XSDDate,False
datatype mismatch,ws,collection_date,86,2022-12-16 00:00:00,2022-12-16,,/github/workspace/logsheets/filtered/water_sampling.csv,XSDDate,False
datatype mismatch,ws,collection_date,87,2022-12-16 00:00:00,2022-12-16,,/github/workspace/logsheets/filtered/water_sampling.csv,XSDDate,False
datatype mismatch,ws,collection_date,88,2022-12-16 00:00:00,2022-12-16,,/github/workspace/logsheets/filtered/water_sampling.csv,XSDDate,False
datatype mismatch,ws,collection_date,89,2022-12-16 00:00:00,2022-12-16,,/github/workspace/logsheets/filtered/water_sampling.csv,XSDDate,False
datatype mismatch,ws,collection_date,90,2022-12-16 00:00:00,2022-12-16,,/github/workspace/logsheets/filtered/water_sampling.csv,XSDDate,False
missing value,ws,collection_date,251,,,,/github/workspace/logsheets/filtered/water_sampling.csv,XSDDate,False
missing value,ws,collection_date,252,,,,/github/workspace/logsheets/filtered/water_sampling.csv,XSDDate,False
missing value,ws,collection_date,253,,,,/github/workspace/logsheets/filtered/water_sampling.csv,XSDDate,False
missing value,ws,collection_date,254,,,,/github/workspace/logsheets/filtered/water_sampling.csv,XSDDate,False
missing value,ws,collection_date,255,,,,/github/workspace/logsheets/filtered/water_sampling.csv,XSDDate,False
missing value,ws,collection_date,256,,,,/github/workspace/logsheets/filtered/water_sampling.csv,XSDDate,False
missing value,ws,collection_date,257,,,,/github/workspace/logsheets/filtered/water_sampling.csv,XSDDate,False
missing value,ws,collection_date,258,,,,/github/workspace/logsheets/filtered/water_sampling.csv,XSDDate,False
missing value,ws,collection_date,259,,,,/github/workspace/logsheets/filtered/water_sampling.csv,XSDDate,False
missing value,ws,collection_date,260,,,,/github/workspace/logsheets/filtered/water_sampling.csv,XSDDate,False
missing value,ws,collection_date,261,,,,/github/workspace/logsheets/filtered/water_sampling.csv,XSDDate,False
missing value,ws,collection_date,262,,,,/github/workspace/logsheets/filtered/water_sampling.csv,XSDDate,False
missing value,ws,collection_date,263,,,,/github/workspace/logsheets/filtered/water_sampling.csv,XSDDate,False
missing value,ws,collection_date,264,,,,/github/workspace/logsheets/filtered/water_sampling.csv,XSDDate,False
missing value,ws,collection_date,265,,,,/github/workspace/logsheets/filtered/water_sampling.csv,XSDDate,False
missing value,ws,collection_date,266,,,,/github/workspace/logsheets/filtered/water_sampling.csv,XSDDate,False
missing value,ws,collection_date,267,,,,/github/workspace/logsheets/filtered/water_sampling.csv,XSDDate,False
missing value,ws,collection_date,268,,,,/github/workspace/logsheets/filtered/water_sampling.csv,XSDDate,False
missing value,ws,collection_date,269,,,,/github/workspace/logsheets/filtered/water_sampling.csv,XSDDate,False
missing value,ws,collection_date,270,,,,/github/workspace/logsheets/filtered/water_sampling.csv,XSDDate,False
missing value,ws,collection_date,271,,,,/github/workspace/logsheets/filtered/water_sampling.csv,XSDDate,False
missing value,ws,collection_date,272,,,,/github/workspace/logsheets/filtered/water_sampling.csv,XSDDate,False
missing value,ws,collection_date,273,,,,/github/workspace/logsheets/filtered/water_sampling.csv,XSDDate,False
missing value,ws,collection_date,274,,,,/github/workspace/logsheets/filtered/water_sampling.csv,XSDDate,False
missing value,ws,collection_date,275,,,,/github/workspace/logsheets/filtered/water_sampling.csv,XSDDate,False
missing value,ws,collection_date,276,,,,/github/workspace/logsheets/filtered/water_sampling.csv,XSDDate,False
missing value,ws,collection_date,277,,,,/github/workspace/logsheets/filtered/water_sampling.csv,XSDDate,False
missing value,ws,collection_date,278,,,,/github/workspace/logsheets/filtered/water_sampling.csv,XSDDate,False
missing value,ws,collection_date,279,,,,/github/workspace/logsheets/filtered/water_sampling.csv,XSDDate,False
missing value,ws,collection_date,280,,,,/github/workspace/logsheets/filtered/water_sampling.csv,XSDDate,False
missing value,ws,collection_date,281,,,,/github/workspace/logsheets/filtered/water_sampling.csv,XSDDate,False
missing value,ws,collection_date,282,,,,/github/workspace/logsheets/filtered/water_sampling.csv,XSDDate,False
missing value,ws,collection_date,283,,,,/github/workspace/logsheets/filtered/water_sampling.csv,XSDDate,False
missing value,ws,collection_date,284,,,,/github/workspace/logsheets/filtered/water_sampling.csv,XSDDate,False
missing value,ws,collection_date,285,,,,/github/workspace/logsheets/filtered/water_sampling.csv,XSDDate,False
missing value,ws,collection_date,286,,,,/github/workspace/logsheets/filtered/water_sampling.csv,XSDDate,False
missing value,ws,collection_date,287,,,,/github/workspace/logsheets/filtered/water_sampling.csv,XSDDate,False
missing value,ws,collection_date,288,,,,/github/workspace/logsheets/filtered/water_sampling.csv,XSDDate,False
missing value,ws,collection_date,289,,,,/github/workspace/logsheets/filtered/water_sampling.csv,XSDDate,False
missing value,ws,collection_date,290,,,,/github/workspace/logsheets/filtered/water_sampling.csv,XSDDate,False
missing value,ws,collection_date,291,,,,/github/workspace/logsheets/filtered/water_sampling.csv,XSDDate,False
missing value,ws,collection_date,292,,,,/github/workspace/logsheets/filtered/water_sampling.csv,XSDDate,False
missing value,ws,collection_date,293,,,,/github/workspace/logsheets/filtered/water_sampling.csv,XSDDate,False
missing value,ws,collection_date,294,,,,/github/workspace/logsheets/filtered/water_sampling.csv,XSDDate,False
missing value,ws,collection_date,295,,,,/github/workspace/logsheets/filtered/water_sampling.csv,XSDDate,False
missing value,ws,collection_date,296,,,,/github/workspace/logsheets/filtered/water_sampling.csv,XSDDate,False
missing value,ws,collection_date,297,,,,/github/workspace/logsheets/filtered/water_sampling.csv,XSDDate,False
missing value,ws,collection_date,298,,,,/github/workspace/logsheets/filtered/water_sampling.csv,XSDDate,False
missing value,ws,collection_date,299,,,,/github/workspace/logsheets/filtered/water_sampling.csv,XSDDate,False
missing value,ws,collection_date,300,,,,/github/workspace/logsheets/filtered/water_sampling.csv,XSDDate,False
missing value,ws,collection_date,301,,,,/github/workspace/logsheets/filtered/water_sampling.csv,XSDDate,False
missing value,ws,collection_date,302,,,,/github/workspace/logsheets/filtered/water_sampling.csv,XSDDate,False
missing value,ws,collection_date,303,,,,/github/workspace/logsheets/filtered/water_sampling.csv,XSDDate,False
missing value,ws,collection_date,304,,,,/github/workspace/logsheets/filtered/water_sampling.csv,XSDDate,False
missing value,ws,collection_date,305,,,,/github/workspace/logsheets/filtered/water_sampling.csv,XSDDate,False
missing value,ws,collection_date,306,,,,/github/workspace/logsheets/filtered/water_sampling.csv,XSDDate,False
missing value,ws,collection_date,307,,,,/github/workspace/logsheets/filtered/water_sampling.csv,XSDDate,False
missing value,ws,collection_date,308,,,,/github/workspace/logsheets/filtered/water_sampling.csv,XSDDate,False
missing value,ws,collection_date,309,,,,/github/workspace/logsheets/filtered/water_sampling.csv,XSDDate,False
missing value,ws,collection_date,310,,,,/github/workspace/logsheets/filtered/water_sampling.csv,XSDDate,False
missing value,ws,collection_date,311,,,,/github/workspace/logsheets/filtered/water_sampling.csv,XSDDate,False
missing value,ws,collection_date,312,,,,/github/workspace/logsheets/filtered/water_sampling.csv,XSDDate,False
missing value,ws,collection_date,313,,,,/github/workspace/logsheets/filtered/water_sampling.csv,XSDDate,False
missing value,ws,collection_date,314,,,,/github/workspace/logsheets/filtered/water_sampling.csv,XSDDate,False
missing value,ws,collection_date,315,,,,/github/workspace/logsheets/filtered/water_sampling.csv,XSDDate,False
missing value,ws,collection_date,316,,,,/github/workspace/logsheets/filtered/water_sampling.csv,XSDDate,False
missing value,ws,collection_date,317,,,,/github/workspace/logsheets/filtered/water_sampling.csv,XSDDate,False
missing value,ws,collection_date,318,,,,/github/workspace/logsheets/filtered/water_sampling.csv,XSDDate,False
missing value,ws,collection_date,319,,,,/github/workspace/logsheets/filtered/water_sampling.csv,XSDDate,False
missing value,ws,collection_date,320,,,,/github/workspace/logsheets/filtered/water_sampling.csv,XSDDate,False
missing value,ws,collection_date,321,,,,/github/workspace/logsheets/filtered/water_sampling.csv,XSDDate,False
missing value,ws,collection_date,322,,,,/github/workspace/logsheets/filtered/water_sampling.csv,XSDDate,False
missing value,ws,collection_date,323,,,,/github/workspace/logsheets/filtered/water_sampling.csv,XSDDate,False
missing value,ws,collection_date,324,,,,/github/workspace/logsheets/filtered/water_sampling.csv,XSDDate,False
missing value,ws,collection_date,325,,,,/github/workspace/logsheets/filtered/water_sampling.csv,XSDDate,False
missing value,ws,collection_date,326,,,,/github/workspace/logsheets/filtered/water_sampling.csv,XSDDate,False
missing value,ws,collection_date,327,,,,/github/workspace/logsheets/filtered/water_sampling.csv,XSDDate,False
missing value,ws,collection_date,328,,,,/github/workspace/logsheets/filtered/water_sampling.csv,XSDDate,False
missing value,ws,collection_date,329,,,,/github/workspace/logsheets/filtered/water_sampling.csv,XSDDate,False
missing value,ws,collection_date,330,,,,/github/workspace/logsheets/filtered/water_sampling.csv,XSDDate,False
missing value,ws,collection_date,331,,,,/github/workspace/logsheets/filtered/water_sampling.csv,XSDDate,False
missing value,ws,collection_date,332,,,,/github/workspace/logsheets/filtered/water_sampling.csv,XSDDate,False
missing value,ws,collection_date,333,,,,/github/workspace/logsheets/filtered/water_sampling.csv,XSDDate,False
missing value,ws,collection_date,334,,,,/github/workspace/logsheets/filtered/water_sampling.csv,XSDDate,False
missing value,ws,collection_date,335,,,,/github/workspace/logsheets/filtered/water_sampling.csv,XSDDate,False
missing value,ws,collection_date,336,,,,/github/workspace/logsheets/filtered/water_sampling.csv,XSDDate,False
missing value,ws,collection_date,337,,,,/github/workspace/logsheets/filtered/water_sampling.csv,XSDDate,False
missing value,ws,collection_date,338,,,,/github/workspace/logsheets/filtered/water_sampling.csv,XSDDate,False
missing value,ws,collection_date,339,,,,/github/workspace/logsheets/filtered/water_sampling.csv,XSDDate,False
missing value,ws,collection_date,340,,,,/github/workspace/logsheets/filtered/water_sampling.csv,XSDDate,False
missing value,ws,collection_date,341,,,,/github/workspace/logsheets/filtered/water_sampling.csv,XSDDate,False
missing value,ws,collection_date,342,,,,/github/workspace/logsheets/filtered/water_sampling.csv,XSDDate,False
missing value,ws,collection_date,343,,,,/github/workspace/logsheets/filtered/water_sampling.csv,XSDDate,False
missing value,ws,collection_date,344,,,,/github/workspace/logsheets/filtered/water_sampling.csv,XSDDate,False
missing value,ws,collection_date,345,,,,/github/workspace/logsheets/filtered/water_sampling.csv,XSDDate,False
missing value,ws,collection_date,346,,,,/github/workspace/logsheets/filtered/water_sampling.csv,XSDDate,False
missing value,ws,collection_date,347,,,,/github/workspace/logsheets/filtered/water_sampling.csv,XSDDate,False
missing value,ws,depth,9,,,,/github/workspace/logsheets/filtered/water_sampling.csv,XSDString,False
missing value,ws,depth,10,,,,/github/workspace/logsheets/filtered/water_sampling.csv,XSDString,False
missing value,ws,depth,19,,,,/github/workspace/logsheets/filtered/water_sampling.csv,XSDString,False
missing value,ws,depth,20,,,,/github/workspace/logsheets/filtered/water_sampling.csv,XSDString,False
missing value,ws,depth,29,,,,/github/workspace/logsheets/filtered/water_sampling.csv,XSDString,False
missing value,ws,depth,30,,,,/github/workspace/logsheets/filtered/water_sampling.csv,XSDString,False
missing value,ws,depth,39,,,,/github/workspace/logsheets/filtered/water_sampling.csv,XSDString,False
missing value,ws,depth,40,,,,/github/workspace/logsheets/filtered/water_sampling.csv,XSDString,False
missing value,ws,depth,49,,,,/github/workspace/logsheets/filtered/water_sampling.csv,XSDString,False
missing value,ws,depth,50,,,,/github/workspace/logsheets/filtered/water_sampling.csv,XSDString,False
missing value,ws,depth,59,,,,/github/workspace/logsheets/filtered/water_sampling.csv,XSDString,False
missing value,ws,depth,60,,,,/github/workspace/logsheets/filtered/water_sampling.csv,XSDString,False
missing value,ws,depth,69,,,,/github/workspace/logsheets/filtered/water_sampling.csv,XSDString,False
missing value,ws,depth,70,,,,/github/workspace/logsheets/filtered/water_sampling.csv,XSDString,False
missing value,ws,depth,79,,,,/github/workspace/logsheets/filtered/water_sampling.csv,XSDString,False
missing value,ws,depth,80,,,,/github/workspace/logsheets/filtered/water_sampling.csv,XSDString,False
missing value,ws,depth,89,,,,/github/workspace/logsheets/filtered/water_sampling.csv,XSDString,False
missing value,ws,depth,90,,,,/github/workspace/logsheets/filtered/water_sampling.csv,XSDString,False
missing value,ws,depth,251,,,,/github/workspace/logsheets/filtered/water_sampling.csv,XSDString,False
missing value,ws,depth,252,,,,/github/workspace/logsheets/filtered/water_sampling.csv,XSDString,False
missing value,ws,depth,253,,,,/github/workspace/logsheets/filtered/water_sampling.csv,XSDString,False
missing value,ws,depth,254,,,,/github/workspace/logsheets/filtered/water_sampling.csv,XSDString,False
missing value,ws,depth,255,,,,/github/workspace/logsheets/filtered/water_sampling.csv,XSDString,False
missing value,ws,depth,256,,,,/github/workspace/logsheets/filtered/water_sampling.csv,XSDString,False
missing value,ws,depth,257,,,,/github/workspace/logsheets/filtered/water_sampling.csv,XSDString,False
missing value,ws,depth,258,,,,/github/workspace/logsheets/filtered/water_sampling.csv,XSDString,False
missing value,ws,depth,259,,,,/github/workspace/logsheets/filtered/water_sampling.csv,XSDString,False
missing value,ws,depth,260,,,,/github/workspace/logsheets/filtered/water_sampling.csv,XSDString,False
missing value,ws,depth,261,,,,/github/workspace/logsheets/filtered/water_sampling.csv,XSDString,False
missing value,ws,depth,262,,,,/github/workspace/logsheets/filtered/water_sampling.csv,XSDString,False
missing value,ws,depth,263,,,,/github/workspace/logsheets/filtered/water_sampling.csv,XSDString,False
missing value,ws,depth,264,,,,/github/workspace/logsheets/filtered/water_sampling.csv,XSDString,False
missing value,ws,depth,265,,,,/github/workspace/logsheets/filtered/water_sampling.csv,XSDString,False
missing value,ws,depth,266,,,,/github/workspace/logsheets/filtered/water_sampling.csv,XSDString,False
missing value,ws,depth,267,,,,/github/workspace/logsheets/filtered/water_sampling.csv,XSDString,False
missing value,ws,depth,268,,,,/github/workspace/logsheets/filtered/water_sampling.csv,XSDString,False
missing value,ws,depth,269,,,,/github/workspace/logsheets/filtered/water_sampling.csv,XSDString,False
missing value,ws,depth,270,,,,/github/workspace/logsheets/filtered/water_sampling.csv,XSDString,False
missing value,ws,depth,271,,,,/github/workspace/logsheets/filtered/water_sampling.csv,XSDString,False
missing value,ws,depth,272,,,,/github/workspace/logsheets/filtered/water_sampling.csv,XSDString,False
missing value,ws,depth,273,,,,/github/workspace/logsheets/filtered/water_sampling.csv,XSDString,False
missing value,ws,depth,274,,,,/github/workspace/logsheets/filtered/water_sampling.csv,XSDString,False
missing value,ws,depth,275,,,,/github/workspace/logsheets/filtered/water_sampling.csv,XSDString,False
missing value,ws,depth,276,,,,/github/workspace/logsheets/filtered/water_sampling.csv,XSDString,False
missing value,ws,depth,277,,,,/github/workspace/logsheets/filtered/water_sampling.csv,XSDString,False
missing value,ws,depth,278,,,,/github/workspace/logsheets/filtered/water_sampling.csv,XSDString,False
missing value,ws,depth,279,,,,/github/workspace/logsheets/filtered/water_sampling.csv,XSDString,False
missing value,ws,depth,280,,,,/github/workspace/logsheets/filtered/water_sampling.csv,XSDString,False
missing value,ws,depth,281,,,,/github/workspace/logsheets/filtered/water_sampling.csv,XSDString,False
missing value,ws,depth,282,,,,/github/workspace/logsheets/filtered/water_sampling.csv,XSDString,False
missing value,ws,depth,283,,,,/github/workspace/logsheets/filtered/water_sampling.csv,XSDString,False
missing value,ws,depth,284,,,,/github/workspace/logsheets/filtered/water_sampling.csv,XSDString,False
missing value,ws,depth,285,,,,/github/workspace/logsheets/filtered/water_sampling.csv,XSDString,False
missing value,ws,depth,286,,,,/github/workspace/logsheets/filtered/water_sampling.csv,XSDString,False
missing value,ws,depth,287,,,,/github/workspace/logsheets/filtered/water_sampling.csv,XSDString,False
missing value,ws,depth,288,,,,/github/workspace/logsheets/filtered/water_sampling.csv,XSDString,False
missing value,ws,depth,289,,,,/github/workspace/logsheets/filtered/water_sampling.csv,XSDString,False
missing value,ws,depth,290,,,,/github/workspace/logsheets/filtered/water_sampling.csv,XSDString,False
missing value,ws,depth,291,,,,/github/workspace/logsheets/filtered/water_sampling.csv,XSDString,False
missing value,ws,depth,292,,,,/github/workspace/logsheets/filtered/water_sampling.csv,XSDString,False
missing value,ws,depth,293,,,,/github/workspace/logsheets/filtered/water_sampling.csv,XSDString,False
missing value,ws,depth,294,,,,/github/workspace/logsheets/filtered/water_sampling.csv,XSDString,False
missing value,ws,depth,295,,,,/github/workspace/logsheets/filtered/water_sampling.csv,XSDString,False
missing value,ws,depth,296,,,,/github/workspace/logsheets/filtered/water_sampling.csv,XSDString,False
missing value,ws,depth,297,,,,/github/workspace/logsheets/filtered/water_sampling.csv,XSDString,False
missing value,ws,depth,298,,,,/github/workspace/logsheets/filtered/water_sampling.csv,XSDString,False
missing value,ws,depth,299,,,,/github/workspace/logsheets/filtered/water_sampling.csv,XSDString,False
missing value,ws,depth,300,,,,/github/workspace/logsheets/filtered/water_sampling.csv,XSDString,False
missing value,ws,depth,301,,,,/github/workspace/logsheets/filtered/water_sampling.csv,XSDString,False
missing value,ws,depth,302,,,,/github/workspace/logsheets/filtered/water_sampling.csv,XSDString,False
missing value,ws,depth,303,,,,/github/workspace/logsheets/filtered/water_sampling.csv,XSDString,False
missing value,ws,depth,304,,,,/github/workspace/logsheets/filtered/water_sampling.csv,XSDString,False
missing value,ws,depth,305,,,,/github/workspace/logsheets/filtered/water_sampling.csv,XSDString,False
missing value,ws,depth,306,,,,/github/workspace/logsheets/filtered/water_sampling.csv,XSDString,False
missing value,ws,depth,307,,,,/github/workspace/logsheets/filtered/water_sampling.csv,XSDString,False
missing value,ws,depth,308,,,,/github/workspace/logsheets/filtered/water_sampling.csv,XSDString,False
missing value,ws,depth,309,,,,/github/workspace/logsheets/filtered/water_sampling.csv,XSDString,False
missing value,ws,depth,310,,,,/github/workspace/logsheets/filtered/water_sampling.csv,XSDString,False
missing value,ws,depth,311,,,,/github/workspace/logsheets/filtered/water_sampling.csv,XSDString,False
missing value,ws,depth,312,,,,/github/workspace/logsheets/filtered/water_sampling.csv,XSDString,False
missing value,ws,depth,313,,,,/github/workspace/logsheets/filtered/water_sampling.csv,XSDString,False
missing value,ws,depth,314,,,,/github/workspace/logsheets/filtered/water_sampling.csv,XSDString,False
missing value,ws,depth,315,,,,/github/workspace/logsheets/filtered/water_sampling.csv,XSDString,False
missing value,ws,depth,316,,,,/github/workspace/logsheets/filtered/water_sampling.csv,XSDString,False
missing value,ws,depth,317,,,,/github/workspace/logsheets/filtered/water_sampling.csv,XSDString,False
missing value,ws,depth,318,,,,/github/workspace/logsheets/filtered/water_sampling.csv,XSDString,False
missing value,ws,depth,319,,,,/github/workspace/logsheets/filtered/water_sampling.csv,XSDString,False
missing value,ws,depth,320,,,,/github/workspace/logsheets/filtered/water_sampling.csv,XSDString,False
missing value,ws,depth,321,,,,/github/workspace/logsheets/filtered/water_sampling.csv,XSDString,False
missing value,ws,depth,322,,,,/github/workspace/logsheets/filtered/water_sampling.csv,XSDString,False
missing value,ws,depth,323,,,,/github/workspace/logsheets/filtered/water_sampling.csv,XSDString,False
missing value,ws,depth,324,,,,/github/workspace/logsheets/filtered/water_sampling.csv,XSDString,False
missing value,ws,depth,325,,,,/github/workspace/logsheets/filtered/water_sampling.csv,XSDString,False
missing value,ws,depth,326,,,,/github/workspace/logsheets/filtered/water_sampling.csv,XSDString,False
missing value,ws,depth,327,,,,/github/workspace/logsheets/filtered/water_sampling.csv,XSDString,False
missing value,ws,depth,328,,,,/github/workspace/logsheets/filtered/water_sampling.csv,XSDString,False
missing value,ws,depth,329,,,,/github/workspace/logsheets/filtered/water_sampling.csv,XSDString,False
missing value,ws,depth,330,,,,/github/workspace/logsheets/filtered/water_sampling.csv,XSDString,False
missing value,ws,depth,331,,,,/github/workspace/logsheets/filtered/water_sampling.csv,XSDString,False
missing value,ws,depth,332,,,,/github/workspace/logsheets/filtered/water_sampling.csv,XSDString,False
missing value,ws,depth,333,,,,/github/workspace/logsheets/filtered/water_sampling.csv,XSDString,False
missing value,ws,depth,334,,,,/github/workspace/logsheets/filtered/water_sampling.csv,XSDString,False
missing value,ws,depth,335,,,,/github/workspace/logsheets/filtered/water_sampling.csv,XSDString,False
missing value,ws,depth,336,,,,/github/workspace/logsheets/filtered/water_sampling.csv,XSDString,False
missing value,ws,depth,337,,,,/github/workspace/logsheets/filtered/water_sampling.csv,XSDString,False
missing value,ws,depth,338,,,,/github/workspace/logsheets/filtered/water_sampling.csv,XSDString,False
missing value,ws,depth,339,,,,/github/workspace/logsheets/filtered/water_sampling.csv,XSDString,False
missing value,ws,depth,340,,,,/github/workspace/logsheets/filtered/water_sampling.csv,XSDString,False
missing value,ws,depth,341,,,,/github/workspace/logsheets/filtered/water_sampling.csv,XSDString,False
missing value,ws,depth,342,,,,/github/workspace/logsheets/filtered/water_sampling.csv,XSDString,False
missing value,ws,depth,343,,,,/github/workspace/logsheets/filtered/water_sampling.csv,XSDString,False
missing value,ws,depth,344,,,,/github/workspace/logsheets/filtered/water_sampling.csv,XSDString,False
missing value,ws,depth,345,,,,/github/workspace/logsheets/filtered/water_sampling.csv,XSDString,False
missing value,ws,depth,346,,,,/github/workspace/logsheets/filtered/water_sampling.csv,XSDString,False
missing value,ws,depth,347,,,,/github/workspace/logsheets/filtered/water_sampling.csv,XSDString,False
missing value,ws,env_material,251,,,,/github/workspace/logsheets/filtered/water_sampling.csv,EMOBONList,False
missing value,ws,env_material,252,,,,/github/workspace/logsheets/filtered/water_sampling.csv,EMOBONList,False
missing value,ws,env_material,253,,,,/github/workspace/logsheets/filtered/water_sampling.csv,EMOBONList,False
missing value,ws,env_material,254,,,,/github/workspace/logsheets/filtered/water_sampling.csv,EMOBONList,False
missing value,ws,env_material,255,,,,/github/workspace/logsheets/filtered/water_sampling.csv,EMOBONList,False
missing value,ws,env_material,256,,,,/github/workspace/logsheets/filtered/water_sampling.csv,EMOBONList,False
missing value,ws,env_material,257,,,,/github/workspace/logsheets/filtered/water_sampling.csv,EMOBONList,False
missing value,ws,env_material,258,,,,/github/workspace/logsheets/filtered/water_sampling.csv,EMOBONList,False
missing value,ws,env_material,259,,,,/github/workspace/logsheets/filtered/water_sampling.csv,EMOBONList,False
missing value,ws,env_material,260,,,,/github/workspace/logsheets/filtered/water_sampling.csv,EMOBONList,False
missing value,ws,env_material,261,,,,/github/workspace/logsheets/filtered/water_sampling.csv,EMOBONList,False
missing value,ws,env_material,262,,,,/github/workspace/logsheets/filtered/water_sampling.csv,EMOBONList,False
missing value,ws,env_material,263,,,,/github/workspace/logsheets/filtered/water_sampling.csv,EMOBONList,False
missing value,ws,env_material,264,,,,/github/workspace/logsheets/filtered/water_sampling.csv,EMOBONList,False
missing value,ws,env_material,265,,,,/github/workspace/logsheets/filtered/water_sampling.csv,EMOBONList,False
missing value,ws,env_material,266,,,,/github/workspace/logsheets/filtered/water_sampling.csv,EMOBONList,False
missing value,ws,env_material,267,,,,/github/workspace/logsheets/filtered/water_sampling.csv,EMOBONList,False
missing value,ws,env_material,268,,,,/github/workspace/logsheets/filtered/water_sampling.csv,EMOBONList,False
missing value,ws,env_material,269,,,,/github/workspace/logsheets/filtered/water_sampling.csv,EMOBONList,False
missing value,ws,env_material,270,,,,/github/workspace/logsheets/filtered/water_sampling.csv,EMOBONList,False
missing value,ws,env_material,271,,,,/github/workspace/logsheets/filtered/water_sampling.csv,EMOBONList,False
missing value,ws,env_material,272,,,,/github/workspace/logsheets/filtered/water_sampling.csv,EMOBONList,False
missing value,ws,env_material,273,,,,/github/workspace/logsheets/filtered/water_sampling.csv,EMOBONList,False
missing value,ws,env_material,274,,,,/github/workspace/logsheets/filtered/water_sampling.csv,EMOBONList,False
missing value,ws,env_material,275,,,,/github/workspace/logsheets/filtered/water_sampling.csv,EMOBONList,False
missing value,ws,env_material,276,,,,/github/workspace/logsheets/filtered/water_sampling.csv,EMOBONList,False
missing value,ws,env_material,277,,,,/github/workspace/logsheets/filtered/water_sampling.csv,EMOBONList,False
missing value,ws,env_material,278,,,,/github/workspace/logsheets/filtered/water_sampling.csv,EMOBONList,False
missing value,ws,env_material,279,,,,/github/workspace/logsheets/filtered/water_sampling.csv,EMOBONList,False
missing value,ws,env_material,280,,,,/github/workspace/logsheets/filtered/water_sampling.csv,EMOBONList,False
missing value,ws,env_material,281,,,,/github/workspace/logsheets/filtered/water_sampling.csv,EMOBONList,False
missing value,ws,env_material,282,,,,/github/workspace/logsheets/filtered/water_sampling.csv,EMOBONList,False
missing value,ws,env_material,283,,,,/github/workspace/logsheets/filtered/water_sampling.csv,EMOBONList,False
missing value,ws,env_material,284,,,,/github/workspace/logsheets/filtered/water_sampling.csv,EMOBONList,False
missing value,ws,env_material,285,,,,/github/workspace/logsheets/filtered/water_sampling.csv,EMOBONList,False
missing value,ws,env_material,286,,,,/github/workspace/logsheets/filtered/water_sampling.csv,EMOBONList,False
missing value,ws,env_material,287,,,,/github/workspace/logsheets/filtered/water_sampling.csv,EMOBONList,False
missing value,ws,env_material,288,,,,/github/workspace/logsheets/filtered/water_sampling.csv,EMOBONList,False
missing value,ws,env_material,289,,,,/github/workspace/logsheets/filtered/water_sampling.csv,EMOBONList,False
missing value,ws,env_material,290,,,,/github/workspace/logsheets/filtered/water_sampling.csv,EMOBONList,False
missing value,ws,env_material,291,,,,/github/workspace/logsheets/filtered/water_sampling.csv,EMOBONList,False
missing value,ws,env_material,292,,,,/github/workspace/logsheets/filtered/water_sampling.csv,EMOBONList,False
missing value,ws,env_material,293,,,,/github/workspace/logsheets/filtered/water_sampling.csv,EMOBONList,False
missing value,ws,env_material,294,,,,/github/workspace/logsheets/filtered/water_sampling.csv,EMOBONList,False
missing value,ws,env_material,295,,,,/github/workspace/logsheets/filtered/water_sampling.csv,EMOBONList,False
missing value,ws,env_material,296,,,,/github/workspace/logsheets/filtered/water_sampling.csv,EMOBONList,False
missing value,ws,env_material,297,,,,/github/workspace/logsheets/filtered/water_sampling.csv,EMOBONList,False
missing value,ws,env_material,298,,,,/github/workspace/logsheets/filtered/water_sampling.csv,EMOBONList,False
missing value,ws,env_material,299,,,,/github/workspace/logsheets/filtered/water_sampling.csv,EMOBONList,False
missing value,ws,env_material,300,,,,/github/workspace/logsheets/filtered/water_sampling.csv,EMOBONList,False
missing value,ws,env_material,301,,,,/github/workspace/logsheets/filtered/water_sampling.csv,EMOBONList,False
missing value,ws,env_material,302,,,,/github/workspace/logsheets/filtered/water_sampling.csv,EMOBONList,False
missing value,ws,env_material,303,,,,/github/workspace/logsheets/filtered/water_sampling.csv,EMOBONList,False
missing value,ws,env_material,304,,,,/github/workspace/logsheets/filtered/water_sampling.csv,EMOBONList,False
missing value,ws,env_material,305,,,,/github/workspace/logsheets/filtered/water_sampling.csv,EMOBONList,False
missing value,ws,env_material,306,,,,/github/workspace/logsheets/filtered/water_sampling.csv,EMOBONList,False
missing value,ws,env_material,307,,,,/github/workspace/logsheets/filtered/water_sampling.csv,EMOBONList,False
missing value,ws,env_material,308,,,,/github/workspace/logsheets/filtered/water_sampling.csv,EMOBONList,False
missing value,ws,env_material,309,,,,/github/workspace/logsheets/filtered/water_sampling.csv,EMOBONList,False
missing value,ws,env_material,310,,,,/github/workspace/logsheets/filtered/water_sampling.csv,EMOBONList,False
missing value,ws,env_material,311,,,,/github/workspace/logsheets/filtered/water_sampling.csv,EMOBONList,False
missing value,ws,env_material,312,,,,/github/workspace/logsheets/filtered/water_sampling.csv,EMOBONList,False
missing value,ws,env_material,313,,,,/github/workspace/logsheets/filtered/water_sampling.csv,EMOBONList,False
missing value,ws,env_material,314,,,,/github/workspace/logsheets/filtered/water_sampling.csv,EMOBONList,False
missing value,ws,env_material,315,,,,/github/workspace/logsheets/filtered/water_sampling.csv,EMOBONList,False
missing value,ws,env_material,316,,,,/github/workspace/logsheets/filtered/water_sampling.csv,EMOBONList,False
missing value,ws,env_material,317,,,,/github/workspace/logsheets/filtered/water_sampling.csv,EMOBONList,False
missing value,ws,env_material,318,,,,/github/workspace/logsheets/filtered/water_sampling.csv,EMOBONList,False
missing value,ws,env_material,319,,,,/github/workspace/logsheets/filtered/water_sampling.csv,EMOBONList,False
missing value,ws,env_material,320,,,,/github/workspace/logsheets/filtered/water_sampling.csv,EMOBONList,False
missing value,ws,env_material,321,,,,/github/workspace/logsheets/filtered/water_sampling.csv,EMOBONList,False
missing value,ws,env_material,322,,,,/github/workspace/logsheets/filtered/water_sampling.csv,EMOBONList,False
missing value,ws,env_material,323,,,,/github/workspace/logsheets/filtered/water_sampling.csv,EMOBONList,False
missing value,ws,env_material,324,,,,/github/workspace/logsheets/filtered/water_sampling.csv,EMOBONList,False
missing value,ws,env_material,325,,,,/github/workspace/logsheets/filtered/water_sampling.csv,EMOBONList,False
missing value,ws,env_material,326,,,,/github/workspace/logsheets/filtered/water_sampling.csv,EMOBONList,False
missing value,ws,env_material,327,,,,/github/workspace/logsheets/filtered/water_sampling.csv,EMOBONList,False
missing value,ws,env_material,328,,,,/github/workspace/logsheets/filtered/water_sampling.csv,EMOBONList,False
missing value,ws,env_material,329,,,,/github/workspace/logsheets/filtered/water_sampling.csv,EMOBONList,False
missing value,ws,env_material,330,,,,/github/workspace/logsheets/filtered/water_sampling.csv,EMOBONList,False
missing value,ws,env_material,331,,,,/github/workspace/logsheets/filtered/water_sampling.csv,EMOBONList,False
missing value,ws,env_material,332,,,,/github/workspace/logsheets/filtered/water_sampling.csv,EMOBONList,False
missing value,ws,env_material,333,,,,/github/workspace/logsheets/filtered/water_sampling.csv,EMOBONList,False
missing value,ws,env_material,334,,,,/github/workspace/logsheets/filtered/water_sampling.csv,EMOBONList,False
missing value,ws,env_material,335,,,,/github/workspace/logsheets/filtered/water_sampling.csv,EMOBONList,False
missing value,ws,env_material,336,,,,/github/workspace/logsheets/filtered/water_sampling.csv,EMOBONList,False
missing value,ws,env_material,337,,,,/github/workspace/logsheets/filtered/water_sampling.csv,EMOBONList,False
missing value,ws,env_material,338,,,,/github/workspace/logsheets/filtered/water_sampling.csv,EMOBONList,False
missing value,ws,env_material,339,,,,/github/workspace/logsheets/filtered/water_sampling.csv,EMOBONList,False
missing value,ws,env_material,340,,,,/github/workspace/logsheets/filtered/water_sampling.csv,EMOBONList,False
missing value,ws,env_material,341,,,,/github/workspace/logsheets/filtered/water_sampling.csv,EMOBONList,False
missing value,ws,env_material,342,,,,/github/workspace/logsheets/filtered/water_sampling.csv,EMOBONList,False
missing value,ws,env_material,343,,,,/github/workspace/logsheets/filtered/water_sampling.csv,EMOBONList,False
missing value,ws,env_material,344,,,,/github/workspace/logsheets/filtered/water_sampling.csv,EMOBONList,False
missing value,ws,env_material,345,,,,/github/workspace/logsheets/filtered/water_sampling.csv,EMOBONList,False
missing value,ws,env_material,346,,,,/github/workspace/logsheets/filtered/water_sampling.csv,EMOBONList,False
missing value,ws,env_material,347,,,,/github/workspace/logsheets/filtered/water_sampling.csv,EMOBONList,False
missing value,ws,investigation_type,251,,,,/github/workspace/logsheets/filtered/water_sampling.csv,XSDString,False
missing value,ws,investigation_type,252,,,,/github/workspace/logsheets/filtered/water_sampling.csv,XSDString,False
missing value,ws,investigation_type,253,,,,/github/workspace/logsheets/filtered/water_sampling.csv,XSDString,False
missing value,ws,investigation_type,254,,,,/github/workspace/logsheets/filtered/water_sampling.csv,XSDString,False
missing value,ws,investigation_type,255,,,,/github/workspace/logsheets/filtered/water_sampling.csv,XSDString,False
missing value,ws,investigation_type,256,,,,/github/workspace/logsheets/filtered/water_sampling.csv,XSDString,False
missing value,ws,investigation_type,257,,,,/github/workspace/logsheets/filtered/water_sampling.csv,XSDString,False
missing value,ws,investigation_type,258,,,,/github/workspace/logsheets/filtered/water_sampling.csv,XSDString,False
missing value,ws,investigation_type,259,,,,/github/workspace/logsheets/filtered/water_sampling.csv,XSDString,False
missing value,ws,investigation_type,260,,,,/github/workspace/logsheets/filtered/water_sampling.csv,XSDString,False
missing value,ws,investigation_type,261,,,,/github/workspace/logsheets/filtered/water_sampling.csv,XSDString,False
missing value,ws,investigation_type,262,,,,/github/workspace/logsheets/filtered/water_sampling.csv,XSDString,False
missing value,ws,investigation_type,263,,,,/github/workspace/logsheets/filtered/water_sampling.csv,XSDString,False
missing value,ws,investigation_type,264,,,,/github/workspace/logsheets/filtered/water_sampling.csv,XSDString,False
missing value,ws,investigation_type,265,,,,/github/workspace/logsheets/filtered/water_sampling.csv,XSDString,False
missing value,ws,investigation_type,266,,,,/github/workspace/logsheets/filtered/water_sampling.csv,XSDString,False
missing value,ws,investigation_type,267,,,,/github/workspace/logsheets/filtered/water_sampling.csv,XSDString,False
missing value,ws,investigation_type,268,,,,/github/workspace/logsheets/filtered/water_sampling.csv,XSDString,False
missing value,ws,investigation_type,269,,,,/github/workspace/logsheets/filtered/water_sampling.csv,XSDString,False
missing value,ws,investigation_type,270,,,,/github/workspace/logsheets/filtered/water_sampling.csv,XSDString,False
missing value,ws,investigation_type,271,,,,/github/workspace/logsheets/filtered/water_sampling.csv,XSDString,False
missing value,ws,investigation_type,272,,,,/github/workspace/logsheets/filtered/water_sampling.csv,XSDString,False
missing value,ws,investigation_type,273,,,,/github/workspace/logsheets/filtered/water_sampling.csv,XSDString,False
missing value,ws,investigation_type,274,,,,/github/workspace/logsheets/filtered/water_sampling.csv,XSDString,False
missing value,ws,investigation_type,275,,,,/github/workspace/logsheets/filtered/water_sampling.csv,XSDString,False
missing value,ws,investigation_type,276,,,,/github/workspace/logsheets/filtered/water_sampling.csv,XSDString,False
missing value,ws,investigation_type,277,,,,/github/workspace/logsheets/filtered/water_sampling.csv,XSDString,False
missing value,ws,investigation_type,278,,,,/github/workspace/logsheets/filtered/water_sampling.csv,XSDString,False
missing value,ws,investigation_type,279,,,,/github/workspace/logsheets/filtered/water_sampling.csv,XSDString,False
missing value,ws,investigation_type,280,,,,/github/workspace/logsheets/filtered/water_sampling.csv,XSDString,False
missing value,ws,investigation_type,281,,,,/github/workspace/logsheets/filtered/water_sampling.csv,XSDString,False
missing value,ws,investigation_type,282,,,,/github/workspace/logsheets/filtered/water_sampling.csv,XSDString,False
missing value,ws,investigation_type,283,,,,/github/workspace/logsheets/filtered/water_sampling.csv,XSDString,False
missing value,ws,investigation_type,284,,,,/github/workspace/logsheets/filtered/water_sampling.csv,XSDString,False
missing value,ws,investigation_type,285,,,,/github/workspace/logsheets/filtered/water_sampling.csv,XSDString,False
missing value,ws,investigation_type,286,,,,/github/workspace/logsheets/filtered/water_sampling.csv,XSDString,False
missing value,ws,investigation_type,287,,,,/github/workspace/logsheets/filtered/water_sampling.csv,XSDString,False
missing value,ws,investigation_type,288,,,,/github/workspace/logsheets/filtered/water_sampling.csv,XSDString,False
missing value,ws,investigation_type,289,,,,/github/workspace/logsheets/filtered/water_sampling.csv,XSDString,False
missing value,ws,investigation_type,290,,,,/github/workspace/logsheets/filtered/water_sampling.csv,XSDString,False
missing value,ws,investigation_type,291,,,,/github/workspace/logsheets/filtered/water_sampling.csv,XSDString,False
missing value,ws,investigation_type,292,,,,/github/workspace/logsheets/filtered/water_sampling.csv,XSDString,False
missing value,ws,investigation_type,293,,,,/github/workspace/logsheets/filtered/water_sampling.csv,XSDString,False
missing value,ws,investigation_type,294,,,,/github/workspace/logsheets/filtered/water_sampling.csv,XSDString,False
missing value,ws,investigation_type,295,,,,/github/workspace/logsheets/filtered/water_sampling.csv,XSDString,False
missing value,ws,investigation_type,296,,,,/github/workspace/logsheets/filtered/water_sampling.csv,XSDString,False
missing value,ws,investigation_type,297,,,,/github/workspace/logsheets/filtered/water_sampling.csv,XSDString,False
missing value,ws,investigation_type,298,,,,/github/workspace/logsheets/filtered/water_sampling.csv,XSDString,False
missing value,ws,investigation_type,299,,,,/github/workspace/logsheets/filtered/water_sampling.csv,XSDString,False
missing value,ws,investigation_type,300,,,,/github/workspace/logsheets/filtered/water_sampling.csv,XSDString,False
missing value,ws,investigation_type,301,,,,/github/workspace/logsheets/filtered/water_sampling.csv,XSDString,False
missing value,ws,investigation_type,302,,,,/github/workspace/logsheets/filtered/water_sampling.csv,XSDString,False
missing value,ws,investigation_type,303,,,,/github/workspace/logsheets/filtered/water_sampling.csv,XSDString,False
missing value,ws,investigation_type,304,,,,/github/workspace/logsheets/filtered/water_sampling.csv,XSDString,False
missing value,ws,investigation_type,305,,,,/github/workspace/logsheets/filtered/water_sampling.csv,XSDString,False
missing value,ws,investigation_type,306,,,,/github/workspace/logsheets/filtered/water_sampling.csv,XSDString,False
missing value,ws,investigation_type,307,,,,/github/workspace/logsheets/filtered/water_sampling.csv,XSDString,False
missing value,ws,investigation_type,308,,,,/github/workspace/logsheets/filtered/water_sampling.csv,XSDString,False
missing value,ws,investigation_type,309,,,,/github/workspace/logsheets/filtered/water_sampling.csv,XSDString,False
missing value,ws,investigation_type,310,,,,/github/workspace/logsheets/filtered/water_sampling.csv,XSDString,False
missing value,ws,investigation_type,311,,,,/github/workspace/logsheets/filtered/water_sampling.csv,XSDString,False
missing value,ws,investigation_type,312,,,,/github/workspace/logsheets/filtered/water_sampling.csv,XSDString,False
missing value,ws,investigation_type,313,,,,/github/workspace/logsheets/filtered/water_sampling.csv,XSDString,False
missing value,ws,investigation_type,314,,,,/github/workspace/logsheets/filtered/water_sampling.csv,XSDString,False
missing value,ws,investigation_type,315,,,,/github/workspace/logsheets/filtered/water_sampling.csv,XSDString,False
missing value,ws,investigation_type,316,,,,/github/workspace/logsheets/filtered/water_sampling.csv,XSDString,False
missing value,ws,investigation_type,317,,,,/github/workspace/logsheets/filtered/water_sampling.csv,XSDString,False
missing value,ws,investigation_type,318,,,,/github/workspace/logsheets/filtered/water_sampling.csv,XSDString,False
missing value,ws,investigation_type,319,,,,/github/workspace/logsheets/filtered/water_sampling.csv,XSDString,False
missing value,ws,investigation_type,320,,,,/github/workspace/logsheets/filtered/water_sampling.csv,XSDString,False
missing value,ws,investigation_type,321,,,,/github/workspace/logsheets/filtered/water_sampling.csv,XSDString,False
missing value,ws,investigation_type,322,,,,/github/workspace/logsheets/filtered/water_sampling.csv,XSDString,False
missing value,ws,investigation_type,323,,,,/github/workspace/logsheets/filtered/water_sampling.csv,XSDString,False
missing value,ws,investigation_type,324,,,,/github/workspace/logsheets/filtered/water_sampling.csv,XSDString,False
missing value,ws,investigation_type,325,,,,/github/workspace/logsheets/filtered/water_sampling.csv,XSDString,False
missing value,ws,investigation_type,326,,,,/github/workspace/logsheets/filtered/water_sampling.csv,XSDString,False
missing value,ws,investigation_type,327,,,,/github/workspace/logsheets/filtered/water_sampling.csv,XSDString,False
missing value,ws,investigation_type,328,,,,/github/workspace/logsheets/filtered/water_sampling.csv,XSDString,False
missing value,ws,investigation_type,329,,,,/github/workspace/logsheets/filtered/water_sampling.csv,XSDString,False
missing value,ws,investigation_type,330,,,,/github/workspace/logsheets/filtered/water_sampling.csv,XSDString,False
missing value,ws,investigation_type,331,,,,/github/workspace/logsheets/filtered/water_sampling.csv,XSDString,False
missing value,ws,investigation_type,332,,,,/github/workspace/logsheets/filtered/water_sampling.csv,XSDString,False
missing value,ws,investigation_type,333,,,,/github/workspace/logsheets/filtered/water_sampling.csv,XSDString,False
missing value,ws,investigation_type,334,,,,/github/workspace/logsheets/filtered/water_sampling.csv,XSDString,False
missing value,ws,investigation_type,335,,,,/github/workspace/logsheets/filtered/water_sampling.csv,XSDString,False
missing value,ws,investigation_type,336,,,,/github/workspace/logsheets/filtered/water_sampling.csv,XSDString,False
missing value,ws,investigation_type,337,,,,/github/workspace/logsheets/filtered/water_sampling.csv,XSDString,False
missing value,ws,investigation_type,338,,,,/github/workspace/logsheets/filtered/water_sampling.csv,XSDString,False
missing value,ws,investigation_type,339,,,,/github/workspace/logsheets/filtered/water_sampling.csv,XSDString,False
missing value,ws,investigation_type,340,,,,/github/workspace/logsheets/filtered/water_sampling.csv,XSDString,False
missing value,ws,investigation_type,341,,,,/github/workspace/logsheets/filtered/water_sampling.csv,XSDString,False
missing value,ws,investigation_type,342,,,,/github/workspace/logsheets/filtered/water_sampling.csv,XSDString,False
missing value,ws,investigation_type,343,,,,/github/workspace/logsheets/filtered/water_sampling.csv,XSDString,False
missing value,ws,investigation_type,344,,,,/github/workspace/logsheets/filtered/water_sampling.csv,XSDString,False
missing value,ws,investigation_type,345,,,,/github/workspace/logsheets/filtered/water_sampling.csv,XSDString,False
missing value,ws,investigation_type,346,,,,/github/workspace/logsheets/filtered/water_sampling.csv,XSDString,False
missing value,ws,investigation_type,347,,,,/github/workspace/logsheets/filtered/water_sampling.csv,XSDString,False
datatype mismatch,ws,long_store,1,N,false,,/github/workspace/logsheets/filtered/water_sampling.csv,XSDBoolean,False
datatype mismatch,ws,long_store,2,N,false,,/github/workspace/logsheets/filtered/water_sampling.csv,XSDBoolean,False
datatype mismatch,ws,long_store,3,Y,true,,/github/workspace/logsheets/filtered/water_sampling.csv,XSDBoolean,False
datatype mismatch,ws,long_store,4,Y,true,,/github/workspace/logsheets/filtered/water_sampling.csv,XSDBoolean,False
datatype mismatch,ws,long_store,5,N,false,,/github/workspace/logsheets/filtered/water_sampling.csv,XSDBoolean,False
datatype mismatch,ws,long_store,6,N,false,,/github/workspace/logsheets/filtered/water_sampling.csv,XSDBoolean,False
datatype mismatch,ws,long_store,7,Y,true,,/github/workspace/logsheets/filtered/water_sampling.csv,XSDBoolean,False
datatype mismatch,ws,long_store,8,Y,true,,/github/workspace/logsheets/filtered/water_sampling.csv,XSDBoolean,False
datatype mismatch,ws,long_store,9,Y,true,,/github/workspace/logsheets/filtered/water_sampling.csv,XSDBoolean,False
datatype mismatch,ws,long_store,10,Y,true,,/github/workspace/logsheets/filtered/water_sampling.csv,XSDBoolean,False
datatype mismatch,ws,long_store,11,N,false,,/github/workspace/logsheets/filtered/water_sampling.csv,XSDBoolean,False
datatype mismatch,ws,long_store,12,N,false,,/github/workspace/logsheets/filtered/water_sampling.csv,XSDBoolean,False
datatype mismatch,ws,long_store,13,Y,true,,/github/workspace/logsheets/filtered/water_sampling.csv,XSDBoolean,False
datatype mismatch,ws,long_store,14,Y,true,,/github/workspace/logsheets/filtered/water_sampling.csv,XSDBoolean,False
datatype mismatch,ws,long_store,15,N,false,,/github/workspace/logsheets/filtered/water_sampling.csv,XSDBoolean,False
datatype mismatch,ws,long_store,16,N,false,,/github/workspace/logsheets/filtered/water_sampling.csv,XSDBoolean,False
datatype mismatch,ws,long_store,17,Y,true,,/github/workspace/logsheets/filtered/water_sampling.csv,XSDBoolean,False
datatype mismatch,ws,long_store,18,Y,true,,/github/workspace/logsheets/filtered/water_sampling.csv,XSDBoolean,False
datatype mismatch,ws,long_store,19,Y,true,,/github/workspace/logsheets/filtered/water_sampling.csv,XSDBoolean,False
datatype mismatch,ws,long_store,20,Y,true,,/github/workspace/logsheets/filtered/water_sampling.csv,XSDBoolean,False
datatype mismatch,ws,long_store,21,N,false,,/github/workspace/logsheets/filtered/water_sampling.csv,XSDBoolean,False
datatype mismatch,ws,long_store,22,N,false,,/github/workspace/logsheets/filtered/water_sampling.csv,XSDBoolean,False
datatype mismatch,ws,long_store,23,Y,true,,/github/workspace/logsheets/filtered/water_sampling.csv,XSDBoolean,False
datatype mismatch,ws,long_store,24,Y,true,,/github/workspace/logsheets/filtered/water_sampling.csv,XSDBoolean,False
datatype mismatch,ws,long_store,25,N,false,,/github/workspace/logsheets/filtered/water_sampling.csv,XSDBoolean,False
datatype mismatch,ws,long_store,26,N,false,,/github/workspace/logsheets/filtered/water_sampling.csv,XSDBoolean,False
datatype mismatch,ws,long_store,27,Y,true,,/github/workspace/logsheets/filtered/water_sampling.csv,XSDBoolean,False
datatype mismatch,ws,long_store,28,Y,true,,/github/workspace/logsheets/filtered/water_sampling.csv,XSDBoolean,False
datatype mismatch,ws,long_store,29,N,false,,/github/workspace/logsheets/filtered/water_sampling.csv,XSDBoolean,False
datatype mismatch,ws,long_store,30,N,false,,/github/workspace/logsheets/filtered/water_sampling.csv,XSDBoolean,False
datatype mismatch,ws,long_store,31,N,false,,/github/workspace/logsheets/filtered/water_sampling.csv,XSDBoolean,False
datatype mismatch,ws,long_store,32,N,false,,/github/workspace/logsheets/filtered/water_sampling.csv,XSDBoolean,False
datatype mismatch,ws,long_store,33,Y,true,,/github/workspace/logsheets/filtered/water_sampling.csv,XSDBoolean,False
datatype mismatch,ws,long_store,34,Y,true,,/github/workspace/logsheets/filtered/water_sampling.csv,XSDBoolean,False
datatype mismatch,ws,long_store,35,N,false,,/github/workspace/logsheets/filtered/water_sampling.csv,XSDBoolean,False
datatype mismatch,ws,long_store,36,N,false,,/github/workspace/logsheets/filtered/water_sampling.csv,XSDBoolean,False
datatype mismatch,ws,long_store,37,Y,true,,/github/workspace/logsheets/filtered/water_sampling.csv,XSDBoolean,False
datatype mismatch,ws,long_store,38,Y,true,,/github/workspace/logsheets/filtered/water_sampling.csv,XSDBoolean,False
datatype mismatch,ws,long_store,39,Y,true,,/github/workspace/logsheets/filtered/water_sampling.csv,XSDBoolean,False
datatype mismatch,ws,long_store,40,Y,true,,/github/workspace/logsheets/filtered/water_sampling.csv,XSDBoolean,False
datatype mismatch,ws,long_store,41,N,false,,/github/workspace/logsheets/filtered/water_sampling.csv,XSDBoolean,False
datatype mismatch,ws,long_store,42,N,false,,/github/workspace/logsheets/filtered/water_sampling.csv,XSDBoolean,False
datatype mismatch,ws,long_store,43,Y,true,,/github/workspace/logsheets/filtered/water_sampling.csv,XSDBoolean,False
datatype mismatch,ws,long_store,44,Y,true,,/github/workspace/logsheets/filtered/water_sampling.csv,XSDBoolean,False
datatype mismatch,ws,long_store,45,N,false,,/github/workspace/logsheets/filtered/water_sampling.csv,XSDBoolean,False
datatype mismatch,ws,long_store,46,N,false,,/github/workspace/logsheets/filtered/water_sampling.csv,XSDBoolean,False
datatype mismatch,ws,long_store,47,Y,true,,/github/workspace/logsheets/filtered/water_sampling.csv,XSDBoolean,False
datatype mismatch,ws,long_store,48,Y,true,,/github/workspace/logsheets/filtered/water_sampling.csv,XSDBoolean,False
datatype mismatch,ws,long_store,49,Y,true,,/github/workspace/logsheets/filtered/water_sampling.csv,XSDBoolean,False
datatype mismatch,ws,long_store,50,Y,true,,/github/workspace/logsheets/filtered/water_sampling.csv,XSDBoolean,False
datatype mismatch,ws,long_store,51,N,false,,/github/workspace/logsheets/filtered/water_sampling.csv,XSDBoolean,False
datatype mismatch,ws,long_store,52,N,false,,/github/workspace/logsheets/filtered/water_sampling.csv,XSDBoolean,False
datatype mismatch,ws,long_store,53,Y,true,,/github/workspace/logsheets/filtered/water_sampling.csv,XSDBoolean,False
datatype mismatch,ws,long_store,54,Y,true,,/github/workspace/logsheets/filtered/water_sampling.csv,XSDBoolean,False
datatype mismatch,ws,long_store,55,N,false,,/github/workspace/logsheets/filtered/water_sampling.csv,XSDBoolean,False
datatype mismatch,ws,long_store,56,N,false,,/github/workspace/logsheets/filtered/water_sampling.csv,XSDBoolean,False
datatype mismatch,ws,long_store,57,Y,true,,/github/workspace/logsheets/filtered/water_sampling.csv,XSDBoolean,False
datatype mismatch,ws,long_store,58,Y,true,,/github/workspace/logsheets/filtered/water_sampling.csv,XSDBoolean,False
datatype mismatch,ws,long_store,59,Y,true,,/github/workspace/logsheets/filtered/water_sampling.csv,XSDBoolean,False
datatype mismatch,ws,long_store,60,Y,true,,/github/workspace/logsheets/filtered/water_sampling.csv,XSDBoolean,False
datatype mismatch,ws,long_store,61,N,false,,/github/workspace/logsheets/filtered/water_sampling.csv,XSDBoolean,False
datatype mismatch,ws,long_store,62,N,false,,/github/workspace/logsheets/filtered/water_sampling.csv,XSDBoolean,False
datatype mismatch,ws,long_store,63,Y,true,,/github/workspace/logsheets/filtered/water_sampling.csv,XSDBoolean,False
datatype mismatch,ws,long_store,64,Y,true,,/github/workspace/logsheets/filtered/water_sampling.csv,XSDBoolean,False
datatype mismatch,ws,long_store,65,N,false,,/github/workspace/logsheets/filtered/water_sampling.csv,XSDBoolean,False
datatype mismatch,ws,long_store,66,N,false,,/github/workspace/logsheets/filtered/water_sampling.csv,XSDBoolean,False
datatype mismatch,ws,long_store,67,Y,true,,/github/workspace/logsheets/filtered/water_sampling.csv,XSDBoolean,False
datatype mismatch,ws,long_store,68,Y,true,,/github/workspace/logsheets/filtered/water_sampling.csv,XSDBoolean,False
datatype mismatch,ws,long_store,69,Y,true,,/github/workspace/logsheets/filtered/water_sampling.csv,XSDBoolean,False
datatype mismatch,ws,long_store,70,Y,true,,/github/workspace/logsheets/filtered/water_sampling.csv,XSDBoolean,False
datatype mismatch,ws,long_store,71,N,false,,/github/workspace/logsheets/filtered/water_sampling.csv,XSDBoolean,False
datatype mismatch,ws,long_store,72,N,false,,/github/workspace/logsheets/filtered/water_sampling.csv,XSDBoolean,False
datatype mismatch,ws,long_store,73,Y,true,,/github/workspace/logsheets/filtered/water_sampling.csv,XSDBoolean,False
datatype mismatch,ws,long_store,74,Y,true,,/github/workspace/logsheets/filtered/water_sampling.csv,XSDBoolean,False
datatype mismatch,ws,long_store,75,N,false,,/github/workspace/logsheets/filtered/water_sampling.csv,XSDBoolean,False
datatype mismatch,ws,long_store,76,N,false,,/github/workspace/logsheets/filtered/water_sampling.csv,XSDBoolean,False
datatype mismatch,ws,long_store,77,Y,true,,/github/workspace/logsheets/filtered/water_sampling.csv,XSDBoolean,False
datatype mismatch,ws,long_store,78,Y,true,,/github/workspace/logsheets/filtered/water_sampling.csv,XSDBoolean,False
datatype mismatch,ws,long_store,79,Y,true,,/github/workspace/logsheets/filtered/water_sampling.csv,XSDBoolean,False
datatype mismatch,ws,long_store,80,Y,true,,/github/workspace/logsheets/filtered/water_sampling.csv,XSDBoolean,False
datatype mismatch,ws,long_store,81,N,false,,/github/workspace/logsheets/filtered/water_sampling.csv,XSDBoolean,False
datatype mismatch,ws,long_store,82,N,false,,/github/workspace/logsheets/filtered/water_sampling.csv,XSDBoolean,False
datatype mismatch,ws,long_store,83,Y,true,,/github/workspace/logsheets/filtered/water_sampling.csv,XSDBoolean,False
datatype mismatch,ws,long_store,84,Y,true,,/github/workspace/logsheets/filtered/water_sampling.csv,XSDBoolean,False
datatype mismatch,ws,long_store,85,N,false,,/github/workspace/logsheets/filtered/water_sampling.csv,XSDBoolean,False
datatype mismatch,ws,long_store,86,N,false,,/github/workspace/logsheets/filtered/water_sampling.csv,XSDBoolean,False
datatype mismatch,ws,long_store,87,Y,true,,/github/workspace/logsheets/filtered/water_sampling.csv,XSDBoolean,False
datatype mismatch,ws,long_store,88,Y,true,,/github/workspace/logsheets/filtered/water_sampling.csv,XSDBoolean,False
datatype mismatch,ws,long_store,89,Y,true,,/github/workspace/logsheets/filtered/water_sampling.csv,XSDBoolean,False
datatype mismatch,ws,long_store,90,Y,true,,/github/workspace/logsheets/filtered/water_sampling.csv,XSDBoolean,False
missing value,ws,long_store,251,,,,/github/workspace/logsheets/filtered/water_sampling.csv,XSDBoolean,False
missing value,ws,long_store,252,,,,/github/workspace/logsheets/filtered/water_sampling.csv,XSDBoolean,False
missing value,ws,long_store,253,,,,/github/workspace/logsheets/filtered/water_sampling.csv,XSDBoolean,False
missing value,ws,long_store,254,,,,/github/workspace/logsheets/filtered/water_sampling.csv,XSDBoolean,False
missing value,ws,long_store,255,,,,/github/workspace/logsheets/filtered/water_sampling.csv,XSDBoolean,False
missing value,ws,long_store,256,,,,/github/workspace/logsheets/filtered/water_sampling.csv,XSDBoolean,False
missing value,ws,long_store,257,,,,/github/workspace/logsheets/filtered/water_sampling.csv,XSDBoolean,False
missing value,ws,long_store,258,,,,/github/workspace/logsheets/filtered/water_sampling.csv,XSDBoolean,False
missing value,ws,long_store,259,,,,/github/workspace/logsheets/filtered/water_sampling.csv,XSDBoolean,False
missing value,ws,long_store,260,,,,/github/workspace/logsheets/filtered/water_sampling.csv,XSDBoolean,False
missing value,ws,long_store,261,,,,/github/workspace/logsheets/filtered/water_sampling.csv,XSDBoolean,False
missing value,ws,long_store,262,,,,/github/workspace/logsheets/filtered/water_sampling.csv,XSDBoolean,False
missing value,ws,long_store,263,,,,/github/workspace/logsheets/filtered/water_sampling.csv,XSDBoolean,False
missing value,ws,long_store,264,,,,/github/workspace/logsheets/filtered/water_sampling.csv,XSDBoolean,False
missing value,ws,long_store,265,,,,/github/workspace/logsheets/filtered/water_sampling.csv,XSDBoolean,False
missing value,ws,long_store,266,,,,/github/workspace/logsheets/filtered/water_sampling.csv,XSDBoolean,False
missing value,ws,long_store,267,,,,/github/workspace/logsheets/filtered/water_sampling.csv,XSDBoolean,False
missing value,ws,long_store,268,,,,/github/workspace/logsheets/filtered/water_sampling.csv,XSDBoolean,False
missing value,ws,long_store,269,,,,/github/workspace/logsheets/filtered/water_sampling.csv,XSDBoolean,False
missing value,ws,long_store,270,,,,/github/workspace/logsheets/filtered/water_sampling.csv,XSDBoolean,False
missing value,ws,long_store,271,,,,/github/workspace/logsheets/filtered/water_sampling.csv,XSDBoolean,False
missing value,ws,long_store,272,,,,/github/workspace/logsheets/filtered/water_sampling.csv,XSDBoolean,False
missing value,ws,long_store,273,,,,/github/workspace/logsheets/filtered/water_sampling.csv,XSDBoolean,False
missing value,ws,long_store,274,,,,/github/workspace/logsheets/filtered/water_sampling.csv,XSDBoolean,False
missing value,ws,long_store,275,,,,/github/workspace/logsheets/filtered/water_sampling.csv,XSDBoolean,False
missing value,ws,long_store,276,,,,/github/workspace/logsheets/filtered/water_sampling.csv,XSDBoolean,False
missing value,ws,long_store,277,,,,/github/workspace/logsheets/filtered/water_sampling.csv,XSDBoolean,False
missing value,ws,long_store,278,,,,/github/workspace/logsheets/filtered/water_sampling.csv,XSDBoolean,False
missing value,ws,long_store,279,,,,/github/workspace/logsheets/filtered/water_sampling.csv,XSDBoolean,False
missing value,ws,long_store,280,,,,/github/workspace/logsheets/filtered/water_sampling.csv,XSDBoolean,False
missing value,ws,long_store,281,,,,/github/workspace/logsheets/filtered/water_sampling.csv,XSDBoolean,False
missing value,ws,long_store,282,,,,/github/workspace/logsheets/filtered/water_sampling.csv,XSDBoolean,False
missing value,ws,long_store,283,,,,/github/workspace/logsheets/filtered/water_sampling.csv,XSDBoolean,False
missing value,ws,long_store,284,,,,/github/workspace/logsheets/filtered/water_sampling.csv,XSDBoolean,False
missing value,ws,long_store,285,,,,/github/workspace/logsheets/filtered/water_sampling.csv,XSDBoolean,False
missing value,ws,long_store,286,,,,/github/workspace/logsheets/filtered/water_sampling.csv,XSDBoolean,False
missing value,ws,long_store,287,,,,/github/workspace/logsheets/filtered/water_sampling.csv,XSDBoolean,False
missing value,ws,long_store,288,,,,/github/workspace/logsheets/filtered/water_sampling.csv,XSDBoolean,False
missing value,ws,long_store,289,,,,/github/workspace/logsheets/filtered/water_sampling.csv,XSDBoolean,False
missing value,ws,long_store,290,,,,/github/workspace/logsheets/filtered/water_sampling.csv,XSDBoolean,False
missing value,ws,long_store,291,,,,/github/workspace/logsheets/filtered/water_sampling.csv,XSDBoolean,False
missing value,ws,long_store,292,,,,/github/workspace/logsheets/filtered/water_sampling.csv,XSDBoolean,False
missing value,ws,long_store,293,,,,/github/workspace/logsheets/filtered/water_sampling.csv,XSDBoolean,False
missing value,ws,long_store,294,,,,/github/workspace/logsheets/filtered/water_sampling.csv,XSDBoolean,False
missing value,ws,long_store,295,,,,/github/workspace/logsheets/filtered/water_sampling.csv,XSDBoolean,False
missing value,ws,long_store,296,,,,/github/workspace/logsheets/filtered/water_sampling.csv,XSDBoolean,False
missing value,ws,long_store,297,,,,/github/workspace/logsheets/filtered/water_sampling.csv,XSDBoolean,False
missing value,ws,long_store,298,,,,/github/workspace/logsheets/filtered/water_sampling.csv,XSDBoolean,False
missing value,ws,long_store,299,,,,/github/workspace/logsheets/filtered/water_sampling.csv,XSDBoolean,False
missing value,ws,long_store,300,,,,/github/workspace/logsheets/filtered/water_sampling.csv,XSDBoolean,False
missing value,ws,long_store,301,,,,/github/workspace/logsheets/filtered/water_sampling.csv,XSDBoolean,False
missing value,ws,long_store,302,,,,/github/workspace/logsheets/filtered/water_sampling.csv,XSDBoolean,False
missing value,ws,long_store,303,,,,/github/workspace/logsheets/filtered/water_sampling.csv,XSDBoolean,False
missing value,ws,long_store,304,,,,/github/workspace/logsheets/filtered/water_sampling.csv,XSDBoolean,False
missing value,ws,long_store,305,,,,/github/workspace/logsheets/filtered/water_sampling.csv,XSDBoolean,False
missing value,ws,long_store,306,,,,/github/workspace/logsheets/filtered/water_sampling.csv,XSDBoolean,False
missing value,ws,long_store,307,,,,/github/workspace/logsheets/filtered/water_sampling.csv,XSDBoolean,False
missing value,ws,long_store,308,,,,/github/workspace/logsheets/filtered/water_sampling.csv,XSDBoolean,False
missing value,ws,long_store,309,,,,/github/workspace/logsheets/filtered/water_sampling.csv,XSDBoolean,False
missing value,ws,long_store,310,,,,/github/workspace/logsheets/filtered/water_sampling.csv,XSDBoolean,False
missing value,ws,long_store,311,,,,/github/workspace/logsheets/filtered/water_sampling.csv,XSDBoolean,False
missing value,ws,long_store,312,,,,/github/workspace/logsheets/filtered/water_sampling.csv,XSDBoolean,False
missing value,ws,long_store,313,,,,/github/workspace/logsheets/filtered/water_sampling.csv,XSDBoolean,False
missing value,ws,long_store,314,,,,/github/workspace/logsheets/filtered/water_sampling.csv,XSDBoolean,False
missing value,ws,long_store,315,,,,/github/workspace/logsheets/filtered/water_sampling.csv,XSDBoolean,False
missing value,ws,long_store,316,,,,/github/workspace/logsheets/filtered/water_sampling.csv,XSDBoolean,False
missing value,ws,long_store,317,,,,/github/workspace/logsheets/filtered/water_sampling.csv,XSDBoolean,False
missing value,ws,long_store,318,,,,/github/workspace/logsheets/filtered/water_sampling.csv,XSDBoolean,False
missing value,ws,long_store,319,,,,/github/workspace/logsheets/filtered/water_sampling.csv,XSDBoolean,False
missing value,ws,long_store,320,,,,/github/workspace/logsheets/filtered/water_sampling.csv,XSDBoolean,False
missing value,ws,long_store,321,,,,/github/workspace/logsheets/filtered/water_sampling.csv,XSDBoolean,False
missing value,ws,long_store,322,,,,/github/workspace/logsheets/filtered/water_sampling.csv,XSDBoolean,False
missing value,ws,long_store,323,,,,/github/workspace/logsheets/filtered/water_sampling.csv,XSDBoolean,False
missing value,ws,long_store,324,,,,/github/workspace/logsheets/filtered/water_sampling.csv,XSDBoolean,False
missing value,ws,long_store,325,,,,/github/workspace/logsheets/filtered/water_sampling.csv,XSDBoolean,False
missing value,ws,long_store,326,,,,/github/workspace/logsheets/filtered/water_sampling.csv,XSDBoolean,False
missing value,ws,long_store,327,,,,/github/workspace/logsheets/filtered/water_sampling.csv,XSDBoolean,False
missing value,ws,long_store,328,,,,/github/workspace/logsheets/filtered/water_sampling.csv,XSDBoolean,False
missing value,ws,long_store,329,,,,/github/workspace/logsheets/filtered/water_sampling.csv,XSDBoolean,False
missing value,ws,long_store,330,,,,/github/workspace/logsheets/filtered/water_sampling.csv,XSDBoolean,False
missing value,ws,long_store,331,,,,/github/workspace/logsheets/filtered/water_sampling.csv,XSDBoolean,False
missing value,ws,long_store,332,,,,/github/workspace/logsheets/filtered/water_sampling.csv,XSDBoolean,False
missing value,ws,long_store,333,,,,/github/workspace/logsheets/filtered/water_sampling.csv,XSDBoolean,False
missing value,ws,long_store,334,,,,/github/workspace/logsheets/filtered/water_sampling.csv,XSDBoolean,False
missing value,ws,long_store,335,,,,/github/workspace/logsheets/filtered/water_sampling.csv,XSDBoolean,False
missing value,ws,long_store,336,,,,/github/workspace/logsheets/filtered/water_sampling.csv,XSDBoolean,False
missing value,ws,long_store,337,,,,/github/workspace/logsheets/filtered/water_sampling.csv,XSDBoolean,False
missing value,ws,long_store,338,,,,/github/workspace/logsheets/filtered/water_sampling.csv,XSDBoolean,False
missing value,ws,long_store,339,,,,/github/workspace/logsheets/filtered/water_sampling.csv,XSDBoolean,False
missing value,ws,long_store,340,,,,/github/workspace/logsheets/filtered/water_sampling.csv,XSDBoolean,False
missing value,ws,long_store,341,,,,/github/workspace/logsheets/filtered/water_sampling.csv,XSDBoolean,False
missing value,ws,long_store,342,,,,/github/workspace/logsheets/filtered/water_sampling.csv,XSDBoolean,False
missing value,ws,long_store,343,,,,/github/workspace/logsheets/filtered/water_sampling.csv,XSDBoolean,False
missing value,ws,long_store,344,,,,/github/workspace/logsheets/filtered/water_sampling.csv,XSDBoolean,False
missing value,ws,long_store,345,,,,/github/workspace/logsheets/filtered/water_sampling.csv,XSDBoolean,False
missing value,ws,long_store,346,,,,/github/workspace/logsheets/filtered/water_sampling.csv,XSDBoolean,False
missing value,ws,long_store,347,,,,/github/workspace/logsheets/filtered/water_sampling.csv,XSDBoolean,False
datatype mismatch,ws,membr_cut,1,Y,true,,/github/workspace/logsheets/filtered/water_sampling.csv,XSDBoolean,False
datatype mismatch,ws,membr_cut,2,Y,true,,/github/workspace/logsheets/filtered/water_sampling.csv,XSDBoolean,False
datatype mismatch,ws,membr_cut,3,Y,true,,/github/workspace/logsheets/filtered/water_sampling.csv,XSDBoolean,False
datatype mismatch,ws,membr_cut,4,Y,true,,/github/workspace/logsheets/filtered/water_sampling.csv,XSDBoolean,False
datatype mismatch,ws,membr_cut,5,Y,true,,/github/workspace/logsheets/filtered/water_sampling.csv,XSDBoolean,False
datatype mismatch,ws,membr_cut,6,Y,true,,/github/workspace/logsheets/filtered/water_sampling.csv,XSDBoolean,False
datatype mismatch,ws,membr_cut,7,Y,true,,/github/workspace/logsheets/filtered/water_sampling.csv,XSDBoolean,False
datatype mismatch,ws,membr_cut,8,Y,true,,/github/workspace/logsheets/filtered/water_sampling.csv,XSDBoolean,False
datatype mismatch,ws,membr_cut,9,N,false,,/github/workspace/logsheets/filtered/water_sampling.csv,XSDBoolean,False
datatype mismatch,ws,membr_cut,10,N,false,,/github/workspace/logsheets/filtered/water_sampling.csv,XSDBoolean,False
datatype mismatch,ws,membr_cut,11,Y,true,,/github/workspace/logsheets/filtered/water_sampling.csv,XSDBoolean,False
datatype mismatch,ws,membr_cut,12,Y,true,,/github/workspace/logsheets/filtered/water_sampling.csv,XSDBoolean,False
datatype mismatch,ws,membr_cut,13,Y,true,,/github/workspace/logsheets/filtered/water_sampling.csv,XSDBoolean,False
datatype mismatch,ws,membr_cut,14,Y,true,,/github/workspace/logsheets/filtered/water_sampling.csv,XSDBoolean,False
datatype mismatch,ws,membr_cut,15,Y,true,,/github/workspace/logsheets/filtered/water_sampling.csv,XSDBoolean,False
datatype mismatch,ws,membr_cut,16,Y,true,,/github/workspace/logsheets/filtered/water_sampling.csv,XSDBoolean,False
datatype mismatch,ws,membr_cut,17,Y,true,,/github/workspace/logsheets/filtered/water_sampling.csv,XSDBoolean,False
datatype mismatch,ws,membr_cut,18,Y,true,,/github/workspace/logsheets/filtered/water_sampling.csv,XSDBoolean,False
datatype mismatch,ws,membr_cut,19,N,false,,/github/workspace/logsheets/filtered/water_sampling.csv,XSDBoolean,False
datatype mismatch,ws,membr_cut,20,N,false,,/github/workspace/logsheets/filtered/water_sampling.csv,XSDBoolean,False
datatype mismatch,ws,membr_cut,21,Y,true,,/github/workspace/logsheets/filtered/water_sampling.csv,XSDBoolean,False
datatype mismatch,ws,membr_cut,22,Y,true,,/github/workspace/logsheets/filtered/water_sampling.csv,XSDBoolean,False
datatype mismatch,ws,membr_cut,23,Y,true,,/github/workspace/logsheets/filtered/water_sampling.csv,XSDBoolean,False
datatype mismatch,ws,membr_cut,24,Y,true,,/github/workspace/logsheets/filtered/water_sampling.csv,XSDBoolean,False
datatype mismatch,ws,membr_cut,25,Y,true,,/github/workspace/logsheets/filtered/water_sampling.csv,XSDBoolean,False
datatype mismatch,ws,membr_cut,26,Y,true,,/github/workspace/logsheets/filtered/water_sampling.csv,XSDBoolean,False
datatype mismatch,ws,membr_cut,27,Y,true,,/github/workspace/logsheets/filtered/water_sampling.csv,XSDBoolean,False
datatype mismatch,ws,membr_cut,28,Y,true,,/github/workspace/logsheets/filtered/water_sampling.csv,XSDBoolean,False
datatype mismatch,ws,membr_cut,29,N,false,,/github/workspace/logsheets/filtered/water_sampling.csv,XSDBoolean,False
datatype mismatch,ws,membr_cut,30,N,false,,/github/workspace/logsheets/filtered/water_sampling.csv,XSDBoolean,False
datatype mismatch,ws,membr_cut,31,Y,true,,/github/workspace/logsheets/filtered/water_sampling.csv,XSDBoolean,False
datatype mismatch,ws,membr_cut,32,Y,true,,/github/workspace/logsheets/filtered/water_sampling.csv,XSDBoolean,False
datatype mismatch,ws,membr_cut,33,Y,true,,/github/workspace/logsheets/filtered/water_sampling.csv,XSDBoolean,False
datatype mismatch,ws,membr_cut,34,Y,true,,/github/workspace/logsheets/filtered/water_sampling.csv,XSDBoolean,False
datatype mismatch,ws,membr_cut,35,Y,true,,/github/workspace/logsheets/filtered/water_sampling.csv,XSDBoolean,False
datatype mismatch,ws,membr_cut,36,Y,true,,/github/workspace/logsheets/filtered/water_sampling.csv,XSDBoolean,False
datatype mismatch,ws,membr_cut,37,Y,true,,/github/workspace/logsheets/filtered/water_sampling.csv,XSDBoolean,False
datatype mismatch,ws,membr_cut,38,Y,true,,/github/workspace/logsheets/filtered/water_sampling.csv,XSDBoolean,False
datatype mismatch,ws,membr_cut,39,N,false,,/github/workspace/logsheets/filtered/water_sampling.csv,XSDBoolean,False
datatype mismatch,ws,membr_cut,40,N,false,,/github/workspace/logsheets/filtered/water_sampling.csv,XSDBoolean,False
datatype mismatch,ws,membr_cut,41,Y,true,,/github/workspace/logsheets/filtered/water_sampling.csv,XSDBoolean,False
datatype mismatch,ws,membr_cut,42,Y,true,,/github/workspace/logsheets/filtered/water_sampling.csv,XSDBoolean,False
datatype mismatch,ws,membr_cut,43,Y,true,,/github/workspace/logsheets/filtered/water_sampling.csv,XSDBoolean,False
datatype mismatch,ws,membr_cut,44,Y,true,,/github/workspace/logsheets/filtered/water_sampling.csv,XSDBoolean,False
datatype mismatch,ws,membr_cut,45,Y,true,,/github/workspace/logsheets/filtered/water_sampling.csv,XSDBoolean,False
datatype mismatch,ws,membr_cut,46,Y,true,,/github/workspace/logsheets/filtered/water_sampling.csv,XSDBoolean,False
datatype mismatch,ws,membr_cut,47,Y,true,,/github/workspace/logsheets/filtered/water_sampling.csv,XSDBoolean,False
datatype mismatch,ws,membr_cut,48,Y,true,,/github/workspace/logsheets/filtered/water_sampling.csv,XSDBoolean,False
datatype mismatch,ws,membr_cut,49,N,false,,/github/workspace/logsheets/filtered/water_sampling.csv,XSDBoolean,False
datatype mismatch,ws,membr_cut,50,N,false,,/github/workspace/logsheets/filtered/water_sampling.csv,XSDBoolean,False
datatype mismatch,ws,membr_cut,51,Y,true,,/github/workspace/logsheets/filtered/water_sampling.csv,XSDBoolean,False
datatype mismatch,ws,membr_cut,52,Y,true,,/github/workspace/logsheets/filtered/water_sampling.csv,XSDBoolean,False
datatype mismatch,ws,membr_cut,53,Y,true,,/github/workspace/logsheets/filtered/water_sampling.csv,XSDBoolean,False
datatype mismatch,ws,membr_cut,54,Y,true,,/github/workspace/logsheets/filtered/water_sampling.csv,XSDBoolean,False
datatype mismatch,ws,membr_cut,55,Y,true,,/github/workspace/logsheets/filtered/water_sampling.csv,XSDBoolean,False
datatype mismatch,ws,membr_cut,56,Y,true,,/github/workspace/logsheets/filtered/water_sampling.csv,XSDBoolean,False
datatype mismatch,ws,membr_cut,57,Y,true,,/github/workspace/logsheets/filtered/water_sampling.csv,XSDBoolean,False
datatype mismatch,ws,membr_cut,58,Y,true,,/github/workspace/logsheets/filtered/water_sampling.csv,XSDBoolean,False
datatype mismatch,ws,membr_cut,59,N,false,,/github/workspace/logsheets/filtered/water_sampling.csv,XSDBoolean,False
datatype mismatch,ws,membr_cut,60,N,false,,/github/workspace/logsheets/filtered/water_sampling.csv,XSDBoolean,False
datatype mismatch,ws,membr_cut,61,Y,true,,/github/workspace/logsheets/filtered/water_sampling.csv,XSDBoolean,False
datatype mismatch,ws,membr_cut,62,Y,true,,/github/workspace/logsheets/filtered/water_sampling.csv,XSDBoolean,False
datatype mismatch,ws,membr_cut,63,Y,true,,/github/workspace/logsheets/filtered/water_sampling.csv,XSDBoolean,False
datatype mismatch,ws,membr_cut,64,Y,true,,/github/workspace/logsheets/filtered/water_sampling.csv,XSDBoolean,False
datatype mismatch,ws,membr_cut,65,Y,true,,/github/workspace/logsheets/filtered/water_sampling.csv,XSDBoolean,False
datatype mismatch,ws,membr_cut,66,Y,true,,/github/workspace/logsheets/filtered/water_sampling.csv,XSDBoolean,False
datatype mismatch,ws,membr_cut,67,Y,true,,/github/workspace/logsheets/filtered/water_sampling.csv,XSDBoolean,False
datatype mismatch,ws,membr_cut,68,Y,true,,/github/workspace/logsheets/filtered/water_sampling.csv,XSDBoolean,False
datatype mismatch,ws,membr_cut,69,N,false,,/github/workspace/logsheets/filtered/water_sampling.csv,XSDBoolean,False
datatype mismatch,ws,membr_cut,70,N,false,,/github/workspace/logsheets/filtered/water_sampling.csv,XSDBoolean,False
datatype mismatch,ws,membr_cut,71,Y,true,,/github/workspace/logsheets/filtered/water_sampling.csv,XSDBoolean,False
datatype mismatch,ws,membr_cut,72,Y,true,,/github/workspace/logsheets/filtered/water_sampling.csv,XSDBoolean,False
datatype mismatch,ws,membr_cut,73,Y,true,,/github/workspace/logsheets/filtered/water_sampling.csv,XSDBoolean,False
datatype mismatch,ws,membr_cut,74,Y,true,,/github/workspace/logsheets/filtered/water_sampling.csv,XSDBoolean,False
datatype mismatch,ws,membr_cut,75,Y,true,,/github/workspace/logsheets/filtered/water_sampling.csv,XSDBoolean,False
datatype mismatch,ws,membr_cut,76,Y,true,,/github/workspace/logsheets/filtered/water_sampling.csv,XSDBoolean,False
datatype mismatch,ws,membr_cut,77,Y,true,,/github/workspace/logsheets/filtered/water_sampling.csv,XSDBoolean,False
datatype mismatch,ws,membr_cut,78,Y,true,,/github/workspace/logsheets/filtered/water_sampling.csv,XSDBoolean,False
datatype mismatch,ws,membr_cut,79,N,false,,/github/workspace/logsheets/filtered/water_sampling.csv,XSDBoolean,False
datatype mismatch,ws,membr_cut,80,N,false,,/github/workspace/logsheets/filtered/water_sampling.csv,XSDBoolean,False
datatype mismatch,ws,membr_cut,81,Y,true,,/github/workspace/logsheets/filtered/water_sampling.csv,XSDBoolean,False
datatype mismatch,ws,membr_cut,82,Y,true,,/github/workspace/logsheets/filtered/water_sampling.csv,XSDBoolean,False
datatype mismatch,ws,membr_cut,83,Y,true,,/github/workspace/logsheets/filtered/water_sampling.csv,XSDBoolean,False
datatype mismatch,ws,membr_cut,84,Y,true,,/github/workspace/logsheets/filtered/water_sampling.csv,XSDBoolean,False
datatype mismatch,ws,membr_cut,85,Y,true,,/github/workspace/logsheets/filtered/water_sampling.csv,XSDBoolean,False
datatype mismatch,ws,membr_cut,86,Y,true,,/github/workspace/logsheets/filtered/water_sampling.csv,XSDBoolean,False
datatype mismatch,ws,membr_cut,87,Y,true,,/github/workspace/logsheets/filtered/water_sampling.csv,XSDBoolean,False
datatype mismatch,ws,membr_cut,88,Y,true,,/github/workspace/logsheets/filtered/water_sampling.csv,XSDBoolean,False
datatype mismatch,ws,membr_cut,89,N,false,,/github/workspace/logsheets/filtered/water_sampling.csv,XSDBoolean,False
datatype mismatch,ws,membr_cut,90,N,false,,/github/workspace/logsheets/filtered/water_sampling.csv,XSDBoolean,False
missing value,ws,membr_cut,251,,,,/github/workspace/logsheets/filtered/water_sampling.csv,XSDBoolean,False
missing value,ws,membr_cut,252,,,,/github/workspace/logsheets/filtered/water_sampling.csv,XSDBoolean,False
missing value,ws,membr_cut,253,,,,/github/workspace/logsheets/filtered/water_sampling.csv,XSDBoolean,False
missing value,ws,membr_cut,254,,,,/github/workspace/logsheets/filtered/water_sampling.csv,XSDBoolean,False
missing value,ws,membr_cut,255,,,,/github/workspace/logsheets/filtered/water_sampling.csv,XSDBoolean,False
missing value,ws,membr_cut,256,,,,/github/workspace/logsheets/filtered/water_sampling.csv,XSDBoolean,False
missing value,ws,membr_cut,257,,,,/github/workspace/logsheets/filtered/water_sampling.csv,XSDBoolean,False
missing value,ws,membr_cut,258,,,,/github/workspace/logsheets/filtered/water_sampling.csv,XSDBoolean,False
missing value,ws,membr_cut,259,,,,/github/workspace/logsheets/filtered/water_sampling.csv,XSDBoolean,False
missing value,ws,membr_cut,260,,,,/github/workspace/logsheets/filtered/water_sampling.csv,XSDBoolean,False
missing value,ws,membr_cut,261,,,,/github/workspace/logsheets/filtered/water_sampling.csv,XSDBoolean,False
missing value,ws,membr_cut,262,,,,/github/workspace/logsheets/filtered/water_sampling.csv,XSDBoolean,False
missing value,ws,membr_cut,263,,,,/github/workspace/logsheets/filtered/water_sampling.csv,XSDBoolean,False
missing value,ws,membr_cut,264,,,,/github/workspace/logsheets/filtered/water_sampling.csv,XSDBoolean,False
missing value,ws,membr_cut,265,,,,/github/workspace/logsheets/filtered/water_sampling.csv,XSDBoolean,False
missing value,ws,membr_cut,266,,,,/github/workspace/logsheets/filtered/water_sampling.csv,XSDBoolean,False
missing value,ws,membr_cut,267,,,,/github/workspace/logsheets/filtered/water_sampling.csv,XSDBoolean,False
missing value,ws,membr_cut,268,,,,/github/workspace/logsheets/filtered/water_sampling.csv,XSDBoolean,False
missing value,ws,membr_cut,269,,,,/github/workspace/logsheets/filtered/water_sampling.csv,XSDBoolean,False
missing value,ws,membr_cut,270,,,,/github/workspace/logsheets/filtered/water_sampling.csv,XSDBoolean,False
missing value,ws,membr_cut,271,,,,/github/workspace/logsheets/filtered/water_sampling.csv,XSDBoolean,False
missing value,ws,membr_cut,272,,,,/github/workspace/logsheets/filtered/water_sampling.csv,XSDBoolean,False
missing value,ws,membr_cut,273,,,,/github/workspace/logsheets/filtered/water_sampling.csv,XSDBoolean,False
missing value,ws,membr_cut,274,,,,/github/workspace/logsheets/filtered/water_sampling.csv,XSDBoolean,False
missing value,ws,membr_cut,275,,,,/github/workspace/logsheets/filtered/water_sampling.csv,XSDBoolean,False
missing value,ws,membr_cut,276,,,,/github/workspace/logsheets/filtered/water_sampling.csv,XSDBoolean,False
missing value,ws,membr_cut,277,,,,/github/workspace/logsheets/filtered/water_sampling.csv,XSDBoolean,False
missing value,ws,membr_cut,278,,,,/github/workspace/logsheets/filtered/water_sampling.csv,XSDBoolean,False
missing value,ws,membr_cut,279,,,,/github/workspace/logsheets/filtered/water_sampling.csv,XSDBoolean,False
missing value,ws,membr_cut,280,,,,/github/workspace/logsheets/filtered/water_sampling.csv,XSDBoolean,False
missing value,ws,membr_cut,281,,,,/github/workspace/logsheets/filtered/water_sampling.csv,XSDBoolean,False
missing value,ws,membr_cut,282,,,,/github/workspace/logsheets/filtered/water_sampling.csv,XSDBoolean,False
missing value,ws,membr_cut,283,,,,/github/workspace/logsheets/filtered/water_sampling.csv,XSDBoolean,False
missing value,ws,membr_cut,284,,,,/github/workspace/logsheets/filtered/water_sampling.csv,XSDBoolean,False
missing value,ws,membr_cut,285,,,,/github/workspace/logsheets/filtered/water_sampling.csv,XSDBoolean,False
missing value,ws,membr_cut,286,,,,/github/workspace/logsheets/filtered/water_sampling.csv,XSDBoolean,False
missing value,ws,membr_cut,287,,,,/github/workspace/logsheets/filtered/water_sampling.csv,XSDBoolean,False
missing value,ws,membr_cut,288,,,,/github/workspace/logsheets/filtered/water_sampling.csv,XSDBoolean,False
missing value,ws,membr_cut,289,,,,/github/workspace/logsheets/filtered/water_sampling.csv,XSDBoolean,False
missing value,ws,membr_cut,290,,,,/github/workspace/logsheets/filtered/water_sampling.csv,XSDBoolean,False
missing value,ws,membr_cut,291,,,,/github/workspace/logsheets/filtered/water_sampling.csv,XSDBoolean,False
missing value,ws,membr_cut,292,,,,/github/workspace/logsheets/filtered/water_sampling.csv,XSDBoolean,False
missing value,ws,membr_cut,293,,,,/github/workspace/logsheets/filtered/water_sampling.csv,XSDBoolean,False
missing value,ws,membr_cut,294,,,,/github/workspace/logsheets/filtered/water_sampling.csv,XSDBoolean,False
missing value,ws,membr_cut,295,,,,/github/workspace/logsheets/filtered/water_sampling.csv,XSDBoolean,False
missing value,ws,membr_cut,296,,,,/github/workspace/logsheets/filtered/water_sampling.csv,XSDBoolean,False
missing value,ws,membr_cut,297,,,,/github/workspace/logsheets/filtered/water_sampling.csv,XSDBoolean,False
missing value,ws,membr_cut,298,,,,/github/workspace/logsheets/filtered/water_sampling.csv,XSDBoolean,False
missing value,ws,membr_cut,299,,,,/github/workspace/logsheets/filtered/water_sampling.csv,XSDBoolean,False
missing value,ws,membr_cut,300,,,,/github/workspace/logsheets/filtered/water_sampling.csv,XSDBoolean,False
missing value,ws,membr_cut,301,,,,/github/workspace/logsheets/filtered/water_sampling.csv,XSDBoolean,False
missing value,ws,membr_cut,302,,,,/github/workspace/logsheets/filtered/water_sampling.csv,XSDBoolean,False
missing value,ws,membr_cut,303,,,,/github/workspace/logsheets/filtered/water_sampling.csv,XSDBoolean,False
missing value,ws,membr_cut,304,,,,/github/workspace/logsheets/filtered/water_sampling.csv,XSDBoolean,False
missing value,ws,membr_cut,305,,,,/github/workspace/logsheets/filtered/water_sampling.csv,XSDBoolean,False
missing value,ws,membr_cut,306,,,,/github/workspace/logsheets/filtered/water_sampling.csv,XSDBoolean,False
missing value,ws,membr_cut,307,,,,/github/workspace/logsheets/filtered/water_sampling.csv,XSDBoolean,False
missing value,ws,membr_cut,308,,,,/github/workspace/logsheets/filtered/water_sampling.csv,XSDBoolean,False
missing value,ws,membr_cut,309,,,,/github/workspace/logsheets/filtered/water_sampling.csv,XSDBoolean,False
missing value,ws,membr_cut,310,,,,/github/workspace/logsheets/filtered/water_sampling.csv,XSDBoolean,False
missing value,ws,membr_cut,311,,,,/github/workspace/logsheets/filtered/water_sampling.csv,XSDBoolean,False
missing value,ws,membr_cut,312,,,,/github/workspace/logsheets/filtered/water_sampling.csv,XSDBoolean,False
missing value,ws,membr_cut,313,,,,/github/workspace/logsheets/filtered/water_sampling.csv,XSDBoolean,False
missing value,ws,membr_cut,314,,,,/github/workspace/logsheets/filtered/water_sampling.csv,XSDBoolean,False
missing value,ws,membr_cut,315,,,,/github/workspace/logsheets/filtered/water_sampling.csv,XSDBoolean,False
missing value,ws,membr_cut,316,,,,/github/workspace/logsheets/filtered/water_sampling.csv,XSDBoolean,False
missing value,ws,membr_cut,317,,,,/github/workspace/logsheets/filtered/water_sampling.csv,XSDBoolean,False
missing value,ws,membr_cut,318,,,,/github/workspace/logsheets/filtered/water_sampling.csv,XSDBoolean,False
missing value,ws,membr_cut,319,,,,/github/workspace/logsheets/filtered/water_sampling.csv,XSDBoolean,False
missing value,ws,membr_cut,320,,,,/github/workspace/logsheets/filtered/water_sampling.csv,XSDBoolean,False
missing value,ws,membr_cut,321,,,,/github/workspace/logsheets/filtered/water_sampling.csv,XSDBoolean,False
missing value,ws,membr_cut,322,,,,/github/workspace/logsheets/filtered/water_sampling.csv,XSDBoolean,False
missing value,ws,membr_cut,323,,,,/github/workspace/logsheets/filtered/water_sampling.csv,XSDBoolean,False
missing value,ws,membr_cut,324,,,,/github/workspace/logsheets/filtered/water_sampling.csv,XSDBoolean,False
missing value,ws,membr_cut,325,,,,/github/workspace/logsheets/filtered/water_sampling.csv,XSDBoolean,False
missing value,ws,membr_cut,326,,,,/github/workspace/logsheets/filtered/water_sampling.csv,XSDBoolean,False
missing value,ws,membr_cut,327,,,,/github/workspace/logsheets/filtered/water_sampling.csv,XSDBoolean,False
missing value,ws,membr_cut,328,,,,/github/workspace/logsheets/filtered/water_sampling.csv,XSDBoolean,False
missing value,ws,membr_cut,329,,,,/github/workspace/logsheets/filtered/water_sampling.csv,XSDBoolean,False
missing value,ws,membr_cut,330,,,,/github/workspace/logsheets/filtered/water_sampling.csv,XSDBoolean,False
missing value,ws,membr_cut,331,,,,/github/workspace/logsheets/filtered/water_sampling.csv,XSDBoolean,False
missing value,ws,membr_cut,332,,,,/github/workspace/logsheets/filtered/water_sampling.csv,XSDBoolean,False
missing value,ws,membr_cut,333,,,,/github/workspace/logsheets/filtered/water_sampling.csv,XSDBoolean,False
missing value,ws,membr_cut,334,,,,/github/workspace/logsheets/filtered/water_sampling.csv,XSDBoolean,False
missing value,ws,membr_cut,335,,,,/github/workspace/logsheets/filtered/water_sampling.csv,XSDBoolean,False
missing value,ws,membr_cut,336,,,,/github/workspace/logsheets/filtered/water_sampling.csv,XSDBoolean,False
missing value,ws,membr_cut,337,,,,/github/workspace/logsheets/filtered/water_sampling.csv,XSDBoolean,False
missing value,ws,membr_cut,338,,,,/github/workspace/logsheets/filtered/water_sampling.csv,XSDBoolean,False
missing value,ws,membr_cut,339,,,,/github/workspace/logsheets/filtered/water_sampling.csv,XSDBoolean,False
missing value,ws,membr_cut,340,,,,/github/workspace/logsheets/filtered/water_sampling.csv,XSDBoolean,False
missing value,ws,membr_cut,341,,,,/github/workspace/logsheets/filtered/water_sampling.csv,XSDBoolean,False
missing value,ws,membr_cut,342,,,,/github/workspace/logsheets/filtered/water_sampling.csv,XSDBoolean,False
missing value,ws,membr_cut,343,,,,/github/workspace/logsheets/filtered/water_sampling.csv,XSDBoolean,False
missing value,ws,membr_cut,344,,,,/github/workspace/logsheets/filtered/water_sampling.csv,XSDBoolean,False
missing value,ws,membr_cut,345,,,,/github/workspace/logsheets/filtered/water_sampling.csv,XSDBoolean,False
missing value,ws,membr_cut,346,,,,/github/workspace/logsheets/filtered/water_sampling.csv,XSDBoolean,False
missing value,ws,membr_cut,347,,,,/github/workspace/logsheets/filtered/water_sampling.csv,XSDBoolean,False
missing value,ws,samp_collect_device,9,,,,/github/workspace/logsheets/filtered/water_sampling.csv,XSDString,False
missing value,ws,samp_collect_device,10,,,,/github/workspace/logsheets/filtered/water_sampling.csv,XSDString,False
missing value,ws,samp_collect_device,19,,,,/github/workspace/logsheets/filtered/water_sampling.csv,XSDString,False
missing value,ws,samp_collect_device,20,,,,/github/workspace/logsheets/filtered/water_sampling.csv,XSDString,False
missing value,ws,samp_collect_device,29,,,,/github/workspace/logsheets/filtered/water_sampling.csv,XSDString,False
missing value,ws,samp_collect_device,30,,,,/github/workspace/logsheets/filtered/water_sampling.csv,XSDString,False
missing value,ws,samp_collect_device,39,,,,/github/workspace/logsheets/filtered/water_sampling.csv,XSDString,False
missing value,ws,samp_collect_device,40,,,,/github/workspace/logsheets/filtered/water_sampling.csv,XSDString,False
missing value,ws,samp_collect_device,49,,,,/github/workspace/logsheets/filtered/water_sampling.csv,XSDString,False
missing value,ws,samp_collect_device,50,,,,/github/workspace/logsheets/filtered/water_sampling.csv,XSDString,False
missing value,ws,samp_collect_device,59,,,,/github/workspace/logsheets/filtered/water_sampling.csv,XSDString,False
missing value,ws,samp_collect_device,60,,,,/github/workspace/logsheets/filtered/water_sampling.csv,XSDString,False
missing value,ws,samp_collect_device,69,,,,/github/workspace/logsheets/filtered/water_sampling.csv,XSDString,False
missing value,ws,samp_collect_device,70,,,,/github/workspace/logsheets/filtered/water_sampling.csv,XSDString,False
missing value,ws,samp_collect_device,79,,,,/github/workspace/logsheets/filtered/water_sampling.csv,XSDString,False
missing value,ws,samp_collect_device,80,,,,/github/workspace/logsheets/filtered/water_sampling.csv,XSDString,False
missing value,ws,samp_collect_device,89,,,,/github/workspace/logsheets/filtered/water_sampling.csv,XSDString,False
missing value,ws,samp_collect_device,90,,,,/github/workspace/logsheets/filtered/water_sampling.csv,XSDString,False
missing value,ws,samp_collect_device,251,,,,/github/workspace/logsheets/filtered/water_sampling.csv,XSDString,False
missing value,ws,samp_collect_device,252,,,,/github/workspace/logsheets/filtered/water_sampling.csv,XSDString,False
missing value,ws,samp_collect_device,253,,,,/github/workspace/logsheets/filtered/water_sampling.csv,XSDString,False
missing value,ws,samp_collect_device,254,,,,/github/workspace/logsheets/filtered/water_sampling.csv,XSDString,False
missing value,ws,samp_collect_device,255,,,,/github/workspace/logsheets/filtered/water_sampling.csv,XSDString,False
missing value,ws,samp_collect_device,256,,,,/github/workspace/logsheets/filtered/water_sampling.csv,XSDString,False
missing value,ws,samp_collect_device,257,,,,/github/workspace/logsheets/filtered/water_sampling.csv,XSDString,False
missing value,ws,samp_collect_device,258,,,,/github/workspace/logsheets/filtered/water_sampling.csv,XSDString,False
missing value,ws,samp_collect_device,259,,,,/github/workspace/logsheets/filtered/water_sampling.csv,XSDString,False
missing value,ws,samp_collect_device,260,,,,/github/workspace/logsheets/filtered/water_sampling.csv,XSDString,False
missing value,ws,samp_collect_device,261,,,,/github/workspace/logsheets/filtered/water_sampling.csv,XSDString,False
missing value,ws,samp_collect_device,262,,,,/github/workspace/logsheets/filtered/water_sampling.csv,XSDString,False
missing value,ws,samp_collect_device,263,,,,/github/workspace/logsheets/filtered/water_sampling.csv,XSDString,False
missing value,ws,samp_collect_device,264,,,,/github/workspace/logsheets/filtered/water_sampling.csv,XSDString,False
missing value,ws,samp_collect_device,265,,,,/github/workspace/logsheets/filtered/water_sampling.csv,XSDString,False
missing value,ws,samp_collect_device,266,,,,/github/workspace/logsheets/filtered/water_sampling.csv,XSDString,False
missing value,ws,samp_collect_device,267,,,,/github/workspace/logsheets/filtered/water_sampling.csv,XSDString,False
missing value,ws,samp_collect_device,268,,,,/github/workspace/logsheets/filtered/water_sampling.csv,XSDString,False
missing value,ws,samp_collect_device,269,,,,/github/workspace/logsheets/filtered/water_sampling.csv,XSDString,False
missing value,ws,samp_collect_device,270,,,,/github/workspace/logsheets/filtered/water_sampling.csv,XSDString,False
missing value,ws,samp_collect_device,271,,,,/github/workspace/logsheets/filtered/water_sampling.csv,XSDString,False
missing value,ws,samp_collect_device,272,,,,/github/workspace/logsheets/filtered/water_sampling.csv,XSDString,False
missing value,ws,samp_collect_device,273,,,,/github/workspace/logsheets/filtered/water_sampling.csv,XSDString,False
missing value,ws,samp_collect_device,274,,,,/github/workspace/logsheets/filtered/water_sampling.csv,XSDString,False
missing value,ws,samp_collect_device,275,,,,/github/workspace/logsheets/filtered/water_sampling.csv,XSDString,False
missing value,ws,samp_collect_device,276,,,,/github/workspace/logsheets/filtered/water_sampling.csv,XSDString,False
missing value,ws,samp_collect_device,277,,,,/github/workspace/logsheets/filtered/water_sampling.csv,XSDString,False
missing value,ws,samp_collect_device,278,,,,/github/workspace/logsheets/filtered/water_sampling.csv,XSDString,False
missing value,ws,samp_collect_device,279,,,,/github/workspace/logsheets/filtered/water_sampling.csv,XSDString,False
missing value,ws,samp_collect_device,280,,,,/github/workspace/logsheets/filtered/water_sampling.csv,XSDString,False
missing value,ws,samp_collect_device,281,,,,/github/workspace/logsheets/filtered/water_sampling.csv,XSDString,False
missing value,ws,samp_collect_device,282,,,,/github/workspace/logsheets/filtered/water_sampling.csv,XSDString,False
missing value,ws,samp_collect_device,283,,,,/github/workspace/logsheets/filtered/water_sampling.csv,XSDString,False
missing value,ws,samp_collect_device,284,,,,/github/workspace/logsheets/filtered/water_sampling.csv,XSDString,False
missing value,ws,samp_collect_device,285,,,,/github/workspace/logsheets/filtered/water_sampling.csv,XSDString,False
missing value,ws,samp_collect_device,286,,,,/github/workspace/logsheets/filtered/water_sampling.csv,XSDString,False
missing value,ws,samp_collect_device,287,,,,/github/workspace/logsheets/filtered/water_sampling.csv,XSDString,False
missing value,ws,samp_collect_device,288,,,,/github/workspace/logsheets/filtered/water_sampling.csv,XSDString,False
missing value,ws,samp_collect_device,289,,,,/github/workspace/logsheets/filtered/water_sampling.csv,XSDString,False
missing value,ws,samp_collect_device,290,,,,/github/workspace/logsheets/filtered/water_sampling.csv,XSDString,False
missing value,ws,samp_collect_device,291,,,,/github/workspace/logsheets/filtered/water_sampling.csv,XSDString,False
missing value,ws,samp_collect_device,292,,,,/github/workspace/logsheets/filtered/water_sampling.csv,XSDString,False
missing value,ws,samp_collect_device,293,,,,/github/workspace/logsheets/filtered/water_sampling.csv,XSDString,False
missing value,ws,samp_collect_device,294,,,,/github/workspace/logsheets/filtered/water_sampling.csv,XSDString,False
missing value,ws,samp_collect_device,295,,,,/github/workspace/logsheets/filtered/water_sampling.csv,XSDString,False
missing value,ws,samp_collect_device,296,,,,/github/workspace/logsheets/filtered/water_sampling.csv,XSDString,False
missing value,ws,samp_collect_device,297,,,,/github/workspace/logsheets/filtered/water_sampling.csv,XSDString,False
missing value,ws,samp_collect_device,298,,,,/github/workspace/logsheets/filtered/water_sampling.csv,XSDString,False
missing value,ws,samp_collect_device,299,,,,/github/workspace/logsheets/filtered/water_sampling.csv,XSDString,False
missing value,ws,samp_collect_device,300,,,,/github/workspace/logsheets/filtered/water_sampling.csv,XSDString,False
missing value,ws,samp_collect_device,301,,,,/github/workspace/logsheets/filtered/water_sampling.csv,XSDString,False
missing value,ws,samp_collect_device,302,,,,/github/workspace/logsheets/filtered/water_sampling.csv,XSDString,False
missing value,ws,samp_collect_device,303,,,,/github/workspace/logsheets/filtered/water_sampling.csv,XSDString,False
missing value,ws,samp_collect_device,304,,,,/github/workspace/logsheets/filtered/water_sampling.csv,XSDString,False
missing value,ws,samp_collect_device,305,,,,/github/workspace/logsheets/filtered/water_sampling.csv,XSDString,False
missing value,ws,samp_collect_device,306,,,,/github/workspace/logsheets/filtered/water_sampling.csv,XSDString,False
missing value,ws,samp_collect_device,307,,,,/github/workspace/logsheets/filtered/water_sampling.csv,XSDString,False
missing value,ws,samp_collect_device,308,,,,/github/workspace/logsheets/filtered/water_sampling.csv,XSDString,False
missing value,ws,samp_collect_device,309,,,,/github/workspace/logsheets/filtered/water_sampling.csv,XSDString,False
missing value,ws,samp_collect_device,310,,,,/github/workspace/logsheets/filtered/water_sampling.csv,XSDString,False
missing value,ws,samp_collect_device,311,,,,/github/workspace/logsheets/filtered/water_sampling.csv,XSDString,False
missing value,ws,samp_collect_device,312,,,,/github/workspace/logsheets/filtered/water_sampling.csv,XSDString,False
missing value,ws,samp_collect_device,313,,,,/github/workspace/logsheets/filtered/water_sampling.csv,XSDString,False
missing value,ws,samp_collect_device,314,,,,/github/workspace/logsheets/filtered/water_sampling.csv,XSDString,False
missing value,ws,samp_collect_device,315,,,,/github/workspace/logsheets/filtered/water_sampling.csv,XSDString,False
missing value,ws,samp_collect_device,316,,,,/github/workspace/logsheets/filtered/water_sampling.csv,XSDString,False
missing value,ws,samp_collect_device,317,,,,/github/workspace/logsheets/filtered/water_sampling.csv,XSDString,False
missing value,ws,samp_collect_device,318,,,,/github/workspace/logsheets/filtered/water_sampling.csv,XSDString,False
missing value,ws,samp_collect_device,319,,,,/github/workspace/logsheets/filtered/water_sampling.csv,XSDString,False
missing value,ws,samp_collect_device,320,,,,/github/workspace/logsheets/filtered/water_sampling.csv,XSDString,False
missing value,ws,samp_collect_device,321,,,,/github/workspace/logsheets/filtered/water_sampling.csv,XSDString,False
missing value,ws,samp_collect_device,322,,,,/github/workspace/logsheets/filtered/water_sampling.csv,XSDString,False
missing value,ws,samp_collect_device,323,,,,/github/workspace/logsheets/filtered/water_sampling.csv,XSDString,False
missing value,ws,samp_collect_device,324,,,,/github/workspace/logsheets/filtered/water_sampling.csv,XSDString,False
missing value,ws,samp_collect_device,325,,,,/github/workspace/logsheets/filtered/water_sampling.csv,XSDString,False
missing value,ws,samp_collect_device,326,,,,/github/workspace/logsheets/filtered/water_sampling.csv,XSDString,False
missing value,ws,samp_collect_device,327,,,,/github/workspace/logsheets/filtered/water_sampling.csv,XSDString,False
missing value,ws,samp_collect_device,328,,,,/github/workspace/logsheets/filtered/water_sampling.csv,XSDString,False
missing value,ws,samp_collect_device,329,,,,/github/workspace/logsheets/filtered/water_sampling.csv,XSDString,False
missing value,ws,samp_collect_device,330,,,,/github/workspace/logsheets/filtered/water_sampling.csv,XSDString,False
missing value,ws,samp_collect_device,331,,,,/github/workspace/logsheets/filtered/water_sampling.csv,XSDString,False
missing value,ws,samp_collect_device,332,,,,/github/workspace/logsheets/filtered/water_sampling.csv,XSDString,False
missing value,ws,samp_collect_device,333,,,,/github/workspace/logsheets/filtered/water_sampling.csv,XSDString,False
missing value,ws,samp_collect_device,334,,,,/github/workspace/logsheets/filtered/water_sampling.csv,XSDString,False
missing value,ws,samp_collect_device,335,,,,/github/workspace/logsheets/filtered/water_sampling.csv,XSDString,False
missing value,ws,samp_collect_device,336,,,,/github/workspace/logsheets/filtered/water_sampling.csv,XSDString,False
missing value,ws,samp_collect_device,337,,,,/github/workspace/logsheets/filtered/water_sampling.csv,XSDString,False
missing value,ws,samp_collect_device,338,,,,/github/workspace/logsheets/filtered/water_sampling.csv,XSDString,False
missing value,ws,samp_collect_device,339,,,,/github/workspace/logsheets/filtered/water_sampling.csv,XSDString,False
missing value,ws,samp_collect_device,340,,,,/github/workspace/logsheets/filtered/water_sampling.csv,XSDString,False
missing value,ws,samp_collect_device,341,,,,/github/workspace/logsheets/filtered/water_sampling.csv,XSDString,False
missing value,ws,samp_collect_device,342,,,,/github/workspace/logsheets/filtered/water_sampling.csv,XSDString,False
missing value,ws,samp_collect_device,343,,,,/github/workspace/logsheets/filtered/water_sampling.csv,XSDString,False
missing value,ws,samp_collect_device,344,,,,/github/workspace/logsheets/filtered/water_sampling.csv,XSDString,False
missing value,ws,samp_collect_device,345,,,,/github/workspace/logsheets/filtered/water_sampling.csv,XSDString,False
missing value,ws,samp_collect_device,346,,,,/github/workspace/logsheets/filtered/water_sampling.csv,XSDString,False
missing value,ws,samp_collect_device,347,,,,/github/workspace/logsheets/filtered/water_sampling.csv,XSDString,False
missing value,ws,samp_description,251,,,,/github/workspace/logsheets/filtered/water_sampling.csv,XSDString,False
missing value,ws,samp_description,252,,,,/github/workspace/logsheets/filtered/water_sampling.csv,XSDString,False
missing value,ws,samp_description,253,,,,/github/workspace/logsheets/filtered/water_sampling.csv,XSDString,False
missing value,ws,samp_description,254,,,,/github/workspace/logsheets/filtered/water_sampling.csv,XSDString,False
missing value,ws,samp_description,255,,,,/github/workspace/logsheets/filtered/water_sampling.csv,XSDString,False
missing value,ws,samp_description,256,,,,/github/workspace/logsheets/filtered/water_sampling.csv,XSDString,False
missing value,ws,samp_description,257,,,,/github/workspace/logsheets/filtered/water_sampling.csv,XSDString,False
missing value,ws,samp_description,258,,,,/github/workspace/logsheets/filtered/water_sampling.csv,XSDString,False
missing value,ws,samp_description,259,,,,/github/workspace/logsheets/filtered/water_sampling.csv,XSDString,False
missing value,ws,samp_description,260,,,,/github/workspace/logsheets/filtered/water_sampling.csv,XSDString,False
missing value,ws,samp_description,261,,,,/github/workspace/logsheets/filtered/water_sampling.csv,XSDString,False
missing value,ws,samp_description,262,,,,/github/workspace/logsheets/filtered/water_sampling.csv,XSDString,False
missing value,ws,samp_description,263,,,,/github/workspace/logsheets/filtered/water_sampling.csv,XSDString,False
missing value,ws,samp_description,264,,,,/github/workspace/logsheets/filtered/water_sampling.csv,XSDString,False
missing value,ws,samp_description,265,,,,/github/workspace/logsheets/filtered/water_sampling.csv,XSDString,False
missing value,ws,samp_description,266,,,,/github/workspace/logsheets/filtered/water_sampling.csv,XSDString,False
missing value,ws,samp_description,267,,,,/github/workspace/logsheets/filtered/water_sampling.csv,XSDString,False
missing value,ws,samp_description,268,,,,/github/workspace/logsheets/filtered/water_sampling.csv,XSDString,False
missing value,ws,samp_description,269,,,,/github/workspace/logsheets/filtered/water_sampling.csv,XSDString,False
missing value,ws,samp_description,270,,,,/github/workspace/logsheets/filtered/water_sampling.csv,XSDString,False
missing value,ws,samp_description,271,,,,/github/workspace/logsheets/filtered/water_sampling.csv,XSDString,False
missing value,ws,samp_description,272,,,,/github/workspace/logsheets/filtered/water_sampling.csv,XSDString,False
missing value,ws,samp_description,273,,,,/github/workspace/logsheets/filtered/water_sampling.csv,XSDString,False
missing value,ws,samp_description,274,,,,/github/workspace/logsheets/filtered/water_sampling.csv,XSDString,False
missing value,ws,samp_description,275,,,,/github/workspace/logsheets/filtered/water_sampling.csv,XSDString,False
missing value,ws,samp_description,276,,,,/github/workspace/logsheets/filtered/water_sampling.csv,XSDString,False
missing value,ws,samp_description,277,,,,/github/workspace/logsheets/filtered/water_sampling.csv,XSDString,False
missing value,ws,samp_description,278,,,,/github/workspace/logsheets/filtered/water_sampling.csv,XSDString,False
missing value,ws,samp_description,279,,,,/github/workspace/logsheets/filtered/water_sampling.csv,XSDString,False
missing value,ws,samp_description,280,,,,/github/workspace/logsheets/filtered/water_sampling.csv,XSDString,False
missing value,ws,samp_description,281,,,,/github/workspace/logsheets/filtered/water_sampling.csv,XSDString,False
missing value,ws,samp_description,282,,,,/github/workspace/logsheets/filtered/water_sampling.csv,XSDString,False
missing value,ws,samp_description,283,,,,/github/workspace/logsheets/filtered/water_sampling.csv,XSDString,False
missing value,ws,samp_description,284,,,,/github/workspace/logsheets/filtered/water_sampling.csv,XSDString,False
missing value,ws,samp_description,285,,,,/github/workspace/logsheets/filtered/water_sampling.csv,XSDString,False
missing value,ws,samp_description,286,,,,/github/workspace/logsheets/filtered/water_sampling.csv,XSDString,False
missing value,ws,samp_description,287,,,,/github/workspace/logsheets/filtered/water_sampling.csv,XSDString,False
missing value,ws,samp_description,288,,,,/github/workspace/logsheets/filtered/water_sampling.csv,XSDString,False
missing value,ws,samp_description,289,,,,/github/workspace/logsheets/filtered/water_sampling.csv,XSDString,False
missing value,ws,samp_description,290,,,,/github/workspace/logsheets/filtered/water_sampling.csv,XSDString,False
missing value,ws,samp_description,291,,,,/github/workspace/logsheets/filtered/water_sampling.csv,XSDString,False
missing value,ws,samp_description,292,,,,/github/workspace/logsheets/filtered/water_sampling.csv,XSDString,False
missing value,ws,samp_description,293,,,,/github/workspace/logsheets/filtered/water_sampling.csv,XSDString,False
missing value,ws,samp_description,294,,,,/github/workspace/logsheets/filtered/water_sampling.csv,XSDString,False
missing value,ws,samp_description,295,,,,/github/workspace/logsheets/filtered/water_sampling.csv,XSDString,False
missing value,ws,samp_description,296,,,,/github/workspace/logsheets/filtered/water_sampling.csv,XSDString,False
missing value,ws,samp_description,297,,,,/github/workspace/logsheets/filtered/water_sampling.csv,XSDString,False
missing value,ws,samp_description,298,,,,/github/workspace/logsheets/filtered/water_sampling.csv,XSDString,False
missing value,ws,samp_description,299,,,,/github/workspace/logsheets/filtered/water_sampling.csv,XSDString,False
missing value,ws,samp_description,300,,,,/github/workspace/logsheets/filtered/water_sampling.csv,XSDString,False
missing value,ws,samp_description,301,,,,/github/workspace/logsheets/filtered/water_sampling.csv,XSDString,False
missing value,ws,samp_description,302,,,,/github/workspace/logsheets/filtered/water_sampling.csv,XSDString,False
missing value,ws,samp_description,303,,,,/github/workspace/logsheets/filtered/water_sampling.csv,XSDString,False
missing value,ws,samp_description,304,,,,/github/workspace/logsheets/filtered/water_sampling.csv,XSDString,False
missing value,ws,samp_description,305,,,,/github/workspace/logsheets/filtered/water_sampling.csv,XSDString,False
missing value,ws,samp_description,306,,,,/github/workspace/logsheets/filtered/water_sampling.csv,XSDString,False
missing value,ws,samp_description,307,,,,/github/workspace/logsheets/filtered/water_sampling.csv,XSDString,False
missing value,ws,samp_description,308,,,,/github/workspace/logsheets/filtered/water_sampling.csv,XSDString,False
missing value,ws,samp_description,309,,,,/github/workspace/logsheets/filtered/water_sampling.csv,XSDString,False
missing value,ws,samp_description,310,,,,/github/workspace/logsheets/filtered/water_sampling.csv,XSDString,False
missing value,ws,samp_description,311,,,,/github/workspace/logsheets/filtered/water_sampling.csv,XSDString,False
missing value,ws,samp_description,312,,,,/github/workspace/logsheets/filtered/water_sampling.csv,XSDString,False
missing value,ws,samp_description,313,,,,/github/workspace/logsheets/filtered/water_sampling.csv,XSDString,False
missing value,ws,samp_description,314,,,,/github/workspace/logsheets/filtered/water_sampling.csv,XSDString,False
missing value,ws,samp_description,315,,,,/github/workspace/logsheets/filtered/water_sampling.csv,XSDString,False
missing value,ws,samp_description,316,,,,/github/workspace/logsheets/filtered/water_sampling.csv,XSDString,False
missing value,ws,samp_description,317,,,,/github/workspace/logsheets/filtered/water_sampling.csv,XSDString,False
missing value,ws,samp_description,318,,,,/github/workspace/logsheets/filtered/water_sampling.csv,XSDString,False
missing value,ws,samp_description,319,,,,/github/workspace/logsheets/filtered/water_sampling.csv,XSDString,False
missing value,ws,samp_description,320,,,,/github/workspace/logsheets/filtered/water_sampling.csv,XSDString,False
missing value,ws,samp_description,321,,,,/github/workspace/logsheets/filtered/water_sampling.csv,XSDString,False
missing value,ws,samp_description,322,,,,/github/workspace/logsheets/filtered/water_sampling.csv,XSDString,False
missing value,ws,samp_description,323,,,,/github/workspace/logsheets/filtered/water_sampling.csv,XSDString,False
missing value,ws,samp_description,324,,,,/github/workspace/logsheets/filtered/water_sampling.csv,XSDString,False
missing value,ws,samp_description,325,,,,/github/workspace/logsheets/filtered/water_sampling.csv,XSDString,False
missing value,ws,samp_description,326,,,,/github/workspace/logsheets/filtered/water_sampling.csv,XSDString,False
missing value,ws,samp_description,327,,,,/github/workspace/logsheets/filtered/water_sampling.csv,XSDString,False
missing value,ws,samp_description,328,,,,/github/workspace/logsheets/filtered/water_sampling.csv,XSDString,False
missing value,ws,samp_description,329,,,,/github/workspace/logsheets/filtered/water_sampling.csv,XSDString,False
missing value,ws,samp_description,330,,,,/github/workspace/logsheets/filtered/water_sampling.csv,XSDString,False
missing value,ws,samp_description,331,,,,/github/workspace/logsheets/filtered/water_sampling.csv,XSDString,False
missing value,ws,samp_description,332,,,,/github/workspace/logsheets/filtered/water_sampling.csv,XSDString,False
missing value,ws,samp_description,333,,,,/github/workspace/logsheets/filtered/water_sampling.csv,XSDString,False
missing value,ws,samp_description,334,,,,/github/workspace/logsheets/filtered/water_sampling.csv,XSDString,False
missing value,ws,samp_description,335,,,,/github/workspace/logsheets/filtered/water_sampling.csv,XSDString,False
missing value,ws,samp_description,336,,,,/github/workspace/logsheets/filtered/water_sampling.csv,XSDString,False
missing value,ws,samp_description,337,,,,/github/workspace/logsheets/filtered/water_sampling.csv,XSDString,False
missing value,ws,samp_description,338,,,,/github/workspace/logsheets/filtered/water_sampling.csv,XSDString,False
missing value,ws,samp_description,339,,,,/github/workspace/logsheets/filtered/water_sampling.csv,XSDString,False
missing value,ws,samp_description,340,,,,/github/workspace/logsheets/filtered/water_sampling.csv,XSDString,False
missing value,ws,samp_description,341,,,,/github/workspace/logsheets/filtered/water_sampling.csv,XSDString,False
missing value,ws,samp_description,342,,,,/github/workspace/logsheets/filtered/water_sampling.csv,XSDString,False
missing value,ws,samp_description,343,,,,/github/workspace/logsheets/filtered/water_sampling.csv,XSDString,False
missing value,ws,samp_description,344,,,,/github/workspace/logsheets/filtered/water_sampling.csv,XSDString,False
missing value,ws,samp_description,345,,,,/github/workspace/logsheets/filtered/water_sampling.csv,XSDString,False
missing value,ws,samp_description,346,,,,/github/workspace/logsheets/filtered/water_sampling.csv,XSDString,False
missing value,ws,samp_description,347,,,,/github/workspace/logsheets/filtered/water_sampling.csv,XSDString,False
missing value,ws,samp_mat_process,251,,,,/github/workspace/logsheets/filtered/water_sampling.csv,XSDString,False
missing value,ws,samp_mat_process,252,,,,/github/workspace/logsheets/filtered/water_sampling.csv,XSDString,False
missing value,ws,samp_mat_process,253,,,,/github/workspace/logsheets/filtered/water_sampling.csv,XSDString,False
missing value,ws,samp_mat_process,254,,,,/github/workspace/logsheets/filtered/water_sampling.csv,XSDString,False
missing value,ws,samp_mat_process,255,,,,/github/workspace/logsheets/filtered/water_sampling.csv,XSDString,False
missing value,ws,samp_mat_process,256,,,,/github/workspace/logsheets/filtered/water_sampling.csv,XSDString,False
missing value,ws,samp_mat_process,257,,,,/github/workspace/logsheets/filtered/water_sampling.csv,XSDString,False
missing value,ws,samp_mat_process,258,,,,/github/workspace/logsheets/filtered/water_sampling.csv,XSDString,False
missing value,ws,samp_mat_process,259,,,,/github/workspace/logsheets/filtered/water_sampling.csv,XSDString,False
missing value,ws,samp_mat_process,260,,,,/github/workspace/logsheets/filtered/water_sampling.csv,XSDString,False
missing value,ws,samp_mat_process,261,,,,/github/workspace/logsheets/filtered/water_sampling.csv,XSDString,False
missing value,ws,samp_mat_process,262,,,,/github/workspace/logsheets/filtered/water_sampling.csv,XSDString,False
missing value,ws,samp_mat_process,263,,,,/github/workspace/logsheets/filtered/water_sampling.csv,XSDString,False
missing value,ws,samp_mat_process,264,,,,/github/workspace/logsheets/filtered/water_sampling.csv,XSDString,False
missing value,ws,samp_mat_process,265,,,,/github/workspace/logsheets/filtered/water_sampling.csv,XSDString,False
missing value,ws,samp_mat_process,266,,,,/github/workspace/logsheets/filtered/water_sampling.csv,XSDString,False
missing value,ws,samp_mat_process,267,,,,/github/workspace/logsheets/filtered/water_sampling.csv,XSDString,False
missing value,ws,samp_mat_process,268,,,,/github/workspace/logsheets/filtered/water_sampling.csv,XSDString,False
missing value,ws,samp_mat_process,269,,,,/github/workspace/logsheets/filtered/water_sampling.csv,XSDString,False
missing value,ws,samp_mat_process,270,,,,/github/workspace/logsheets/filtered/water_sampling.csv,XSDString,False
missing value,ws,samp_mat_process,271,,,,/github/workspace/logsheets/filtered/water_sampling.csv,XSDString,False
missing value,ws,samp_mat_process,272,,,,/github/workspace/logsheets/filtered/water_sampling.csv,XSDString,False
missing value,ws,samp_mat_process,273,,,,/github/workspace/logsheets/filtered/water_sampling.csv,XSDString,False
missing value,ws,samp_mat_process,274,,,,/github/workspace/logsheets/filtered/water_sampling.csv,XSDString,False
missing value,ws,samp_mat_process,275,,,,/github/workspace/logsheets/filtered/water_sampling.csv,XSDString,False
missing value,ws,samp_mat_process,276,,,,/github/workspace/logsheets/filtered/water_sampling.csv,XSDString,False
missing value,ws,samp_mat_process,277,,,,/github/workspace/logsheets/filtered/water_sampling.csv,XSDString,False
missing value,ws,samp_mat_process,278,,,,/github/workspace/logsheets/filtered/water_sampling.csv,XSDString,False
missing value,ws,samp_mat_process,279,,,,/github/workspace/logsheets/filtered/water_sampling.csv,XSDString,False
missing value,ws,samp_mat_process,280,,,,/github/workspace/logsheets/filtered/water_sampling.csv,XSDString,False
missing value,ws,samp_mat_process,281,,,,/github/workspace/logsheets/filtered/water_sampling.csv,XSDString,False
missing value,ws,samp_mat_process,282,,,,/github/workspace/logsheets/filtered/water_sampling.csv,XSDString,False
missing value,ws,samp_mat_process,283,,,,/github/workspace/logsheets/filtered/water_sampling.csv,XSDString,False
missing value,ws,samp_mat_process,284,,,,/github/workspace/logsheets/filtered/water_sampling.csv,XSDString,False
missing value,ws,samp_mat_process,285,,,,/github/workspace/logsheets/filtered/water_sampling.csv,XSDString,False
missing value,ws,samp_mat_process,286,,,,/github/workspace/logsheets/filtered/water_sampling.csv,XSDString,False
missing value,ws,samp_mat_process,287,,,,/github/workspace/logsheets/filtered/water_sampling.csv,XSDString,False
missing value,ws,samp_mat_process,288,,,,/github/workspace/logsheets/filtered/water_sampling.csv,XSDString,False
missing value,ws,samp_mat_process,289,,,,/github/workspace/logsheets/filtered/water_sampling.csv,XSDString,False
missing value,ws,samp_mat_process,290,,,,/github/workspace/logsheets/filtered/water_sampling.csv,XSDString,False
missing value,ws,samp_mat_process,291,,,,/github/workspace/logsheets/filtered/water_sampling.csv,XSDString,False
missing value,ws,samp_mat_process,292,,,,/github/workspace/logsheets/filtered/water_sampling.csv,XSDString,False
missing value,ws,samp_mat_process,293,,,,/github/workspace/logsheets/filtered/water_sampling.csv,XSDString,False
missing value,ws,samp_mat_process,294,,,,/github/workspace/logsheets/filtered/water_sampling.csv,XSDString,False
missing value,ws,samp_mat_process,295,,,,/github/workspace/logsheets/filtered/water_sampling.csv,XSDString,False
missing value,ws,samp_mat_process,296,,,,/github/workspace/logsheets/filtered/water_sampling.csv,XSDString,False
missing value,ws,samp_mat_process,297,,,,/github/workspace/logsheets/filtered/water_sampling.csv,XSDString,False
missing value,ws,samp_mat_process,298,,,,/github/workspace/logsheets/filtered/water_sampling.csv,XSDString,False
missing value,ws,samp_mat_process,299,,,,/github/workspace/logsheets/filtered/water_sampling.csv,XSDString,False
missing value,ws,samp_mat_process,300,,,,/github/workspace/logsheets/filtered/water_sampling.csv,XSDString,False
missing value,ws,samp_mat_process,301,,,,/github/workspace/logsheets/filtered/water_sampling.csv,XSDString,False
missing value,ws,samp_mat_process,302,,,,/github/workspace/logsheets/filtered/water_sampling.csv,XSDString,False
missing value,ws,samp_mat_process,303,,,,/github/workspace/logsheets/filtered/water_sampling.csv,XSDString,False
missing value,ws,samp_mat_process,304,,,,/github/workspace/logsheets/filtered/water_sampling.csv,XSDString,False
missing value,ws,samp_mat_process,305,,,,/github/workspace/logsheets/filtered/water_sampling.csv,XSDString,False
missing value,ws,samp_mat_process,306,,,,/github/workspace/logsheets/filtered/water_sampling.csv,XSDString,False
missing value,ws,samp_mat_process,307,,,,/github/workspace/logsheets/filtered/water_sampling.csv,XSDString,False
missing value,ws,samp_mat_process,308,,,,/github/workspace/logsheets/filtered/water_sampling.csv,XSDString,False
missing value,ws,samp_mat_process,309,,,,/github/workspace/logsheets/filtered/water_sampling.csv,XSDString,False
missing value,ws,samp_mat_process,310,,,,/github/workspace/logsheets/filtered/water_sampling.csv,XSDString,False
missing value,ws,samp_mat_process,311,,,,/github/workspace/logsheets/filtered/water_sampling.csv,XSDString,False
missing value,ws,samp_mat_process,312,,,,/github/workspace/logsheets/filtered/water_sampling.csv,XSDString,False
missing value,ws,samp_mat_process,313,,,,/github/workspace/logsheets/filtered/water_sampling.csv,XSDString,False
missing value,ws,samp_mat_process,314,,,,/github/workspace/logsheets/filtered/water_sampling.csv,XSDString,False
missing value,ws,samp_mat_process,315,,,,/github/workspace/logsheets/filtered/water_sampling.csv,XSDString,False
missing value,ws,samp_mat_process,316,,,,/github/workspace/logsheets/filtered/water_sampling.csv,XSDString,False
missing value,ws,samp_mat_process,317,,,,/github/workspace/logsheets/filtered/water_sampling.csv,XSDString,False
missing value,ws,samp_mat_process,318,,,,/github/workspace/logsheets/filtered/water_sampling.csv,XSDString,False
missing value,ws,samp_mat_process,319,,,,/github/workspace/logsheets/filtered/water_sampling.csv,XSDString,False
missing value,ws,samp_mat_process,320,,,,/github/workspace/logsheets/filtered/water_sampling.csv,XSDString,False
missing value,ws,samp_mat_process,321,,,,/github/workspace/logsheets/filtered/water_sampling.csv,XSDString,False
missing value,ws,samp_mat_process,322,,,,/github/workspace/logsheets/filtered/water_sampling.csv,XSDString,False
missing value,ws,samp_mat_process,323,,,,/github/workspace/logsheets/filtered/water_sampling.csv,XSDString,False
missing value,ws,samp_mat_process,324,,,,/github/workspace/logsheets/filtered/water_sampling.csv,XSDString,False
missing value,ws,samp_mat_process,325,,,,/github/workspace/logsheets/filtered/water_sampling.csv,XSDString,False
missing value,ws,samp_mat_process,326,,,,/github/workspace/logsheets/filtered/water_sampling.csv,XSDString,False
missing value,ws,samp_mat_process,327,,,,/github/workspace/logsheets/filtered/water_sampling.csv,XSDString,False
missing value,ws,samp_mat_process,328,,,,/github/workspace/logsheets/filtered/water_sampling.csv,XSDString,False
missing value,ws,samp_mat_process,329,,,,/github/workspace/logsheets/filtered/water_sampling.csv,XSDString,False
missing value,ws,samp_mat_process,330,,,,/github/workspace/logsheets/filtered/water_sampling.csv,XSDString,False
missing value,ws,samp_mat_process,331,,,,/github/workspace/logsheets/filtered/water_sampling.csv,XSDString,False
missing value,ws,samp_mat_process,332,,,,/github/workspace/logsheets/filtered/water_sampling.csv,XSDString,False
missing value,ws,samp_mat_process,333,,,,/github/workspace/logsheets/filtered/water_sampling.csv,XSDString,False
missing value,ws,samp_mat_process,334,,,,/github/workspace/logsheets/filtered/water_sampling.csv,XSDString,False
missing value,ws,samp_mat_process,335,,,,/github/workspace/logsheets/filtered/water_sampling.csv,XSDString,False
missing value,ws,samp_mat_process,336,,,,/github/workspace/logsheets/filtered/water_sampling.csv,XSDString,False
missing value,ws,samp_mat_process,337,,,,/github/workspace/logsheets/filtered/water_sampling.csv,XSDString,False
missing value,ws,samp_mat_process,338,,,,/github/workspace/logsheets/filtered/water_sampling.csv,XSDString,False
missing value,ws,samp_mat_process,339,,,,/github/workspace/logsheets/filtered/water_sampling.csv,XSDString,False
missing value,ws,samp_mat_process,340,,,,/github/workspace/logsheets/filtered/water_sampling.csv,XSDString,False
missing value,ws,samp_mat_process,341,,,,/github/workspace/logsheets/filtered/water_sampling.csv,XSDString,False
missing value,ws,samp_mat_process,342,,,,/github/workspace/logsheets/filtered/water_sampling.csv,XSDString,False
missing value,ws,samp_mat_process,343,,,,/github/workspace/logsheets/filtered/water_sampling.csv,XSDString,False
missing value,ws,samp_mat_process,344,,,,/github/workspace/logsheets/filtered/water_sampling.csv,XSDString,False
missing value,ws,samp_mat_process,345,,,,/github/workspace/logsheets/filtered/water_sampling.csv,XSDString,False
missing value,ws,samp_mat_process,346,,,,/github/workspace/logsheets/filtered/water_sampling.csv,XSDString,False
missing value,ws,samp_mat_process,347,,,,/github/workspace/logsheets/filtered/water_sampling.csv,XSDString,False
missing value,ws,samp_mat_process_dev,251,,,,/github/workspace/logsheets/filtered/water_sampling.csv,XSDString,False
missing value,ws,samp_mat_process_dev,252,,,,/github/workspace/logsheets/filtered/water_sampling.csv,XSDString,False
missing value,ws,samp_mat_process_dev,253,,,,/github/workspace/logsheets/filtered/water_sampling.csv,XSDString,False
missing value,ws,samp_mat_process_dev,254,,,,/github/workspace/logsheets/filtered/water_sampling.csv,XSDString,False
missing value,ws,samp_mat_process_dev,255,,,,/github/workspace/logsheets/filtered/water_sampling.csv,XSDString,False
missing value,ws,samp_mat_process_dev,256,,,,/github/workspace/logsheets/filtered/water_sampling.csv,XSDString,False
missing value,ws,samp_mat_process_dev,257,,,,/github/workspace/logsheets/filtered/water_sampling.csv,XSDString,False
missing value,ws,samp_mat_process_dev,258,,,,/github/workspace/logsheets/filtered/water_sampling.csv,XSDString,False
missing value,ws,samp_mat_process_dev,259,,,,/github/workspace/logsheets/filtered/water_sampling.csv,XSDString,False
missing value,ws,samp_mat_process_dev,260,,,,/github/workspace/logsheets/filtered/water_sampling.csv,XSDString,False
missing value,ws,samp_mat_process_dev,261,,,,/github/workspace/logsheets/filtered/water_sampling.csv,XSDString,False
missing value,ws,samp_mat_process_dev,262,,,,/github/workspace/logsheets/filtered/water_sampling.csv,XSDString,False
missing value,ws,samp_mat_process_dev,263,,,,/github/workspace/logsheets/filtered/water_sampling.csv,XSDString,False
missing value,ws,samp_mat_process_dev,264,,,,/github/workspace/logsheets/filtered/water_sampling.csv,XSDString,False
missing value,ws,samp_mat_process_dev,265,,,,/github/workspace/logsheets/filtered/water_sampling.csv,XSDString,False
missing value,ws,samp_mat_process_dev,266,,,,/github/workspace/logsheets/filtered/water_sampling.csv,XSDString,False
missing value,ws,samp_mat_process_dev,267,,,,/github/workspace/logsheets/filtered/water_sampling.csv,XSDString,False
missing value,ws,samp_mat_process_dev,268,,,,/github/workspace/logsheets/filtered/water_sampling.csv,XSDString,False
missing value,ws,samp_mat_process_dev,269,,,,/github/workspace/logsheets/filtered/water_sampling.csv,XSDString,False
missing value,ws,samp_mat_process_dev,270,,,,/github/workspace/logsheets/filtered/water_sampling.csv,XSDString,False
missing value,ws,samp_mat_process_dev,271,,,,/github/workspace/logsheets/filtered/water_sampling.csv,XSDString,False
missing value,ws,samp_mat_process_dev,272,,,,/github/workspace/logsheets/filtered/water_sampling.csv,XSDString,False
missing value,ws,samp_mat_process_dev,273,,,,/github/workspace/logsheets/filtered/water_sampling.csv,XSDString,False
missing value,ws,samp_mat_process_dev,274,,,,/github/workspace/logsheets/filtered/water_sampling.csv,XSDString,False
missing value,ws,samp_mat_process_dev,275,,,,/github/workspace/logsheets/filtered/water_sampling.csv,XSDString,False
missing value,ws,samp_mat_process_dev,276,,,,/github/workspace/logsheets/filtered/water_sampling.csv,XSDString,False
missing value,ws,samp_mat_process_dev,277,,,,/github/workspace/logsheets/filtered/water_sampling.csv,XSDString,False
missing value,ws,samp_mat_process_dev,278,,,,/github/workspace/logsheets/filtered/water_sampling.csv,XSDString,False
missing value,ws,samp_mat_process_dev,279,,,,/github/workspace/logsheets/filtered/water_sampling.csv,XSDString,False
missing value,ws,samp_mat_process_dev,280,,,,/github/workspace/logsheets/filtered/water_sampling.csv,XSDString,False
missing value,ws,samp_mat_process_dev,281,,,,/github/workspace/logsheets/filtered/water_sampling.csv,XSDString,False
missing value,ws,samp_mat_process_dev,282,,,,/github/workspace/logsheets/filtered/water_sampling.csv,XSDString,False
missing value,ws,samp_mat_process_dev,283,,,,/github/workspace/logsheets/filtered/water_sampling.csv,XSDString,False
missing value,ws,samp_mat_process_dev,284,,,,/github/workspace/logsheets/filtered/water_sampling.csv,XSDString,False
missing value,ws,samp_mat_process_dev,285,,,,/github/workspace/logsheets/filtered/water_sampling.csv,XSDString,False
missing value,ws,samp_mat_process_dev,286,,,,/github/workspace/logsheets/filtered/water_sampling.csv,XSDString,False
missing value,ws,samp_mat_process_dev,287,,,,/github/workspace/logsheets/filtered/water_sampling.csv,XSDString,False
missing value,ws,samp_mat_process_dev,288,,,,/github/workspace/logsheets/filtered/water_sampling.csv,XSDString,False
missing value,ws,samp_mat_process_dev,289,,,,/github/workspace/logsheets/filtered/water_sampling.csv,XSDString,False
missing value,ws,samp_mat_process_dev,290,,,,/github/workspace/logsheets/filtered/water_sampling.csv,XSDString,False
missing value,ws,samp_mat_process_dev,291,,,,/github/workspace/logsheets/filtered/water_sampling.csv,XSDString,False
missing value,ws,samp_mat_process_dev,292,,,,/github/workspace/logsheets/filtered/water_sampling.csv,XSDString,False
missing value,ws,samp_mat_process_dev,293,,,,/github/workspace/logsheets/filtered/water_sampling.csv,XSDString,False
missing value,ws,samp_mat_process_dev,294,,,,/github/workspace/logsheets/filtered/water_sampling.csv,XSDString,False
missing value,ws,samp_mat_process_dev,295,,,,/github/workspace/logsheets/filtered/water_sampling.csv,XSDString,False
missing value,ws,samp_mat_process_dev,296,,,,/github/workspace/logsheets/filtered/water_sampling.csv,XSDString,False
missing value,ws,samp_mat_process_dev,297,,,,/github/workspace/logsheets/filtered/water_sampling.csv,XSDString,False
missing value,ws,samp_mat_process_dev,298,,,,/github/workspace/logsheets/filtered/water_sampling.csv,XSDString,False
missing value,ws,samp_mat_process_dev,299,,,,/github/workspace/logsheets/filtered/water_sampling.csv,XSDString,False
missing value,ws,samp_mat_process_dev,300,,,,/github/workspace/logsheets/filtered/water_sampling.csv,XSDString,False
missing value,ws,samp_mat_process_dev,301,,,,/github/workspace/logsheets/filtered/water_sampling.csv,XSDString,False
missing value,ws,samp_mat_process_dev,302,,,,/github/workspace/logsheets/filtered/water_sampling.csv,XSDString,False
missing value,ws,samp_mat_process_dev,303,,,,/github/workspace/logsheets/filtered/water_sampling.csv,XSDString,False
missing value,ws,samp_mat_process_dev,304,,,,/github/workspace/logsheets/filtered/water_sampling.csv,XSDString,False
missing value,ws,samp_mat_process_dev,305,,,,/github/workspace/logsheets/filtered/water_sampling.csv,XSDString,False
missing value,ws,samp_mat_process_dev,306,,,,/github/workspace/logsheets/filtered/water_sampling.csv,XSDString,False
missing value,ws,samp_mat_process_dev,307,,,,/github/workspace/logsheets/filtered/water_sampling.csv,XSDString,False
missing value,ws,samp_mat_process_dev,308,,,,/github/workspace/logsheets/filtered/water_sampling.csv,XSDString,False
missing value,ws,samp_mat_process_dev,309,,,,/github/workspace/logsheets/filtered/water_sampling.csv,XSDString,False
missing value,ws,samp_mat_process_dev,310,,,,/github/workspace/logsheets/filtered/water_sampling.csv,XSDString,False
missing value,ws,samp_mat_process_dev,311,,,,/github/workspace/logsheets/filtered/water_sampling.csv,XSDString,False
missing value,ws,samp_mat_process_dev,312,,,,/github/workspace/logsheets/filtered/water_sampling.csv,XSDString,False
missing value,ws,samp_mat_process_dev,313,,,,/github/workspace/logsheets/filtered/water_sampling.csv,XSDString,False
missing value,ws,samp_mat_process_dev,314,,,,/github/workspace/logsheets/filtered/water_sampling.csv,XSDString,False
missing value,ws,samp_mat_process_dev,315,,,,/github/workspace/logsheets/filtered/water_sampling.csv,XSDString,False
missing value,ws,samp_mat_process_dev,316,,,,/github/workspace/logsheets/filtered/water_sampling.csv,XSDString,False
missing value,ws,samp_mat_process_dev,317,,,,/github/workspace/logsheets/filtered/water_sampling.csv,XSDString,False
missing value,ws,samp_mat_process_dev,318,,,,/github/workspace/logsheets/filtered/water_sampling.csv,XSDString,False
missing value,ws,samp_mat_process_dev,319,,,,/github/workspace/logsheets/filtered/water_sampling.csv,XSDString,False
missing value,ws,samp_mat_process_dev,320,,,,/github/workspace/logsheets/filtered/water_sampling.csv,XSDString,False
missing value,ws,samp_mat_process_dev,321,,,,/github/workspace/logsheets/filtered/water_sampling.csv,XSDString,False
missing value,ws,samp_mat_process_dev,322,,,,/github/workspace/logsheets/filtered/water_sampling.csv,XSDString,False
missing value,ws,samp_mat_process_dev,323,,,,/github/workspace/logsheets/filtered/water_sampling.csv,XSDString,False
missing value,ws,samp_mat_process_dev,324,,,,/github/workspace/logsheets/filtered/water_sampling.csv,XSDString,False
missing value,ws,samp_mat_process_dev,325,,,,/github/workspace/logsheets/filtered/water_sampling.csv,XSDString,False
missing value,ws,samp_mat_process_dev,326,,,,/github/workspace/logsheets/filtered/water_sampling.csv,XSDString,False
missing value,ws,samp_mat_process_dev,327,,,,/github/workspace/logsheets/filtered/water_sampling.csv,XSDString,False
missing value,ws,samp_mat_process_dev,328,,,,/github/workspace/logsheets/filtered/water_sampling.csv,XSDString,False
missing value,ws,samp_mat_process_dev,329,,,,/github/workspace/logsheets/filtered/water_sampling.csv,XSDString,False
missing value,ws,samp_mat_process_dev,330,,,,/github/workspace/logsheets/filtered/water_sampling.csv,XSDString,False
missing value,ws,samp_mat_process_dev,331,,,,/github/workspace/logsheets/filtered/water_sampling.csv,XSDString,False
missing value,ws,samp_mat_process_dev,332,,,,/github/workspace/logsheets/filtered/water_sampling.csv,XSDString,False
missing value,ws,samp_mat_process_dev,333,,,,/github/workspace/logsheets/filtered/water_sampling.csv,XSDString,False
missing value,ws,samp_mat_process_dev,334,,,,/github/workspace/logsheets/filtered/water_sampling.csv,XSDString,False
missing value,ws,samp_mat_process_dev,335,,,,/github/workspace/logsheets/filtered/water_sampling.csv,XSDString,False
missing value,ws,samp_mat_process_dev,336,,,,/github/workspace/logsheets/filtered/water_sampling.csv,XSDString,False
missing value,ws,samp_mat_process_dev,337,,,,/github/workspace/logsheets/filtered/water_sampling.csv,XSDString,False
missing value,ws,samp_mat_process_dev,338,,,,/github/workspace/logsheets/filtered/water_sampling.csv,XSDString,False
missing value,ws,samp_mat_process_dev,339,,,,/github/workspace/logsheets/filtered/water_sampling.csv,XSDString,False
missing value,ws,samp_mat_process_dev,340,,,,/github/workspace/logsheets/filtered/water_sampling.csv,XSDString,False
missing value,ws,samp_mat_process_dev,341,,,,/github/workspace/logsheets/filtered/water_sampling.csv,XSDString,False
missing value,ws,samp_mat_process_dev,342,,,,/github/workspace/logsheets/filtered/water_sampling.csv,XSDString,False
missing value,ws,samp_mat_process_dev,343,,,,/github/workspace/logsheets/filtered/water_sampling.csv,XSDString,False
missing value,ws,samp_mat_process_dev,344,,,,/github/workspace/logsheets/filtered/water_sampling.csv,XSDString,False
missing value,ws,samp_mat_process_dev,345,,,,/github/workspace/logsheets/filtered/water_sampling.csv,XSDString,False
missing value,ws,samp_mat_process_dev,346,,,,/github/workspace/logsheets/filtered/water_sampling.csv,XSDString,False
missing value,ws,samp_mat_process_dev,347,,,,/github/workspace/logsheets/filtered/water_sampling.csv,XSDString,False
missing value,ws,samp_store_loc,251,,,,/github/workspace/logsheets/filtered/water_sampling.csv,XSDString,False
missing value,ws,samp_store_loc,252,,,,/github/workspace/logsheets/filtered/water_sampling.csv,XSDString,False
missing value,ws,samp_store_loc,253,,,,/github/workspace/logsheets/filtered/water_sampling.csv,XSDString,False
missing value,ws,samp_store_loc,254,,,,/github/workspace/logsheets/filtered/water_sampling.csv,XSDString,False
missing value,ws,samp_store_loc,255,,,,/github/workspace/logsheets/filtered/water_sampling.csv,XSDString,False
missing value,ws,samp_store_loc,256,,,,/github/workspace/logsheets/filtered/water_sampling.csv,XSDString,False
missing value,ws,samp_store_loc,257,,,,/github/workspace/logsheets/filtered/water_sampling.csv,XSDString,False
missing value,ws,samp_store_loc,258,,,,/github/workspace/logsheets/filtered/water_sampling.csv,XSDString,False
missing value,ws,samp_store_loc,259,,,,/github/workspace/logsheets/filtered/water_sampling.csv,XSDString,False
missing value,ws,samp_store_loc,260,,,,/github/workspace/logsheets/filtered/water_sampling.csv,XSDString,False
missing value,ws,samp_store_loc,261,,,,/github/workspace/logsheets/filtered/water_sampling.csv,XSDString,False
missing value,ws,samp_store_loc,262,,,,/github/workspace/logsheets/filtered/water_sampling.csv,XSDString,False
missing value,ws,samp_store_loc,263,,,,/github/workspace/logsheets/filtered/water_sampling.csv,XSDString,False
missing value,ws,samp_store_loc,264,,,,/github/workspace/logsheets/filtered/water_sampling.csv,XSDString,False
missing value,ws,samp_store_loc,265,,,,/github/workspace/logsheets/filtered/water_sampling.csv,XSDString,False
missing value,ws,samp_store_loc,266,,,,/github/workspace/logsheets/filtered/water_sampling.csv,XSDString,False
missing value,ws,samp_store_loc,267,,,,/github/workspace/logsheets/filtered/water_sampling.csv,XSDString,False
missing value,ws,samp_store_loc,268,,,,/github/workspace/logsheets/filtered/water_sampling.csv,XSDString,False
missing value,ws,samp_store_loc,269,,,,/github/workspace/logsheets/filtered/water_sampling.csv,XSDString,False
missing value,ws,samp_store_loc,270,,,,/github/workspace/logsheets/filtered/water_sampling.csv,XSDString,False
missing value,ws,samp_store_loc,271,,,,/github/workspace/logsheets/filtered/water_sampling.csv,XSDString,False
missing value,ws,samp_store_loc,272,,,,/github/workspace/logsheets/filtered/water_sampling.csv,XSDString,False
missing value,ws,samp_store_loc,273,,,,/github/workspace/logsheets/filtered/water_sampling.csv,XSDString,False
missing value,ws,samp_store_loc,274,,,,/github/workspace/logsheets/filtered/water_sampling.csv,XSDString,False
missing value,ws,samp_store_loc,275,,,,/github/workspace/logsheets/filtered/water_sampling.csv,XSDString,False
missing value,ws,samp_store_loc,276,,,,/github/workspace/logsheets/filtered/water_sampling.csv,XSDString,False
missing value,ws,samp_store_loc,277,,,,/github/workspace/logsheets/filtered/water_sampling.csv,XSDString,False
missing value,ws,samp_store_loc,278,,,,/github/workspace/logsheets/filtered/water_sampling.csv,XSDString,False
missing value,ws,samp_store_loc,279,,,,/github/workspace/logsheets/filtered/water_sampling.csv,XSDString,False
missing value,ws,samp_store_loc,280,,,,/github/workspace/logsheets/filtered/water_sampling.csv,XSDString,False
missing value,ws,samp_store_loc,281,,,,/github/workspace/logsheets/filtered/water_sampling.csv,XSDString,False
missing value,ws,samp_store_loc,282,,,,/github/workspace/logsheets/filtered/water_sampling.csv,XSDString,False
missing value,ws,samp_store_loc,283,,,,/github/workspace/logsheets/filtered/water_sampling.csv,XSDString,False
missing value,ws,samp_store_loc,284,,,,/github/workspace/logsheets/filtered/water_sampling.csv,XSDString,False
missing value,ws,samp_store_loc,285,,,,/github/workspace/logsheets/filtered/water_sampling.csv,XSDString,False
missing value,ws,samp_store_loc,286,,,,/github/workspace/logsheets/filtered/water_sampling.csv,XSDString,False
missing value,ws,samp_store_loc,287,,,,/github/workspace/logsheets/filtered/water_sampling.csv,XSDString,False
missing value,ws,samp_store_loc,288,,,,/github/workspace/logsheets/filtered/water_sampling.csv,XSDString,False
missing value,ws,samp_store_loc,289,,,,/github/workspace/logsheets/filtered/water_sampling.csv,XSDString,False
missing value,ws,samp_store_loc,290,,,,/github/workspace/logsheets/filtered/water_sampling.csv,XSDString,False
missing value,ws,samp_store_loc,291,,,,/github/workspace/logsheets/filtered/water_sampling.csv,XSDString,False
missing value,ws,samp_store_loc,292,,,,/github/workspace/logsheets/filtered/water_sampling.csv,XSDString,False
missing value,ws,samp_store_loc,293,,,,/github/workspace/logsheets/filtered/water_sampling.csv,XSDString,False
missing value,ws,samp_store_loc,294,,,,/github/workspace/logsheets/filtered/water_sampling.csv,XSDString,False
missing value,ws,samp_store_loc,295,,,,/github/workspace/logsheets/filtered/water_sampling.csv,XSDString,False
missing value,ws,samp_store_loc,296,,,,/github/workspace/logsheets/filtered/water_sampling.csv,XSDString,False
missing value,ws,samp_store_loc,297,,,,/github/workspace/logsheets/filtered/water_sampling.csv,XSDString,False
missing value,ws,samp_store_loc,298,,,,/github/workspace/logsheets/filtered/water_sampling.csv,XSDString,False
missing value,ws,samp_store_loc,299,,,,/github/workspace/logsheets/filtered/water_sampling.csv,XSDString,False
missing value,ws,samp_store_loc,300,,,,/github/workspace/logsheets/filtered/water_sampling.csv,XSDString,False
missing value,ws,samp_store_loc,301,,,,/github/workspace/logsheets/filtered/water_sampling.csv,XSDString,False
missing value,ws,samp_store_loc,302,,,,/github/workspace/logsheets/filtered/water_sampling.csv,XSDString,False
missing value,ws,samp_store_loc,303,,,,/github/workspace/logsheets/filtered/water_sampling.csv,XSDString,False
missing value,ws,samp_store_loc,304,,,,/github/workspace/logsheets/filtered/water_sampling.csv,XSDString,False
missing value,ws,samp_store_loc,305,,,,/github/workspace/logsheets/filtered/water_sampling.csv,XSDString,False
missing value,ws,samp_store_loc,306,,,,/github/workspace/logsheets/filtered/water_sampling.csv,XSDString,False
missing value,ws,samp_store_loc,307,,,,/github/workspace/logsheets/filtered/water_sampling.csv,XSDString,False
missing value,ws,samp_store_loc,308,,,,/github/workspace/logsheets/filtered/water_sampling.csv,XSDString,False
missing value,ws,samp_store_loc,309,,,,/github/workspace/logsheets/filtered/water_sampling.csv,XSDString,False
missing value,ws,samp_store_loc,310,,,,/github/workspace/logsheets/filtered/water_sampling.csv,XSDString,False
missing value,ws,samp_store_loc,311,,,,/github/workspace/logsheets/filtered/water_sampling.csv,XSDString,False
missing value,ws,samp_store_loc,312,,,,/github/workspace/logsheets/filtered/water_sampling.csv,XSDString,False
missing value,ws,samp_store_loc,313,,,,/github/workspace/logsheets/filtered/water_sampling.csv,XSDString,False
missing value,ws,samp_store_loc,314,,,,/github/workspace/logsheets/filtered/water_sampling.csv,XSDString,False
missing value,ws,samp_store_loc,315,,,,/github/workspace/logsheets/filtered/water_sampling.csv,XSDString,False
missing value,ws,samp_store_loc,316,,,,/github/workspace/logsheets/filtered/water_sampling.csv,XSDString,False
missing value,ws,samp_store_loc,317,,,,/github/workspace/logsheets/filtered/water_sampling.csv,XSDString,False
missing value,ws,samp_store_loc,318,,,,/github/workspace/logsheets/filtered/water_sampling.csv,XSDString,False
missing value,ws,samp_store_loc,319,,,,/github/workspace/logsheets/filtered/water_sampling.csv,XSDString,False
missing value,ws,samp_store_loc,320,,,,/github/workspace/logsheets/filtered/water_sampling.csv,XSDString,False
missing value,ws,samp_store_loc,321,,,,/github/workspace/logsheets/filtered/water_sampling.csv,XSDString,False
missing value,ws,samp_store_loc,322,,,,/github/workspace/logsheets/filtered/water_sampling.csv,XSDString,False
missing value,ws,samp_store_loc,323,,,,/github/workspace/logsheets/filtered/water_sampling.csv,XSDString,False
missing value,ws,samp_store_loc,324,,,,/github/workspace/logsheets/filtered/water_sampling.csv,XSDString,False
missing value,ws,samp_store_loc,325,,,,/github/workspace/logsheets/filtered/water_sampling.csv,XSDString,False
missing value,ws,samp_store_loc,326,,,,/github/workspace/logsheets/filtered/water_sampling.csv,XSDString,False
missing value,ws,samp_store_loc,327,,,,/github/workspace/logsheets/filtered/water_sampling.csv,XSDString,False
missing value,ws,samp_store_loc,328,,,,/github/workspace/logsheets/filtered/water_sampling.csv,XSDString,False
missing value,ws,samp_store_loc,329,,,,/github/workspace/logsheets/filtered/water_sampling.csv,XSDString,False
missing value,ws,samp_store_loc,330,,,,/github/workspace/logsheets/filtered/water_sampling.csv,XSDString,False
missing value,ws,samp_store_loc,331,,,,/github/workspace/logsheets/filtered/water_sampling.csv,XSDString,False
missing value,ws,samp_store_loc,332,,,,/github/workspace/logsheets/filtered/water_sampling.csv,XSDString,False
missing value,ws,samp_store_loc,333,,,,/github/workspace/logsheets/filtered/water_sampling.csv,XSDString,False
missing value,ws,samp_store_loc,334,,,,/github/workspace/logsheets/filtered/water_sampling.csv,XSDString,False
missing value,ws,samp_store_loc,335,,,,/github/workspace/logsheets/filtered/water_sampling.csv,XSDString,False
missing value,ws,samp_store_loc,336,,,,/github/workspace/logsheets/filtered/water_sampling.csv,XSDString,False
missing value,ws,samp_store_loc,337,,,,/github/workspace/logsheets/filtered/water_sampling.csv,XSDString,False
missing value,ws,samp_store_loc,338,,,,/github/workspace/logsheets/filtered/water_sampling.csv,XSDString,False
missing value,ws,samp_store_loc,339,,,,/github/workspace/logsheets/filtered/water_sampling.csv,XSDString,False
missing value,ws,samp_store_loc,340,,,,/github/workspace/logsheets/filtered/water_sampling.csv,XSDString,False
missing value,ws,samp_store_loc,341,,,,/github/workspace/logsheets/filtered/water_sampling.csv,XSDString,False
missing value,ws,samp_store_loc,342,,,,/github/workspace/logsheets/filtered/water_sampling.csv,XSDString,False
missing value,ws,samp_store_loc,343,,,,/github/workspace/logsheets/filtered/water_sampling.csv,XSDString,False
missing value,ws,samp_store_loc,344,,,,/github/workspace/logsheets/filtered/water_sampling.csv,XSDString,False
missing value,ws,samp_store_loc,345,,,,/github/workspace/logsheets/filtered/water_sampling.csv,XSDString,False
missing value,ws,samp_store_loc,346,,,,/github/workspace/logsheets/filtered/water_sampling.csv,XSDString,False
missing value,ws,samp_store_loc,347,,,,/github/workspace/logsheets/filtered/water_sampling.csv,XSDString,False
missing value,ws,samp_store_temp,251,,,,/github/workspace/logsheets/filtered/water_sampling.csv,XSDString,False
missing value,ws,samp_store_temp,252,,,,/github/workspace/logsheets/filtered/water_sampling.csv,XSDString,False
missing value,ws,samp_store_temp,253,,,,/github/workspace/logsheets/filtered/water_sampling.csv,XSDString,False
missing value,ws,samp_store_temp,254,,,,/github/workspace/logsheets/filtered/water_sampling.csv,XSDString,False
missing value,ws,samp_store_temp,255,,,,/github/workspace/logsheets/filtered/water_sampling.csv,XSDString,False
missing value,ws,samp_store_temp,256,,,,/github/workspace/logsheets/filtered/water_sampling.csv,XSDString,False
missing value,ws,samp_store_temp,257,,,,/github/workspace/logsheets/filtered/water_sampling.csv,XSDString,False
missing value,ws,samp_store_temp,258,,,,/github/workspace/logsheets/filtered/water_sampling.csv,XSDString,False
missing value,ws,samp_store_temp,259,,,,/github/workspace/logsheets/filtered/water_sampling.csv,XSDString,False
missing value,ws,samp_store_temp,260,,,,/github/workspace/logsheets/filtered/water_sampling.csv,XSDString,False
missing value,ws,samp_store_temp,261,,,,/github/workspace/logsheets/filtered/water_sampling.csv,XSDString,False
missing value,ws,samp_store_temp,262,,,,/github/workspace/logsheets/filtered/water_sampling.csv,XSDString,False
missing value,ws,samp_store_temp,263,,,,/github/workspace/logsheets/filtered/water_sampling.csv,XSDString,False
missing value,ws,samp_store_temp,264,,,,/github/workspace/logsheets/filtered/water_sampling.csv,XSDString,False
missing value,ws,samp_store_temp,265,,,,/github/workspace/logsheets/filtered/water_sampling.csv,XSDString,False
missing value,ws,samp_store_temp,266,,,,/github/workspace/logsheets/filtered/water_sampling.csv,XSDString,False
missing value,ws,samp_store_temp,267,,,,/github/workspace/logsheets/filtered/water_sampling.csv,XSDString,False
missing value,ws,samp_store_temp,268,,,,/github/workspace/logsheets/filtered/water_sampling.csv,XSDString,False
missing value,ws,samp_store_temp,269,,,,/github/workspace/logsheets/filtered/water_sampling.csv,XSDString,False
missing value,ws,samp_store_temp,270,,,,/github/workspace/logsheets/filtered/water_sampling.csv,XSDString,False
missing value,ws,samp_store_temp,271,,,,/github/workspace/logsheets/filtered/water_sampling.csv,XSDString,False
missing value,ws,samp_store_temp,272,,,,/github/workspace/logsheets/filtered/water_sampling.csv,XSDString,False
missing value,ws,samp_store_temp,273,,,,/github/workspace/logsheets/filtered/water_sampling.csv,XSDString,False
missing value,ws,samp_store_temp,274,,,,/github/workspace/logsheets/filtered/water_sampling.csv,XSDString,False
missing value,ws,samp_store_temp,275,,,,/github/workspace/logsheets/filtered/water_sampling.csv,XSDString,False
missing value,ws,samp_store_temp,276,,,,/github/workspace/logsheets/filtered/water_sampling.csv,XSDString,False
missing value,ws,samp_store_temp,277,,,,/github/workspace/logsheets/filtered/water_sampling.csv,XSDString,False
missing value,ws,samp_store_temp,278,,,,/github/workspace/logsheets/filtered/water_sampling.csv,XSDString,False
missing value,ws,samp_store_temp,279,,,,/github/workspace/logsheets/filtered/water_sampling.csv,XSDString,False
missing value,ws,samp_store_temp,280,,,,/github/workspace/logsheets/filtered/water_sampling.csv,XSDString,False
missing value,ws,samp_store_temp,281,,,,/github/workspace/logsheets/filtered/water_sampling.csv,XSDString,False
missing value,ws,samp_store_temp,282,,,,/github/workspace/logsheets/filtered/water_sampling.csv,XSDString,False
missing value,ws,samp_store_temp,283,,,,/github/workspace/logsheets/filtered/water_sampling.csv,XSDString,False
missing value,ws,samp_store_temp,284,,,,/github/workspace/logsheets/filtered/water_sampling.csv,XSDString,False
missing value,ws,samp_store_temp,285,,,,/github/workspace/logsheets/filtered/water_sampling.csv,XSDString,False
missing value,ws,samp_store_temp,286,,,,/github/workspace/logsheets/filtered/water_sampling.csv,XSDString,False
missing value,ws,samp_store_temp,287,,,,/github/workspace/logsheets/filtered/water_sampling.csv,XSDString,False
missing value,ws,samp_store_temp,288,,,,/github/workspace/logsheets/filtered/water_sampling.csv,XSDString,False
missing value,ws,samp_store_temp,289,,,,/github/workspace/logsheets/filtered/water_sampling.csv,XSDString,False
missing value,ws,samp_store_temp,290,,,,/github/workspace/logsheets/filtered/water_sampling.csv,XSDString,False
missing value,ws,samp_store_temp,291,,,,/github/workspace/logsheets/filtered/water_sampling.csv,XSDString,False
missing value,ws,samp_store_temp,292,,,,/github/workspace/logsheets/filtered/water_sampling.csv,XSDString,False
missing value,ws,samp_store_temp,293,,,,/github/workspace/logsheets/filtered/water_sampling.csv,XSDString,False
missing value,ws,samp_store_temp,294,,,,/github/workspace/logsheets/filtered/water_sampling.csv,XSDString,False
missing value,ws,samp_store_temp,295,,,,/github/workspace/logsheets/filtered/water_sampling.csv,XSDString,False
missing value,ws,samp_store_temp,296,,,,/github/workspace/logsheets/filtered/water_sampling.csv,XSDString,False
missing value,ws,samp_store_temp,297,,,,/github/workspace/logsheets/filtered/water_sampling.csv,XSDString,False
missing value,ws,samp_store_temp,298,,,,/github/workspace/logsheets/filtered/water_sampling.csv,XSDString,False
missing value,ws,samp_store_temp,299,,,,/github/workspace/logsheets/filtered/water_sampling.csv,XSDString,False
missing value,ws,samp_store_temp,300,,,,/github/workspace/logsheets/filtered/water_sampling.csv,XSDString,False
missing value,ws,samp_store_temp,301,,,,/github/workspace/logsheets/filtered/water_sampling.csv,XSDString,False
missing value,ws,samp_store_temp,302,,,,/github/workspace/logsheets/filtered/water_sampling.csv,XSDString,False
missing value,ws,samp_store_temp,303,,,,/github/workspace/logsheets/filtered/water_sampling.csv,XSDString,False
missing value,ws,samp_store_temp,304,,,,/github/workspace/logsheets/filtered/water_sampling.csv,XSDString,False
missing value,ws,samp_store_temp,305,,,,/github/workspace/logsheets/filtered/water_sampling.csv,XSDString,False
missing value,ws,samp_store_temp,306,,,,/github/workspace/logsheets/filtered/water_sampling.csv,XSDString,False
missing value,ws,samp_store_temp,307,,,,/github/workspace/logsheets/filtered/water_sampling.csv,XSDString,False
missing value,ws,samp_store_temp,308,,,,/github/workspace/logsheets/filtered/water_sampling.csv,XSDString,False
missing value,ws,samp_store_temp,309,,,,/github/workspace/logsheets/filtered/water_sampling.csv,XSDString,False
missing value,ws,samp_store_temp,310,,,,/github/workspace/logsheets/filtered/water_sampling.csv,XSDString,False
missing value,ws,samp_store_temp,311,,,,/github/workspace/logsheets/filtered/water_sampling.csv,XSDString,False
missing value,ws,samp_store_temp,312,,,,/github/workspace/logsheets/filtered/water_sampling.csv,XSDString,False
missing value,ws,samp_store_temp,313,,,,/github/workspace/logsheets/filtered/water_sampling.csv,XSDString,False
missing value,ws,samp_store_temp,314,,,,/github/workspace/logsheets/filtered/water_sampling.csv,XSDString,False
missing value,ws,samp_store_temp,315,,,,/github/workspace/logsheets/filtered/water_sampling.csv,XSDString,False
missing value,ws,samp_store_temp,316,,,,/github/workspace/logsheets/filtered/water_sampling.csv,XSDString,False
missing value,ws,samp_store_temp,317,,,,/github/workspace/logsheets/filtered/water_sampling.csv,XSDString,False
missing value,ws,samp_store_temp,318,,,,/github/workspace/logsheets/filtered/water_sampling.csv,XSDString,False
missing value,ws,samp_store_temp,319,,,,/github/workspace/logsheets/filtered/water_sampling.csv,XSDString,False
missing value,ws,samp_store_temp,320,,,,/github/workspace/logsheets/filtered/water_sampling.csv,XSDString,False
missing value,ws,samp_store_temp,321,,,,/github/workspace/logsheets/filtered/water_sampling.csv,XSDString,False
missing value,ws,samp_store_temp,322,,,,/github/workspace/logsheets/filtered/water_sampling.csv,XSDString,False
missing value,ws,samp_store_temp,323,,,,/github/workspace/logsheets/filtered/water_sampling.csv,XSDString,False
missing value,ws,samp_store_temp,324,,,,/github/workspace/logsheets/filtered/water_sampling.csv,XSDString,False
missing value,ws,samp_store_temp,325,,,,/github/workspace/logsheets/filtered/water_sampling.csv,XSDString,False
missing value,ws,samp_store_temp,326,,,,/github/workspace/logsheets/filtered/water_sampling.csv,XSDString,False
missing value,ws,samp_store_temp,327,,,,/github/workspace/logsheets/filtered/water_sampling.csv,XSDString,False
missing value,ws,samp_store_temp,328,,,,/github/workspace/logsheets/filtered/water_sampling.csv,XSDString,False
missing value,ws,samp_store_temp,329,,,,/github/workspace/logsheets/filtered/water_sampling.csv,XSDString,False
missing value,ws,samp_store_temp,330,,,,/github/workspace/logsheets/filtered/water_sampling.csv,XSDString,False
missing value,ws,samp_store_temp,331,,,,/github/workspace/logsheets/filtered/water_sampling.csv,XSDString,False
missing value,ws,samp_store_temp,332,,,,/github/workspace/logsheets/filtered/water_sampling.csv,XSDString,False
missing value,ws,samp_store_temp,333,,,,/github/workspace/logsheets/filtered/water_sampling.csv,XSDString,False
missing value,ws,samp_store_temp,334,,,,/github/workspace/logsheets/filtered/water_sampling.csv,XSDString,False
missing value,ws,samp_store_temp,335,,,,/github/workspace/logsheets/filtered/water_sampling.csv,XSDString,False
missing value,ws,samp_store_temp,336,,,,/github/workspace/logsheets/filtered/water_sampling.csv,XSDString,False
missing value,ws,samp_store_temp,337,,,,/github/workspace/logsheets/filtered/water_sampling.csv,XSDString,False
missing value,ws,samp_store_temp,338,,,,/github/workspace/logsheets/filtered/water_sampling.csv,XSDString,False
missing value,ws,samp_store_temp,339,,,,/github/workspace/logsheets/filtered/water_sampling.csv,XSDString,False
missing value,ws,samp_store_temp,340,,,,/github/workspace/logsheets/filtered/water_sampling.csv,XSDString,False
missing value,ws,samp_store_temp,341,,,,/github/workspace/logsheets/filtered/water_sampling.csv,XSDString,False
missing value,ws,samp_store_temp,342,,,,/github/workspace/logsheets/filtered/water_sampling.csv,XSDString,False
missing value,ws,samp_store_temp,343,,,,/github/workspace/logsheets/filtered/water_sampling.csv,XSDString,False
missing value,ws,samp_store_temp,344,,,,/github/workspace/logsheets/filtered/water_sampling.csv,XSDString,False
missing value,ws,samp_store_temp,345,,,,/github/workspace/logsheets/filtered/water_sampling.csv,XSDString,False
missing value,ws,samp_store_temp,346,,,,/github/workspace/logsheets/filtered/water_sampling.csv,XSDString,False
missing value,ws,samp_store_temp,347,,,,/github/workspace/logsheets/filtered/water_sampling.csv,XSDString,False
missing value,ws,samp_size_vol,251,,,,/github/workspace/logsheets/filtered/water_sampling.csv,XSDDouble,False
missing value,ws,samp_size_vol,252,,,,/github/workspace/logsheets/filtered/water_sampling.csv,XSDDouble,False
missing value,ws,samp_size_vol,253,,,,/github/workspace/logsheets/filtered/water_sampling.csv,XSDDouble,False
missing value,ws,samp_size_vol,254,,,,/github/workspace/logsheets/filtered/water_sampling.csv,XSDDouble,False
missing value,ws,samp_size_vol,255,,,,/github/workspace/logsheets/filtered/water_sampling.csv,XSDDouble,False
missing value,ws,samp_size_vol,256,,,,/github/workspace/logsheets/filtered/water_sampling.csv,XSDDouble,False
missing value,ws,samp_size_vol,257,,,,/github/workspace/logsheets/filtered/water_sampling.csv,XSDDouble,False
missing value,ws,samp_size_vol,258,,,,/github/workspace/logsheets/filtered/water_sampling.csv,XSDDouble,False
missing value,ws,samp_size_vol,259,,,,/github/workspace/logsheets/filtered/water_sampling.csv,XSDDouble,False
missing value,ws,samp_size_vol,260,,,,/github/workspace/logsheets/filtered/water_sampling.csv,XSDDouble,False
missing value,ws,samp_size_vol,261,,,,/github/workspace/logsheets/filtered/water_sampling.csv,XSDDouble,False
missing value,ws,samp_size_vol,262,,,,/github/workspace/logsheets/filtered/water_sampling.csv,XSDDouble,False
missing value,ws,samp_size_vol,263,,,,/github/workspace/logsheets/filtered/water_sampling.csv,XSDDouble,False
missing value,ws,samp_size_vol,264,,,,/github/workspace/logsheets/filtered/water_sampling.csv,XSDDouble,False
missing value,ws,samp_size_vol,265,,,,/github/workspace/logsheets/filtered/water_sampling.csv,XSDDouble,False
missing value,ws,samp_size_vol,266,,,,/github/workspace/logsheets/filtered/water_sampling.csv,XSDDouble,False
missing value,ws,samp_size_vol,267,,,,/github/workspace/logsheets/filtered/water_sampling.csv,XSDDouble,False
missing value,ws,samp_size_vol,268,,,,/github/workspace/logsheets/filtered/water_sampling.csv,XSDDouble,False
missing value,ws,samp_size_vol,269,,,,/github/workspace/logsheets/filtered/water_sampling.csv,XSDDouble,False
missing value,ws,samp_size_vol,270,,,,/github/workspace/logsheets/filtered/water_sampling.csv,XSDDouble,False
missing value,ws,samp_size_vol,271,,,,/github/workspace/logsheets/filtered/water_sampling.csv,XSDDouble,False
missing value,ws,samp_size_vol,272,,,,/github/workspace/logsheets/filtered/water_sampling.csv,XSDDouble,False
missing value,ws,samp_size_vol,273,,,,/github/workspace/logsheets/filtered/water_sampling.csv,XSDDouble,False
missing value,ws,samp_size_vol,274,,,,/github/workspace/logsheets/filtered/water_sampling.csv,XSDDouble,False
missing value,ws,samp_size_vol,275,,,,/github/workspace/logsheets/filtered/water_sampling.csv,XSDDouble,False
missing value,ws,samp_size_vol,276,,,,/github/workspace/logsheets/filtered/water_sampling.csv,XSDDouble,False
missing value,ws,samp_size_vol,277,,,,/github/workspace/logsheets/filtered/water_sampling.csv,XSDDouble,False
missing value,ws,samp_size_vol,278,,,,/github/workspace/logsheets/filtered/water_sampling.csv,XSDDouble,False
missing value,ws,samp_size_vol,279,,,,/github/workspace/logsheets/filtered/water_sampling.csv,XSDDouble,False
missing value,ws,samp_size_vol,280,,,,/github/workspace/logsheets/filtered/water_sampling.csv,XSDDouble,False
missing value,ws,samp_size_vol,281,,,,/github/workspace/logsheets/filtered/water_sampling.csv,XSDDouble,False
missing value,ws,samp_size_vol,282,,,,/github/workspace/logsheets/filtered/water_sampling.csv,XSDDouble,False
missing value,ws,samp_size_vol,283,,,,/github/workspace/logsheets/filtered/water_sampling.csv,XSDDouble,False
missing value,ws,samp_size_vol,284,,,,/github/workspace/logsheets/filtered/water_sampling.csv,XSDDouble,False
missing value,ws,samp_size_vol,285,,,,/github/workspace/logsheets/filtered/water_sampling.csv,XSDDouble,False
missing value,ws,samp_size_vol,286,,,,/github/workspace/logsheets/filtered/water_sampling.csv,XSDDouble,False
missing value,ws,samp_size_vol,287,,,,/github/workspace/logsheets/filtered/water_sampling.csv,XSDDouble,False
missing value,ws,samp_size_vol,288,,,,/github/workspace/logsheets/filtered/water_sampling.csv,XSDDouble,False
missing value,ws,samp_size_vol,289,,,,/github/workspace/logsheets/filtered/water_sampling.csv,XSDDouble,False
missing value,ws,samp_size_vol,290,,,,/github/workspace/logsheets/filtered/water_sampling.csv,XSDDouble,False
missing value,ws,samp_size_vol,291,,,,/github/workspace/logsheets/filtered/water_sampling.csv,XSDDouble,False
missing value,ws,samp_size_vol,292,,,,/github/workspace/logsheets/filtered/water_sampling.csv,XSDDouble,False
missing value,ws,samp_size_vol,293,,,,/github/workspace/logsheets/filtered/water_sampling.csv,XSDDouble,False
missing value,ws,samp_size_vol,294,,,,/github/workspace/logsheets/filtered/water_sampling.csv,XSDDouble,False
missing value,ws,samp_size_vol,295,,,,/github/workspace/logsheets/filtered/water_sampling.csv,XSDDouble,False
missing value,ws,samp_size_vol,296,,,,/github/workspace/logsheets/filtered/water_sampling.csv,XSDDouble,False
missing value,ws,samp_size_vol,297,,,,/github/workspace/logsheets/filtered/water_sampling.csv,XSDDouble,False
missing value,ws,samp_size_vol,298,,,,/github/workspace/logsheets/filtered/water_sampling.csv,XSDDouble,False
missing value,ws,samp_size_vol,299,,,,/github/workspace/logsheets/filtered/water_sampling.csv,XSDDouble,False
missing value,ws,samp_size_vol,300,,,,/github/workspace/logsheets/filtered/water_sampling.csv,XSDDouble,False
missing value,ws,samp_size_vol,301,,,,/github/workspace/logsheets/filtered/water_sampling.csv,XSDDouble,False
missing value,ws,samp_size_vol,302,,,,/github/workspace/logsheets/filtered/water_sampling.csv,XSDDouble,False
missing value,ws,samp_size_vol,303,,,,/github/workspace/logsheets/filtered/water_sampling.csv,XSDDouble,False
missing value,ws,samp_size_vol,304,,,,/github/workspace/logsheets/filtered/water_sampling.csv,XSDDouble,False
missing value,ws,samp_size_vol,305,,,,/github/workspace/logsheets/filtered/water_sampling.csv,XSDDouble,False
missing value,ws,samp_size_vol,306,,,,/github/workspace/logsheets/filtered/water_sampling.csv,XSDDouble,False
missing value,ws,samp_size_vol,307,,,,/github/workspace/logsheets/filtered/water_sampling.csv,XSDDouble,False
missing value,ws,samp_size_vol,308,,,,/github/workspace/logsheets/filtered/water_sampling.csv,XSDDouble,False
missing value,ws,samp_size_vol,309,,,,/github/workspace/logsheets/filtered/water_sampling.csv,XSDDouble,False
missing value,ws,samp_size_vol,310,,,,/github/workspace/logsheets/filtered/water_sampling.csv,XSDDouble,False
missing value,ws,samp_size_vol,311,,,,/github/workspace/logsheets/filtered/water_sampling.csv,XSDDouble,False
missing value,ws,samp_size_vol,312,,,,/github/workspace/logsheets/filtered/water_sampling.csv,XSDDouble,False
missing value,ws,samp_size_vol,313,,,,/github/workspace/logsheets/filtered/water_sampling.csv,XSDDouble,False
missing value,ws,samp_size_vol,314,,,,/github/workspace/logsheets/filtered/water_sampling.csv,XSDDouble,False
missing value,ws,samp_size_vol,315,,,,/github/workspace/logsheets/filtered/water_sampling.csv,XSDDouble,False
missing value,ws,samp_size_vol,316,,,,/github/workspace/logsheets/filtered/water_sampling.csv,XSDDouble,False
missing value,ws,samp_size_vol,317,,,,/github/workspace/logsheets/filtered/water_sampling.csv,XSDDouble,False
missing value,ws,samp_size_vol,318,,,,/github/workspace/logsheets/filtered/water_sampling.csv,XSDDouble,False
missing value,ws,samp_size_vol,319,,,,/github/workspace/logsheets/filtered/water_sampling.csv,XSDDouble,False
missing value,ws,samp_size_vol,320,,,,/github/workspace/logsheets/filtered/water_sampling.csv,XSDDouble,False
missing value,ws,samp_size_vol,321,,,,/github/workspace/logsheets/filtered/water_sampling.csv,XSDDouble,False
missing value,ws,samp_size_vol,322,,,,/github/workspace/logsheets/filtered/water_sampling.csv,XSDDouble,False
missing value,ws,samp_size_vol,323,,,,/github/workspace/logsheets/filtered/water_sampling.csv,XSDDouble,False
missing value,ws,samp_size_vol,324,,,,/github/workspace/logsheets/filtered/water_sampling.csv,XSDDouble,False
missing value,ws,samp_size_vol,325,,,,/github/workspace/logsheets/filtered/water_sampling.csv,XSDDouble,False
missing value,ws,samp_size_vol,326,,,,/github/workspace/logsheets/filtered/water_sampling.csv,XSDDouble,False
missing value,ws,samp_size_vol,327,,,,/github/workspace/logsheets/filtered/water_sampling.csv,XSDDouble,False
missing value,ws,samp_size_vol,328,,,,/github/workspace/logsheets/filtered/water_sampling.csv,XSDDouble,False
missing value,ws,samp_size_vol,329,,,,/github/workspace/logsheets/filtered/water_sampling.csv,XSDDouble,False
missing value,ws,samp_size_vol,330,,,,/github/workspace/logsheets/filtered/water_sampling.csv,XSDDouble,False
missing value,ws,samp_size_vol,331,,,,/github/workspace/logsheets/filtered/water_sampling.csv,XSDDouble,False
missing value,ws,samp_size_vol,332,,,,/github/workspace/logsheets/filtered/water_sampling.csv,XSDDouble,False
missing value,ws,samp_size_vol,333,,,,/github/workspace/logsheets/filtered/water_sampling.csv,XSDDouble,False
missing value,ws,samp_size_vol,334,,,,/github/workspace/logsheets/filtered/water_sampling.csv,XSDDouble,False
missing value,ws,samp_size_vol,335,,,,/github/workspace/logsheets/filtered/water_sampling.csv,XSDDouble,False
missing value,ws,samp_size_vol,336,,,,/github/workspace/logsheets/filtered/water_sampling.csv,XSDDouble,False
missing value,ws,samp_size_vol,337,,,,/github/workspace/logsheets/filtered/water_sampling.csv,XSDDouble,False
missing value,ws,samp_size_vol,338,,,,/github/workspace/logsheets/filtered/water_sampling.csv,XSDDouble,False
missing value,ws,samp_size_vol,339,,,,/github/workspace/logsheets/filtered/water_sampling.csv,XSDDouble,False
missing value,ws,samp_size_vol,340,,,,/github/workspace/logsheets/filtered/water_sampling.csv,XSDDouble,False
missing value,ws,samp_size_vol,341,,,,/github/workspace/logsheets/filtered/water_sampling.csv,XSDDouble,False
missing value,ws,samp_size_vol,342,,,,/github/workspace/logsheets/filtered/water_sampling.csv,XSDDouble,False
missing value,ws,samp_size_vol,343,,,,/github/workspace/logsheets/filtered/water_sampling.csv,XSDDouble,False
missing value,ws,samp_size_vol,344,,,,/github/workspace/logsheets/filtered/water_sampling.csv,XSDDouble,False
missing value,ws,samp_size_vol,345,,,,/github/workspace/logsheets/filtered/water_sampling.csv,XSDDouble,False
missing value,ws,samp_size_vol,346,,,,/github/workspace/logsheets/filtered/water_sampling.csv,XSDDouble,False
missing value,ws,samp_size_vol,347,,,,/github/workspace/logsheets/filtered/water_sampling.csv,XSDDouble,False
missing value,ws,sampl_person,251,,,,/github/workspace/logsheets/filtered/water_sampling.csv,XSDString,False
missing value,ws,sampl_person,252,,,,/github/workspace/logsheets/filtered/water_sampling.csv,XSDString,False
missing value,ws,sampl_person,253,,,,/github/workspace/logsheets/filtered/water_sampling.csv,XSDString,False
missing value,ws,sampl_person,254,,,,/github/workspace/logsheets/filtered/water_sampling.csv,XSDString,False
missing value,ws,sampl_person,255,,,,/github/workspace/logsheets/filtered/water_sampling.csv,XSDString,False
missing value,ws,sampl_person,256,,,,/github/workspace/logsheets/filtered/water_sampling.csv,XSDString,False
missing value,ws,sampl_person,257,,,,/github/workspace/logsheets/filtered/water_sampling.csv,XSDString,False
missing value,ws,sampl_person,258,,,,/github/workspace/logsheets/filtered/water_sampling.csv,XSDString,False
missing value,ws,sampl_person,259,,,,/github/workspace/logsheets/filtered/water_sampling.csv,XSDString,False
missing value,ws,sampl_person,260,,,,/github/workspace/logsheets/filtered/water_sampling.csv,XSDString,False
missing value,ws,sampl_person,261,,,,/github/workspace/logsheets/filtered/water_sampling.csv,XSDString,False
missing value,ws,sampl_person,262,,,,/github/workspace/logsheets/filtered/water_sampling.csv,XSDString,False
missing value,ws,sampl_person,263,,,,/github/workspace/logsheets/filtered/water_sampling.csv,XSDString,False
missing value,ws,sampl_person,264,,,,/github/workspace/logsheets/filtered/water_sampling.csv,XSDString,False
missing value,ws,sampl_person,265,,,,/github/workspace/logsheets/filtered/water_sampling.csv,XSDString,False
missing value,ws,sampl_person,266,,,,/github/workspace/logsheets/filtered/water_sampling.csv,XSDString,False
missing value,ws,sampl_person,267,,,,/github/workspace/logsheets/filtered/water_sampling.csv,XSDString,False
missing value,ws,sampl_person,268,,,,/github/workspace/logsheets/filtered/water_sampling.csv,XSDString,False
missing value,ws,sampl_person,269,,,,/github/workspace/logsheets/filtered/water_sampling.csv,XSDString,False
missing value,ws,sampl_person,270,,,,/github/workspace/logsheets/filtered/water_sampling.csv,XSDString,False
missing value,ws,sampl_person,271,,,,/github/workspace/logsheets/filtered/water_sampling.csv,XSDString,False
missing value,ws,sampl_person,272,,,,/github/workspace/logsheets/filtered/water_sampling.csv,XSDString,False
missing value,ws,sampl_person,273,,,,/github/workspace/logsheets/filtered/water_sampling.csv,XSDString,False
missing value,ws,sampl_person,274,,,,/github/workspace/logsheets/filtered/water_sampling.csv,XSDString,False
missing value,ws,sampl_person,275,,,,/github/workspace/logsheets/filtered/water_sampling.csv,XSDString,False
missing value,ws,sampl_person,276,,,,/github/workspace/logsheets/filtered/water_sampling.csv,XSDString,False
missing value,ws,sampl_person,277,,,,/github/workspace/logsheets/filtered/water_sampling.csv,XSDString,False
missing value,ws,sampl_person,278,,,,/github/workspace/logsheets/filtered/water_sampling.csv,XSDString,False
missing value,ws,sampl_person,279,,,,/github/workspace/logsheets/filtered/water_sampling.csv,XSDString,False
missing value,ws,sampl_person,280,,,,/github/workspace/logsheets/filtered/water_sampling.csv,XSDString,False
missing value,ws,sampl_person,281,,,,/github/workspace/logsheets/filtered/water_sampling.csv,XSDString,False
missing value,ws,sampl_person,282,,,,/github/workspace/logsheets/filtered/water_sampling.csv,XSDString,False
missing value,ws,sampl_person,283,,,,/github/workspace/logsheets/filtered/water_sampling.csv,XSDString,False
missing value,ws,sampl_person,284,,,,/github/workspace/logsheets/filtered/water_sampling.csv,XSDString,False
missing value,ws,sampl_person,285,,,,/github/workspace/logsheets/filtered/water_sampling.csv,XSDString,False
missing value,ws,sampl_person,286,,,,/github/workspace/logsheets/filtered/water_sampling.csv,XSDString,False
missing value,ws,sampl_person,287,,,,/github/workspace/logsheets/filtered/water_sampling.csv,XSDString,False
missing value,ws,sampl_person,288,,,,/github/workspace/logsheets/filtered/water_sampling.csv,XSDString,False
missing value,ws,sampl_person,289,,,,/github/workspace/logsheets/filtered/water_sampling.csv,XSDString,False
missing value,ws,sampl_person,290,,,,/github/workspace/logsheets/filtered/water_sampling.csv,XSDString,False
missing value,ws,sampl_person,291,,,,/github/workspace/logsheets/filtered/water_sampling.csv,XSDString,False
missing value,ws,sampl_person,292,,,,/github/workspace/logsheets/filtered/water_sampling.csv,XSDString,False
missing value,ws,sampl_person,293,,,,/github/workspace/logsheets/filtered/water_sampling.csv,XSDString,False
missing value,ws,sampl_person,294,,,,/github/workspace/logsheets/filtered/water_sampling.csv,XSDString,False
missing value,ws,sampl_person,295,,,,/github/workspace/logsheets/filtered/water_sampling.csv,XSDString,False
missing value,ws,sampl_person,296,,,,/github/workspace/logsheets/filtered/water_sampling.csv,XSDString,False
missing value,ws,sampl_person,297,,,,/github/workspace/logsheets/filtered/water_sampling.csv,XSDString,False
missing value,ws,sampl_person,298,,,,/github/workspace/logsheets/filtered/water_sampling.csv,XSDString,False
missing value,ws,sampl_person,299,,,,/github/workspace/logsheets/filtered/water_sampling.csv,XSDString,False
missing value,ws,sampl_person,300,,,,/github/workspace/logsheets/filtered/water_sampling.csv,XSDString,False
missing value,ws,sampl_person,301,,,,/github/workspace/logsheets/filtered/water_sampling.csv,XSDString,False
missing value,ws,sampl_person,302,,,,/github/workspace/logsheets/filtered/water_sampling.csv,XSDString,False
missing value,ws,sampl_person,303,,,,/github/workspace/logsheets/filtered/water_sampling.csv,XSDString,False
missing value,ws,sampl_person,304,,,,/github/workspace/logsheets/filtered/water_sampling.csv,XSDString,False
missing value,ws,sampl_person,305,,,,/github/workspace/logsheets/filtered/water_sampling.csv,XSDString,False
missing value,ws,sampl_person,306,,,,/github/workspace/logsheets/filtered/water_sampling.csv,XSDString,False
missing value,ws,sampl_person,307,,,,/github/workspace/logsheets/filtered/water_sampling.csv,XSDString,False
missing value,ws,sampl_person,308,,,,/github/workspace/logsheets/filtered/water_sampling.csv,XSDString,False
missing value,ws,sampl_person,309,,,,/github/workspace/logsheets/filtered/water_sampling.csv,XSDString,False
missing value,ws,sampl_person,310,,,,/github/workspace/logsheets/filtered/water_sampling.csv,XSDString,False
missing value,ws,sampl_person,311,,,,/github/workspace/logsheets/filtered/water_sampling.csv,XSDString,False
missing value,ws,sampl_person,312,,,,/github/workspace/logsheets/filtered/water_sampling.csv,XSDString,False
missing value,ws,sampl_person,313,,,,/github/workspace/logsheets/filtered/water_sampling.csv,XSDString,False
missing value,ws,sampl_person,314,,,,/github/workspace/logsheets/filtered/water_sampling.csv,XSDString,False
missing value,ws,sampl_person,315,,,,/github/workspace/logsheets/filtered/water_sampling.csv,XSDString,False
missing value,ws,sampl_person,316,,,,/github/workspace/logsheets/filtered/water_sampling.csv,XSDString,False
missing value,ws,sampl_person,317,,,,/github/workspace/logsheets/filtered/water_sampling.csv,XSDString,False
missing value,ws,sampl_person,318,,,,/github/workspace/logsheets/filtered/water_sampling.csv,XSDString,False
missing value,ws,sampl_person,319,,,,/github/workspace/logsheets/filtered/water_sampling.csv,XSDString,False
missing value,ws,sampl_person,320,,,,/github/workspace/logsheets/filtered/water_sampling.csv,XSDString,False
missing value,ws,sampl_person,321,,,,/github/workspace/logsheets/filtered/water_sampling.csv,XSDString,False
missing value,ws,sampl_person,322,,,,/github/workspace/logsheets/filtered/water_sampling.csv,XSDString,False
missing value,ws,sampl_person,323,,,,/github/workspace/logsheets/filtered/water_sampling.csv,XSDString,False
missing value,ws,sampl_person,324,,,,/github/workspace/logsheets/filtered/water_sampling.csv,XSDString,False
missing value,ws,sampl_person,325,,,,/github/workspace/logsheets/filtered/water_sampling.csv,XSDString,False
missing value,ws,sampl_person,326,,,,/github/workspace/logsheets/filtered/water_sampling.csv,XSDString,False
missing value,ws,sampl_person,327,,,,/github/workspace/logsheets/filtered/water_sampling.csv,XSDString,False
missing value,ws,sampl_person,328,,,,/github/workspace/logsheets/filtered/water_sampling.csv,XSDString,False
missing value,ws,sampl_person,329,,,,/github/workspace/logsheets/filtered/water_sampling.csv,XSDString,False
missing value,ws,sampl_person,330,,,,/github/workspace/logsheets/filtered/water_sampling.csv,XSDString,False
missing value,ws,sampl_person,331,,,,/github/workspace/logsheets/filtered/water_sampling.csv,XSDString,False
missing value,ws,sampl_person,332,,,,/github/workspace/logsheets/filtered/water_sampling.csv,XSDString,False
missing value,ws,sampl_person,333,,,,/github/workspace/logsheets/filtered/water_sampling.csv,XSDString,False
missing value,ws,sampl_person,334,,,,/github/workspace/logsheets/filtered/water_sampling.csv,XSDString,False
missing value,ws,sampl_person,335,,,,/github/workspace/logsheets/filtered/water_sampling.csv,XSDString,False
missing value,ws,sampl_person,336,,,,/github/workspace/logsheets/filtered/water_sampling.csv,XSDString,False
missing value,ws,sampl_person,337,,,,/github/workspace/logsheets/filtered/water_sampling.csv,XSDString,False
missing value,ws,sampl_person,338,,,,/github/workspace/logsheets/filtered/water_sampling.csv,XSDString,False
missing value,ws,sampl_person,339,,,,/github/workspace/logsheets/filtered/water_sampling.csv,XSDString,False
missing value,ws,sampl_person,340,,,,/github/workspace/logsheets/filtered/water_sampling.csv,XSDString,False
missing value,ws,sampl_person,341,,,,/github/workspace/logsheets/filtered/water_sampling.csv,XSDString,False
missing value,ws,sampl_person,342,,,,/github/workspace/logsheets/filtered/water_sampling.csv,XSDString,False
missing value,ws,sampl_person,343,,,,/github/workspace/logsheets/filtered/water_sampling.csv,XSDString,False
missing value,ws,sampl_person,344,,,,/github/workspace/logsheets/filtered/water_sampling.csv,XSDString,False
missing value,ws,sampl_person,345,,,,/github/workspace/logsheets/filtered/water_sampling.csv,XSDString,False
missing value,ws,sampl_person,346,,,,/github/workspace/logsheets/filtered/water_sampling.csv,XSDString,False
missing value,ws,sampl_person,347,,,,/github/workspace/logsheets/filtered/water_sampling.csv,XSDString,False
datatype mismatch,ws,sampl_person_orcid,1,0000-0001-8164-581X,https://orcid.org/0000-0001-8164-581X,,/github/workspace/logsheets/filtered/water_sampling.csv,XSDAnyURI,True
datatype mismatch,ws,sampl_person_orcid,2,0000-0001-8164-581X,https://orcid.org/0000-0001-8164-581X,,/github/workspace/logsheets/filtered/water_sampling.csv,XSDAnyURI,True
datatype mismatch,ws,sampl_person_orcid,3,0000-0001-8164-581X,https://orcid.org/0000-0001-8164-581X,,/github/workspace/logsheets/filtered/water_sampling.csv,XSDAnyURI,True
datatype mismatch,ws,sampl_person_orcid,4,0000-0001-8164-581X,https://orcid.org/0000-0001-8164-581X,,/github/workspace/logsheets/filtered/water_sampling.csv,XSDAnyURI,True
datatype mismatch,ws,sampl_person_orcid,5,0000-0001-8164-581X,https://orcid.org/0000-0001-8164-581X,,/github/workspace/logsheets/filtered/water_sampling.csv,XSDAnyURI,True
datatype mismatch,ws,sampl_person_orcid,6,0000-0001-8164-581X,https://orcid.org/0000-0001-8164-581X,,/github/workspace/logsheets/filtered/water_sampling.csv,XSDAnyURI,True
datatype mismatch,ws,sampl_person_orcid,7,0000-0001-8164-581X,https://orcid.org/0000-0001-8164-581X,,/github/workspace/logsheets/filtered/water_sampling.csv,XSDAnyURI,True
datatype mismatch,ws,sampl_person_orcid,8,0000-0001-8164-581X,https://orcid.org/0000-0001-8164-581X,,/github/workspace/logsheets/filtered/water_sampling.csv,XSDAnyURI,True
datatype mismatch,ws,sampl_person_orcid,9,0000-0001-8164-581X,https://orcid.org/0000-0001-8164-581X,,/github/workspace/logsheets/filtered/water_sampling.csv,XSDAnyURI,True
datatype mismatch,ws,sampl_person_orcid,10,0000-0001-8164-581X,https://orcid.org/0000-0001-8164-581X,,/github/workspace/logsheets/filtered/water_sampling.csv,XSDAnyURI,True
datatype mismatch,ws,sampl_person_orcid,11,0000-0001-8164-581X,https://orcid.org/0000-0001-8164-581X,,/github/workspace/logsheets/filtered/water_sampling.csv,XSDAnyURI,True
datatype mismatch,ws,sampl_person_orcid,12,0000-0001-8164-581X,https://orcid.org/0000-0001-8164-581X,,/github/workspace/logsheets/filtered/water_sampling.csv,XSDAnyURI,True
datatype mismatch,ws,sampl_person_orcid,13,0000-0001-8164-581X,https://orcid.org/0000-0001-8164-581X,,/github/workspace/logsheets/filtered/water_sampling.csv,XSDAnyURI,True
datatype mismatch,ws,sampl_person_orcid,14,0000-0001-8164-581X,https://orcid.org/0000-0001-8164-581X,,/github/workspace/logsheets/filtered/water_sampling.csv,XSDAnyURI,True
datatype mismatch,ws,sampl_person_orcid,15,0000-0001-8164-581X,https://orcid.org/0000-0001-8164-581X,,/github/workspace/logsheets/filtered/water_sampling.csv,XSDAnyURI,True
datatype mismatch,ws,sampl_person_orcid,16,0000-0001-8164-581X,https://orcid.org/0000-0001-8164-581X,,/github/workspace/logsheets/filtered/water_sampling.csv,XSDAnyURI,True
datatype mismatch,ws,sampl_person_orcid,17,0000-0001-8164-581X,https://orcid.org/0000-0001-8164-581X,,/github/workspace/logsheets/filtered/water_sampling.csv,XSDAnyURI,True
datatype mismatch,ws,sampl_person_orcid,18,0000-0001-8164-581X,https://orcid.org/0000-0001-8164-581X,,/github/workspace/logsheets/filtered/water_sampling.csv,XSDAnyURI,True
datatype mismatch,ws,sampl_person_orcid,19,0000-0001-8164-581X,https://orcid.org/0000-0001-8164-581X,,/github/workspace/logsheets/filtered/water_sampling.csv,XSDAnyURI,True
datatype mismatch,ws,sampl_person_orcid,20,0000-0001-8164-581X,https://orcid.org/0000-0001-8164-581X,,/github/workspace/logsheets/filtered/water_sampling.csv,XSDAnyURI,True
datatype mismatch,ws,sampl_person_orcid,21,0000-0001-8164-581X,https://orcid.org/0000-0001-8164-581X,,/github/workspace/logsheets/filtered/water_sampling.csv,XSDAnyURI,True
datatype mismatch,ws,sampl_person_orcid,22,0000-0001-8164-581X,https://orcid.org/0000-0001-8164-581X,,/github/workspace/logsheets/filtered/water_sampling.csv,XSDAnyURI,True
datatype mismatch,ws,sampl_person_orcid,23,0000-0001-8164-581X,https://orcid.org/0000-0001-8164-581X,,/github/workspace/logsheets/filtered/water_sampling.csv,XSDAnyURI,True
datatype mismatch,ws,sampl_person_orcid,24,0000-0001-8164-581X,https://orcid.org/0000-0001-8164-581X,,/github/workspace/logsheets/filtered/water_sampling.csv,XSDAnyURI,True
datatype mismatch,ws,sampl_person_orcid,25,0000-0001-8164-581X,https://orcid.org/0000-0001-8164-581X,,/github/workspace/logsheets/filtered/water_sampling.csv,XSDAnyURI,True
datatype mismatch,ws,sampl_person_orcid,26,0000-0001-8164-581X,https://orcid.org/0000-0001-8164-581X,,/github/workspace/logsheets/filtered/water_sampling.csv,XSDAnyURI,True
datatype mismatch,ws,sampl_person_orcid,27,0000-0001-8164-581X,https://orcid.org/0000-0001-8164-581X,,/github/workspace/logsheets/filtered/water_sampling.csv,XSDAnyURI,True
datatype mismatch,ws,sampl_person_orcid,28,0000-0001-8164-581X,https://orcid.org/0000-0001-8164-581X,,/github/workspace/logsheets/filtered/water_sampling.csv,XSDAnyURI,True
datatype mismatch,ws,sampl_person_orcid,29,0000-0001-8164-581X,https://orcid.org/0000-0001-8164-581X,,/github/workspace/logsheets/filtered/water_sampling.csv,XSDAnyURI,True
datatype mismatch,ws,sampl_person_orcid,30,0000-0001-8164-581X,https://orcid.org/0000-0001-8164-581X,,/github/workspace/logsheets/filtered/water_sampling.csv,XSDAnyURI,True
datatype mismatch,ws,sampl_person_orcid,31,0000-0001-8164-581X,https://orcid.org/0000-0001-8164-581X,,/github/workspace/logsheets/filtered/water_sampling.csv,XSDAnyURI,True
datatype mismatch,ws,sampl_person_orcid,32,0000-0001-8164-581X,https://orcid.org/0000-0001-8164-581X,,/github/workspace/logsheets/filtered/water_sampling.csv,XSDAnyURI,True
datatype mismatch,ws,sampl_person_orcid,33,0000-0001-8164-581X,https://orcid.org/0000-0001-8164-581X,,/github/workspace/logsheets/filtered/water_sampling.csv,XSDAnyURI,True
datatype mismatch,ws,sampl_person_orcid,34,0000-0001-8164-581X,https://orcid.org/0000-0001-8164-581X,,/github/workspace/logsheets/filtered/water_sampling.csv,XSDAnyURI,True
datatype mismatch,ws,sampl_person_orcid,35,0000-0001-8164-581X,https://orcid.org/0000-0001-8164-581X,,/github/workspace/logsheets/filtered/water_sampling.csv,XSDAnyURI,True
datatype mismatch,ws,sampl_person_orcid,36,0000-0001-8164-581X,https://orcid.org/0000-0001-8164-581X,,/github/workspace/logsheets/filtered/water_sampling.csv,XSDAnyURI,True
datatype mismatch,ws,sampl_person_orcid,37,0000-0001-8164-581X,https://orcid.org/0000-0001-8164-581X,,/github/workspace/logsheets/filtered/water_sampling.csv,XSDAnyURI,True
datatype mismatch,ws,sampl_person_orcid,38,0000-0001-8164-581X,https://orcid.org/0000-0001-8164-581X,,/github/workspace/logsheets/filtered/water_sampling.csv,XSDAnyURI,True
datatype mismatch,ws,sampl_person_orcid,39,0000-0001-8164-581X,https://orcid.org/0000-0001-8164-581X,,/github/workspace/logsheets/filtered/water_sampling.csv,XSDAnyURI,True
datatype mismatch,ws,sampl_person_orcid,40,0000-0001-8164-581X,https://orcid.org/0000-0001-8164-581X,,/github/workspace/logsheets/filtered/water_sampling.csv,XSDAnyURI,True
datatype mismatch,ws,sampl_person_orcid,41,0000-0001-8164-581X,https://orcid.org/0000-0001-8164-581X,,/github/workspace/logsheets/filtered/water_sampling.csv,XSDAnyURI,True
datatype mismatch,ws,sampl_person_orcid,42,0000-0001-8164-581X,https://orcid.org/0000-0001-8164-581X,,/github/workspace/logsheets/filtered/water_sampling.csv,XSDAnyURI,True
datatype mismatch,ws,sampl_person_orcid,43,0000-0001-8164-581X,https://orcid.org/0000-0001-8164-581X,,/github/workspace/logsheets/filtered/water_sampling.csv,XSDAnyURI,True
datatype mismatch,ws,sampl_person_orcid,44,0000-0001-8164-581X,https://orcid.org/0000-0001-8164-581X,,/github/workspace/logsheets/filtered/water_sampling.csv,XSDAnyURI,True
datatype mismatch,ws,sampl_person_orcid,45,0000-0001-8164-581X,https://orcid.org/0000-0001-8164-581X,,/github/workspace/logsheets/filtered/water_sampling.csv,XSDAnyURI,True
datatype mismatch,ws,sampl_person_orcid,46,0000-0001-8164-581X,https://orcid.org/0000-0001-8164-581X,,/github/workspace/logsheets/filtered/water_sampling.csv,XSDAnyURI,True
datatype mismatch,ws,sampl_person_orcid,47,0000-0001-8164-581X,https://orcid.org/0000-0001-8164-581X,,/github/workspace/logsheets/filtered/water_sampling.csv,XSDAnyURI,True
datatype mismatch,ws,sampl_person_orcid,48,0000-0001-8164-581X,https://orcid.org/0000-0001-8164-581X,,/github/workspace/logsheets/filtered/water_sampling.csv,XSDAnyURI,True
datatype mismatch,ws,sampl_person_orcid,49,0000-0001-8164-581X,https://orcid.org/0000-0001-8164-581X,,/github/workspace/logsheets/filtered/water_sampling.csv,XSDAnyURI,True
datatype mismatch,ws,sampl_person_orcid,50,0000-0001-8164-581X,https://orcid.org/0000-0001-8164-581X,,/github/workspace/logsheets/filtered/water_sampling.csv,XSDAnyURI,True
datatype mismatch,ws,sampl_person_orcid,51,0000-0001-8164-581X,https://orcid.org/0000-0001-8164-581X,,/github/workspace/logsheets/filtered/water_sampling.csv,XSDAnyURI,True
datatype mismatch,ws,sampl_person_orcid,52,0000-0001-8164-581X,https://orcid.org/0000-0001-8164-581X,,/github/workspace/logsheets/filtered/water_sampling.csv,XSDAnyURI,True
datatype mismatch,ws,sampl_person_orcid,53,0000-0001-8164-581X,https://orcid.org/0000-0001-8164-581X,,/github/workspace/logsheets/filtered/water_sampling.csv,XSDAnyURI,True
datatype mismatch,ws,sampl_person_orcid,54,0000-0001-8164-581X,https://orcid.org/0000-0001-8164-581X,,/github/workspace/logsheets/filtered/water_sampling.csv,XSDAnyURI,True
datatype mismatch,ws,sampl_person_orcid,55,0000-0001-8164-581X,https://orcid.org/0000-0001-8164-581X,,/github/workspace/logsheets/filtered/water_sampling.csv,XSDAnyURI,True
datatype mismatch,ws,sampl_person_orcid,56,0000-0001-8164-581X,https://orcid.org/0000-0001-8164-581X,,/github/workspace/logsheets/filtered/water_sampling.csv,XSDAnyURI,True
datatype mismatch,ws,sampl_person_orcid,57,0000-0001-8164-581X,https://orcid.org/0000-0001-8164-581X,,/github/workspace/logsheets/filtered/water_sampling.csv,XSDAnyURI,True
datatype mismatch,ws,sampl_person_orcid,58,0000-0001-8164-581X,https://orcid.org/0000-0001-8164-581X,,/github/workspace/logsheets/filtered/water_sampling.csv,XSDAnyURI,True
datatype mismatch,ws,sampl_person_orcid,59,0000-0001-8164-581X,https://orcid.org/0000-0001-8164-581X,,/github/workspace/logsheets/filtered/water_sampling.csv,XSDAnyURI,True
datatype mismatch,ws,sampl_person_orcid,60,0000-0001-8164-581X,https://orcid.org/0000-0001-8164-581X,,/github/workspace/logsheets/filtered/water_sampling.csv,XSDAnyURI,True
datatype mismatch,ws,sampl_person_orcid,61,0000-0001-8164-581X,https://orcid.org/0000-0001-8164-581X,,/github/workspace/logsheets/filtered/water_sampling.csv,XSDAnyURI,True
datatype mismatch,ws,sampl_person_orcid,62,0000-0001-8164-581X,https://orcid.org/0000-0001-8164-581X,,/github/workspace/logsheets/filtered/water_sampling.csv,XSDAnyURI,True
datatype mismatch,ws,sampl_person_orcid,63,0000-0001-8164-581X,https://orcid.org/0000-0001-8164-581X,,/github/workspace/logsheets/filtered/water_sampling.csv,XSDAnyURI,True
datatype mismatch,ws,sampl_person_orcid,64,0000-0001-8164-581X,https://orcid.org/0000-0001-8164-581X,,/github/workspace/logsheets/filtered/water_sampling.csv,XSDAnyURI,True
datatype mismatch,ws,sampl_person_orcid,65,0000-0001-8164-581X,https://orcid.org/0000-0001-8164-581X,,/github/workspace/logsheets/filtered/water_sampling.csv,XSDAnyURI,True
datatype mismatch,ws,sampl_person_orcid,66,0000-0001-8164-581X,https://orcid.org/0000-0001-8164-581X,,/github/workspace/logsheets/filtered/water_sampling.csv,XSDAnyURI,True
datatype mismatch,ws,sampl_person_orcid,67,0000-0001-8164-581X,https://orcid.org/0000-0001-8164-581X,,/github/workspace/logsheets/filtered/water_sampling.csv,XSDAnyURI,True
datatype mismatch,ws,sampl_person_orcid,68,0000-0001-8164-581X,https://orcid.org/0000-0001-8164-581X,,/github/workspace/logsheets/filtered/water_sampling.csv,XSDAnyURI,True
datatype mismatch,ws,sampl_person_orcid,69,0000-0001-8164-581X,https://orcid.org/0000-0001-8164-581X,,/github/workspace/logsheets/filtered/water_sampling.csv,XSDAnyURI,True
datatype mismatch,ws,sampl_person_orcid,70,0000-0001-8164-581X,https://orcid.org/0000-0001-8164-581X,,/github/workspace/logsheets/filtered/water_sampling.csv,XSDAnyURI,True
datatype mismatch,ws,sampl_person_orcid,71,0000-0001-8164-581X,https://orcid.org/0000-0001-8164-581X,,/github/workspace/logsheets/filtered/water_sampling.csv,XSDAnyURI,True
datatype mismatch,ws,sampl_person_orcid,72,0000-0001-8164-581X,https://orcid.org/0000-0001-8164-581X,,/github/workspace/logsheets/filtered/water_sampling.csv,XSDAnyURI,True
datatype mismatch,ws,sampl_person_orcid,73,0000-0001-8164-581X,https://orcid.org/0000-0001-8164-581X,,/github/workspace/logsheets/filtered/water_sampling.csv,XSDAnyURI,True
datatype mismatch,ws,sampl_person_orcid,74,0000-0001-8164-581X,https://orcid.org/0000-0001-8164-581X,,/github/workspace/logsheets/filtered/water_sampling.csv,XSDAnyURI,True
datatype mismatch,ws,sampl_person_orcid,75,0000-0001-8164-581X,https://orcid.org/0000-0001-8164-581X,,/github/workspace/logsheets/filtered/water_sampling.csv,XSDAnyURI,True
datatype mismatch,ws,sampl_person_orcid,76,0000-0001-8164-581X,https://orcid.org/0000-0001-8164-581X,,/github/workspace/logsheets/filtered/water_sampling.csv,XSDAnyURI,True
datatype mismatch,ws,sampl_person_orcid,77,0000-0001-8164-581X,https://orcid.org/0000-0001-8164-581X,,/github/workspace/logsheets/filtered/water_sampling.csv,XSDAnyURI,True
datatype mismatch,ws,sampl_person_orcid,78,0000-0001-8164-581X,https://orcid.org/0000-0001-8164-581X,,/github/workspace/logsheets/filtered/water_sampling.csv,XSDAnyURI,True
datatype mismatch,ws,sampl_person_orcid,79,0000-0001-8164-581X,https://orcid.org/0000-0001-8164-581X,,/github/workspace/logsheets/filtered/water_sampling.csv,XSDAnyURI,True
datatype mismatch,ws,sampl_person_orcid,80,0000-0001-8164-581X,https://orcid.org/0000-0001-8164-581X,,/github/workspace/logsheets/filtered/water_sampling.csv,XSDAnyURI,True
datatype mismatch,ws,sampl_person_orcid,81,0000-0001-8164-581X,https://orcid.org/0000-0001-8164-581X,,/github/workspace/logsheets/filtered/water_sampling.csv,XSDAnyURI,True
datatype mismatch,ws,sampl_person_orcid,82,0000-0001-8164-581X,https://orcid.org/0000-0001-8164-581X,,/github/workspace/logsheets/filtered/water_sampling.csv,XSDAnyURI,True
datatype mismatch,ws,sampl_person_orcid,83,0000-0001-8164-581X,https://orcid.org/0000-0001-8164-581X,,/github/workspace/logsheets/filtered/water_sampling.csv,XSDAnyURI,True
datatype mismatch,ws,sampl_person_orcid,84,0000-0001-8164-581X,https://orcid.org/0000-0001-8164-581X,,/github/workspace/logsheets/filtered/water_sampling.csv,XSDAnyURI,True
datatype mismatch,ws,sampl_person_orcid,85,0000-0001-8164-581X,https://orcid.org/0000-0001-8164-581X,,/github/workspace/logsheets/filtered/water_sampling.csv,XSDAnyURI,True
datatype mismatch,ws,sampl_person_orcid,86,0000-0001-8164-581X,https://orcid.org/0000-0001-8164-581X,,/github/workspace/logsheets/filtered/water_sampling.csv,XSDAnyURI,True
datatype mismatch,ws,sampl_person_orcid,87,0000-0001-8164-581X,https://orcid.org/0000-0001-8164-581X,,/github/workspace/logsheets/filtered/water_sampling.csv,XSDAnyURI,True
datatype mismatch,ws,sampl_person_orcid,88,0000-0001-8164-581X,https://orcid.org/0000-0001-8164-581X,,/github/workspace/logsheets/filtered/water_sampling.csv,XSDAnyURI,True
datatype mismatch,ws,sampl_person_orcid,89,0000-0001-8164-581X,https://orcid.org/0000-0001-8164-581X,,/github/workspace/logsheets/filtered/water_sampling.csv,XSDAnyURI,True
datatype mismatch,ws,sampl_person_orcid,90,0000-0001-8164-581X,https://orcid.org/0000-0001-8164-581X,,/github/workspace/logsheets/filtered/water_sampling.csv,XSDAnyURI,True
missing value,ws,sampling_event,251,,,,/github/workspace/logsheets/filtered/water_sampling.csv,XSDString,False
missing value,ws,sampling_event,252,,,,/github/workspace/logsheets/filtered/water_sampling.csv,XSDString,False
missing value,ws,sampling_event,253,,,,/github/workspace/logsheets/filtered/water_sampling.csv,XSDString,False
missing value,ws,sampling_event,254,,,,/github/workspace/logsheets/filtered/water_sampling.csv,XSDString,False
missing value,ws,sampling_event,255,,,,/github/workspace/logsheets/filtered/water_sampling.csv,XSDString,False
missing value,ws,sampling_event,256,,,,/github/workspace/logsheets/filtered/water_sampling.csv,XSDString,False
missing value,ws,sampling_event,257,,,,/github/workspace/logsheets/filtered/water_sampling.csv,XSDString,False
missing value,ws,sampling_event,258,,,,/github/workspace/logsheets/filtered/water_sampling.csv,XSDString,False
missing value,ws,sampling_event,259,,,,/github/workspace/logsheets/filtered/water_sampling.csv,XSDString,False
missing value,ws,sampling_event,260,,,,/github/workspace/logsheets/filtered/water_sampling.csv,XSDString,False
missing value,ws,sampling_event,261,,,,/github/workspace/logsheets/filtered/water_sampling.csv,XSDString,False
missing value,ws,sampling_event,262,,,,/github/workspace/logsheets/filtered/water_sampling.csv,XSDString,False
missing value,ws,sampling_event,263,,,,/github/workspace/logsheets/filtered/water_sampling.csv,XSDString,False
missing value,ws,sampling_event,264,,,,/github/workspace/logsheets/filtered/water_sampling.csv,XSDString,False
missing value,ws,sampling_event,265,,,,/github/workspace/logsheets/filtered/water_sampling.csv,XSDString,False
missing value,ws,sampling_event,266,,,,/github/workspace/logsheets/filtered/water_sampling.csv,XSDString,False
missing value,ws,sampling_event,267,,,,/github/workspace/logsheets/filtered/water_sampling.csv,XSDString,False
missing value,ws,sampling_event,268,,,,/github/workspace/logsheets/filtered/water_sampling.csv,XSDString,False
missing value,ws,sampling_event,269,,,,/github/workspace/logsheets/filtered/water_sampling.csv,XSDString,False
missing value,ws,sampling_event,270,,,,/github/workspace/logsheets/filtered/water_sampling.csv,XSDString,False
missing value,ws,sampling_event,271,,,,/github/workspace/logsheets/filtered/water_sampling.csv,XSDString,False
missing value,ws,sampling_event,272,,,,/github/workspace/logsheets/filtered/water_sampling.csv,XSDString,False
missing value,ws,sampling_event,273,,,,/github/workspace/logsheets/filtered/water_sampling.csv,XSDString,False
missing value,ws,sampling_event,274,,,,/github/workspace/logsheets/filtered/water_sampling.csv,XSDString,False
missing value,ws,sampling_event,275,,,,/github/workspace/logsheets/filtered/water_sampling.csv,XSDString,False
missing value,ws,sampling_event,276,,,,/github/workspace/logsheets/filtered/water_sampling.csv,XSDString,False
missing value,ws,sampling_event,277,,,,/github/workspace/logsheets/filtered/water_sampling.csv,XSDString,False
missing value,ws,sampling_event,278,,,,/github/workspace/logsheets/filtered/water_sampling.csv,XSDString,False
missing value,ws,sampling_event,279,,,,/github/workspace/logsheets/filtered/water_sampling.csv,XSDString,False
missing value,ws,sampling_event,280,,,,/github/workspace/logsheets/filtered/water_sampling.csv,XSDString,False
missing value,ws,sampling_event,281,,,,/github/workspace/logsheets/filtered/water_sampling.csv,XSDString,False
missing value,ws,sampling_event,282,,,,/github/workspace/logsheets/filtered/water_sampling.csv,XSDString,False
missing value,ws,sampling_event,283,,,,/github/workspace/logsheets/filtered/water_sampling.csv,XSDString,False
missing value,ws,sampling_event,284,,,,/github/workspace/logsheets/filtered/water_sampling.csv,XSDString,False
missing value,ws,sampling_event,285,,,,/github/workspace/logsheets/filtered/water_sampling.csv,XSDString,False
missing value,ws,sampling_event,286,,,,/github/workspace/logsheets/filtered/water_sampling.csv,XSDString,False
missing value,ws,sampling_event,287,,,,/github/workspace/logsheets/filtered/water_sampling.csv,XSDString,False
missing value,ws,sampling_event,288,,,,/github/workspace/logsheets/filtered/water_sampling.csv,XSDString,False
missing value,ws,sampling_event,289,,,,/github/workspace/logsheets/filtered/water_sampling.csv,XSDString,False
missing value,ws,sampling_event,290,,,,/github/workspace/logsheets/filtered/water_sampling.csv,XSDString,False
missing value,ws,sampling_event,291,,,,/github/workspace/logsheets/filtered/water_sampling.csv,XSDString,False
missing value,ws,sampling_event,292,,,,/github/workspace/logsheets/filtered/water_sampling.csv,XSDString,False
missing value,ws,sampling_event,293,,,,/github/workspace/logsheets/filtered/water_sampling.csv,XSDString,False
missing value,ws,sampling_event,294,,,,/github/workspace/logsheets/filtered/water_sampling.csv,XSDString,False
missing value,ws,sampling_event,295,,,,/github/workspace/logsheets/filtered/water_sampling.csv,XSDString,False
missing value,ws,sampling_event,296,,,,/github/workspace/logsheets/filtered/water_sampling.csv,XSDString,False
missing value,ws,sampling_event,297,,,,/github/workspace/logsheets/filtered/water_sampling.csv,XSDString,False
missing value,ws,sampling_event,298,,,,/github/workspace/logsheets/filtered/water_sampling.csv,XSDString,False
missing value,ws,sampling_event,299,,,,/github/workspace/logsheets/filtered/water_sampling.csv,XSDString,False
missing value,ws,sampling_event,300,,,,/github/workspace/logsheets/filtered/water_sampling.csv,XSDString,False
missing value,ws,sampling_event,301,,,,/github/workspace/logsheets/filtered/water_sampling.csv,XSDString,False
missing value,ws,sampling_event,302,,,,/github/workspace/logsheets/filtered/water_sampling.csv,XSDString,False
missing value,ws,sampling_event,303,,,,/github/workspace/logsheets/filtered/water_sampling.csv,XSDString,False
missing value,ws,sampling_event,304,,,,/github/workspace/logsheets/filtered/water_sampling.csv,XSDString,False
missing value,ws,sampling_event,305,,,,/github/workspace/logsheets/filtered/water_sampling.csv,XSDString,False
missing value,ws,sampling_event,306,,,,/github/workspace/logsheets/filtered/water_sampling.csv,XSDString,False
missing value,ws,sampling_event,307,,,,/github/workspace/logsheets/filtered/water_sampling.csv,XSDString,False
missing value,ws,sampling_event,308,,,,/github/workspace/logsheets/filtered/water_sampling.csv,XSDString,False
missing value,ws,sampling_event,309,,,,/github/workspace/logsheets/filtered/water_sampling.csv,XSDString,False
missing value,ws,sampling_event,310,,,,/github/workspace/logsheets/filtered/water_sampling.csv,XSDString,False
missing value,ws,sampling_event,311,,,,/github/workspace/logsheets/filtered/water_sampling.csv,XSDString,False
missing value,ws,sampling_event,312,,,,/github/workspace/logsheets/filtered/water_sampling.csv,XSDString,False
missing value,ws,sampling_event,313,,,,/github/workspace/logsheets/filtered/water_sampling.csv,XSDString,False
missing value,ws,sampling_event,314,,,,/github/workspace/logsheets/filtered/water_sampling.csv,XSDString,False
missing value,ws,sampling_event,315,,,,/github/workspace/logsheets/filtered/water_sampling.csv,XSDString,False
missing value,ws,sampling_event,316,,,,/github/workspace/logsheets/filtered/water_sampling.csv,XSDString,False
missing value,ws,sampling_event,317,,,,/github/workspace/logsheets/filtered/water_sampling.csv,XSDString,False
missing value,ws,sampling_event,318,,,,/github/workspace/logsheets/filtered/water_sampling.csv,XSDString,False
missing value,ws,sampling_event,319,,,,/github/workspace/logsheets/filtered/water_sampling.csv,XSDString,False
missing value,ws,sampling_event,320,,,,/github/workspace/logsheets/filtered/water_sampling.csv,XSDString,False
missing value,ws,sampling_event,321,,,,/github/workspace/logsheets/filtered/water_sampling.csv,XSDString,False
missing value,ws,sampling_event,322,,,,/github/workspace/logsheets/filtered/water_sampling.csv,XSDString,False
missing value,ws,sampling_event,323,,,,/github/workspace/logsheets/filtered/water_sampling.csv,XSDString,False
missing value,ws,sampling_event,324,,,,/github/workspace/logsheets/filtered/water_sampling.csv,XSDString,False
missing value,ws,sampling_event,325,,,,/github/workspace/logsheets/filtered/water_sampling.csv,XSDString,False
missing value,ws,sampling_event,326,,,,/github/workspace/logsheets/filtered/water_sampling.csv,XSDString,False
missing value,ws,sampling_event,327,,,,/github/workspace/logsheets/filtered/water_sampling.csv,XSDString,False
missing value,ws,sampling_event,328,,,,/github/workspace/logsheets/filtered/water_sampling.csv,XSDString,False
missing value,ws,sampling_event,329,,,,/github/workspace/logsheets/filtered/water_sampling.csv,XSDString,False
missing value,ws,sampling_event,330,,,,/github/workspace/logsheets/filtered/water_sampling.csv,XSDString,False
missing value,ws,sampling_event,331,,,,/github/workspace/logsheets/filtered/water_sampling.csv,XSDString,False
missing value,ws,sampling_event,332,,,,/github/workspace/logsheets/filtered/water_sampling.csv,XSDString,False
missing value,ws,sampling_event,333,,,,/github/workspace/logsheets/filtered/water_sampling.csv,XSDString,False
missing value,ws,sampling_event,334,,,,/github/workspace/logsheets/filtered/water_sampling.csv,XSDString,False
missing value,ws,sampling_event,335,,,,/github/workspace/logsheets/filtered/water_sampling.csv,XSDString,False
missing value,ws,sampling_event,336,,,,/github/workspace/logsheets/filtered/water_sampling.csv,XSDString,False
missing value,ws,sampling_event,337,,,,/github/workspace/logsheets/filtered/water_sampling.csv,XSDString,False
missing value,ws,sampling_event,338,,,,/github/workspace/logsheets/filtered/water_sampling.csv,XSDString,False
missing value,ws,sampling_event,339,,,,/github/workspace/logsheets/filtered/water_sampling.csv,XSDString,False
missing value,ws,sampling_event,340,,,,/github/workspace/logsheets/filtered/water_sampling.csv,XSDString,False
missing value,ws,sampling_event,341,,,,/github/workspace/logsheets/filtered/water_sampling.csv,XSDString,False
missing value,ws,sampling_event,342,,,,/github/workspace/logsheets/filtered/water_sampling.csv,XSDString,False
missing value,ws,sampling_event,343,,,,/github/workspace/logsheets/filtered/water_sampling.csv,XSDString,False
missing value,ws,sampling_event,344,,,,/github/workspace/logsheets/filtered/water_sampling.csv,XSDString,False
missing value,ws,sampling_event,345,,,,/github/workspace/logsheets/filtered/water_sampling.csv,XSDString,False
missing value,ws,sampling_event,346,,,,/github/workspace/logsheets/filtered/water_sampling.csv,XSDString,False
missing value,ws,sampling_event,347,,,,/github/workspace/logsheets/filtered/water_sampling.csv,XSDString,False
datatype mismatch,ws,ship_date,1,2021-10-12 00:00:00,2021-10-12,,/github/workspace/logsheets/filtered/water_sampling.csv,XSDDate,False
datatype mismatch,ws,ship_date,2,2021-10-12 00:00:00,2021-10-12,,/github/workspace/logsheets/filtered/water_sampling.csv,XSDDate,False
missing value,ws,ship_date,3,,,,/github/workspace/logsheets/filtered/water_sampling.csv,XSDDate,False
missing value,ws,ship_date,4,,,,/github/workspace/logsheets/filtered/water_sampling.csv,XSDDate,False
datatype mismatch,ws,ship_date,5,2021-10-12 00:00:00,2021-10-12,,/github/workspace/logsheets/filtered/water_sampling.csv,XSDDate,False
datatype mismatch,ws,ship_date,6,2021-10-12 00:00:00,2021-10-12,,/github/workspace/logsheets/filtered/water_sampling.csv,XSDDate,False
missing value,ws,ship_date,7,,,,/github/workspace/logsheets/filtered/water_sampling.csv,XSDDate,False
missing value,ws,ship_date,8,,,,/github/workspace/logsheets/filtered/water_sampling.csv,XSDDate,False
missing value,ws,ship_date,9,,,,/github/workspace/logsheets/filtered/water_sampling.csv,XSDDate,False
missing value,ws,ship_date,10,,,,/github/workspace/logsheets/filtered/water_sampling.csv,XSDDate,False
datatype mismatch,ws,ship_date,11,2022-01-24 00:00:00,2022-01-24,,/github/workspace/logsheets/filtered/water_sampling.csv,XSDDate,False
datatype mismatch,ws,ship_date,12,2022-01-24 00:00:00,2022-01-24,,/github/workspace/logsheets/filtered/water_sampling.csv,XSDDate,False
missing value,ws,ship_date,13,,,,/github/workspace/logsheets/filtered/water_sampling.csv,XSDDate,False
missing value,ws,ship_date,14,,,,/github/workspace/logsheets/filtered/water_sampling.csv,XSDDate,False
datatype mismatch,ws,ship_date,15,2022-01-24 00:00:00,2022-01-24,,/github/workspace/logsheets/filtered/water_sampling.csv,XSDDate,False
datatype mismatch,ws,ship_date,16,2022-01-24 00:00:00,2022-01-24,,/github/workspace/logsheets/filtered/water_sampling.csv,XSDDate,False
missing value,ws,ship_date,17,,,,/github/workspace/logsheets/filtered/water_sampling.csv,XSDDate,False
missing value,ws,ship_date,18,,,,/github/workspace/logsheets/filtered/water_sampling.csv,XSDDate,False
missing value,ws,ship_date,19,,,,/github/workspace/logsheets/filtered/water_sampling.csv,XSDDate,False
missing value,ws,ship_date,20,,,,/github/workspace/logsheets/filtered/water_sampling.csv,XSDDate,False
datatype mismatch,ws,ship_date,21,2022-01-24 00:00:00,2022-01-24,,/github/workspace/logsheets/filtered/water_sampling.csv,XSDDate,False
datatype mismatch,ws,ship_date,22,2022-01-24 00:00:00,2022-01-24,,/github/workspace/logsheets/filtered/water_sampling.csv,XSDDate,False
missing value,ws,ship_date,23,,,,/github/workspace/logsheets/filtered/water_sampling.csv,XSDDate,False
missing value,ws,ship_date,24,,,,/github/workspace/logsheets/filtered/water_sampling.csv,XSDDate,False
datatype mismatch,ws,ship_date,25,2022-01-24 00:00:00,2022-01-24,,/github/workspace/logsheets/filtered/water_sampling.csv,XSDDate,False
datatype mismatch,ws,ship_date,26,2022-01-24 00:00:00,2022-01-24,,/github/workspace/logsheets/filtered/water_sampling.csv,XSDDate,False
missing value,ws,ship_date,27,,,,/github/workspace/logsheets/filtered/water_sampling.csv,XSDDate,False
missing value,ws,ship_date,28,,,,/github/workspace/logsheets/filtered/water_sampling.csv,XSDDate,False
datatype mismatch,ws,ship_date,29,2022-01-24 00:00:00,2022-01-24,,/github/workspace/logsheets/filtered/water_sampling.csv,XSDDate,False
datatype mismatch,ws,ship_date,30,2022-01-24 00:00:00,2022-01-24,,/github/workspace/logsheets/filtered/water_sampling.csv,XSDDate,False
datatype mismatch,ws,ship_date,31,2022-10-17 00:00:00,2022-10-17,,/github/workspace/logsheets/filtered/water_sampling.csv,XSDDate,False
datatype mismatch,ws,ship_date,32,2022-10-17 00:00:00,2022-10-17,,/github/workspace/logsheets/filtered/water_sampling.csv,XSDDate,False
missing value,ws,ship_date,33,,,,/github/workspace/logsheets/filtered/water_sampling.csv,XSDDate,False
missing value,ws,ship_date,34,,,,/github/workspace/logsheets/filtered/water_sampling.csv,XSDDate,False
datatype mismatch,ws,ship_date,35,2022-10-17 00:00:00,2022-10-17,,/github/workspace/logsheets/filtered/water_sampling.csv,XSDDate,False
datatype mismatch,ws,ship_date,36,2022-10-17 00:00:00,2022-10-17,,/github/workspace/logsheets/filtered/water_sampling.csv,XSDDate,False
missing value,ws,ship_date,37,,,,/github/workspace/logsheets/filtered/water_sampling.csv,XSDDate,False
missing value,ws,ship_date,38,,,,/github/workspace/logsheets/filtered/water_sampling.csv,XSDDate,False
missing value,ws,ship_date,39,,,,/github/workspace/logsheets/filtered/water_sampling.csv,XSDDate,False
missing value,ws,ship_date,40,,,,/github/workspace/logsheets/filtered/water_sampling.csv,XSDDate,False
datatype mismatch,ws,ship_date,41,2022-10-17 00:00:00,2022-10-17,,/github/workspace/logsheets/filtered/water_sampling.csv,XSDDate,False
datatype mismatch,ws,ship_date,42,2022-10-17 00:00:00,2022-10-17,,/github/workspace/logsheets/filtered/water_sampling.csv,XSDDate,False
missing value,ws,ship_date,43,,,,/github/workspace/logsheets/filtered/water_sampling.csv,XSDDate,False
missing value,ws,ship_date,44,,,,/github/workspace/logsheets/filtered/water_sampling.csv,XSDDate,False
datatype mismatch,ws,ship_date,45,2022-10-17 00:00:00,2022-10-17,,/github/workspace/logsheets/filtered/water_sampling.csv,XSDDate,False
datatype mismatch,ws,ship_date,46,2022-10-17 00:00:00,2022-10-17,,/github/workspace/logsheets/filtered/water_sampling.csv,XSDDate,False
missing value,ws,ship_date,47,,,,/github/workspace/logsheets/filtered/water_sampling.csv,XSDDate,False
missing value,ws,ship_date,48,,,,/github/workspace/logsheets/filtered/water_sampling.csv,XSDDate,False
missing value,ws,ship_date,49,,,,/github/workspace/logsheets/filtered/water_sampling.csv,XSDDate,False
missing value,ws,ship_date,50,,,,/github/workspace/logsheets/filtered/water_sampling.csv,XSDDate,False
datatype mismatch,ws,ship_date,51,2022-10-17 00:00:00,2022-10-17,,/github/workspace/logsheets/filtered/water_sampling.csv,XSDDate,False
datatype mismatch,ws,ship_date,52,2022-10-17 00:00:00,2022-10-17,,/github/workspace/logsheets/filtered/water_sampling.csv,XSDDate,False
missing value,ws,ship_date,53,,,,/github/workspace/logsheets/filtered/water_sampling.csv,XSDDate,False
missing value,ws,ship_date,54,,,,/github/workspace/logsheets/filtered/water_sampling.csv,XSDDate,False
datatype mismatch,ws,ship_date,55,2022-10-17 00:00:00,2022-10-17,,/github/workspace/logsheets/filtered/water_sampling.csv,XSDDate,False
datatype mismatch,ws,ship_date,56,2022-10-17 00:00:00,2022-10-17,,/github/workspace/logsheets/filtered/water_sampling.csv,XSDDate,False
missing value,ws,ship_date,57,,,,/github/workspace/logsheets/filtered/water_sampling.csv,XSDDate,False
missing value,ws,ship_date,58,,,,/github/workspace/logsheets/filtered/water_sampling.csv,XSDDate,False
missing value,ws,ship_date,59,,,,/github/workspace/logsheets/filtered/water_sampling.csv,XSDDate,False
missing value,ws,ship_date,60,,,,/github/workspace/logsheets/filtered/water_sampling.csv,XSDDate,False
datatype mismatch,ws,ship_date,61,2022-10-17 00:00:00,2022-10-17,,/github/workspace/logsheets/filtered/water_sampling.csv,XSDDate,False
datatype mismatch,ws,ship_date,62,2022-10-17 00:00:00,2022-10-17,,/github/workspace/logsheets/filtered/water_sampling.csv,XSDDate,False
missing value,ws,ship_date,63,,,,/github/workspace/logsheets/filtered/water_sampling.csv,XSDDate,False
missing value,ws,ship_date,64,,,,/github/workspace/logsheets/filtered/water_sampling.csv,XSDDate,False
datatype mismatch,ws,ship_date,65,2022-10-17 00:00:00,2022-10-17,,/github/workspace/logsheets/filtered/water_sampling.csv,XSDDate,False
datatype mismatch,ws,ship_date,66,2022-10-17 00:00:00,2022-10-17,,/github/workspace/logsheets/filtered/water_sampling.csv,XSDDate,False
missing value,ws,ship_date,67,,,,/github/workspace/logsheets/filtered/water_sampling.csv,XSDDate,False
missing value,ws,ship_date,68,,,,/github/workspace/logsheets/filtered/water_sampling.csv,XSDDate,False
missing value,ws,ship_date,69,,,,/github/workspace/logsheets/filtered/water_sampling.csv,XSDDate,False
missing value,ws,ship_date,70,,,,/github/workspace/logsheets/filtered/water_sampling.csv,XSDDate,False
datatype mismatch,ws,ship_date,71,2023-06-19 00:00:00,2023-06-19,,/github/workspace/logsheets/filtered/water_sampling.csv,XSDDate,False
datatype mismatch,ws,ship_date,72,2023-06-19 00:00:00,2023-06-19,,/github/workspace/logsheets/filtered/water_sampling.csv,XSDDate,False
missing value,ws,ship_date,73,,,,/github/workspace/logsheets/filtered/water_sampling.csv,XSDDate,False
missing value,ws,ship_date,74,,,,/github/workspace/logsheets/filtered/water_sampling.csv,XSDDate,False
datatype mismatch,ws,ship_date,75,2023-06-19 00:00:00,2023-06-19,,/github/workspace/logsheets/filtered/water_sampling.csv,XSDDate,False
datatype mismatch,ws,ship_date,76,2023-06-19 00:00:00,2023-06-19,,/github/workspace/logsheets/filtered/water_sampling.csv,XSDDate,False
missing value,ws,ship_date,77,,,,/github/workspace/logsheets/filtered/water_sampling.csv,XSDDate,False
missing value,ws,ship_date,78,,,,/github/workspace/logsheets/filtered/water_sampling.csv,XSDDate,False
missing value,ws,ship_date,79,,,,/github/workspace/logsheets/filtered/water_sampling.csv,XSDDate,False
missing value,ws,ship_date,80,,,,/github/workspace/logsheets/filtered/water_sampling.csv,XSDDate,False
datatype mismatch,ws,ship_date,81,2023-06-19 00:00:00,2023-06-19,,/github/workspace/logsheets/filtered/water_sampling.csv,XSDDate,False
datatype mismatch,ws,ship_date,82,2023-06-19 00:00:00,2023-06-19,,/github/workspace/logsheets/filtered/water_sampling.csv,XSDDate,False
missing value,ws,ship_date,83,,,,/github/workspace/logsheets/filtered/water_sampling.csv,XSDDate,False
missing value,ws,ship_date,84,,,,/github/workspace/logsheets/filtered/water_sampling.csv,XSDDate,False
datatype mismatch,ws,ship_date,85,2023-06-19 00:00:00,2023-06-19,,/github/workspace/logsheets/filtered/water_sampling.csv,XSDDate,False
datatype mismatch,ws,ship_date,86,2023-06-19 00:00:00,2023-06-19,,/github/workspace/logsheets/filtered/water_sampling.csv,XSDDate,False
missing value,ws,ship_date,87,,,,/github/workspace/logsheets/filtered/water_sampling.csv,XSDDate,False
missing value,ws,ship_date,88,,,,/github/workspace/logsheets/filtered/water_sampling.csv,XSDDate,False
missing value,ws,ship_date,89,,,,/github/workspace/logsheets/filtered/water_sampling.csv,XSDDate,False
missing value,ws,ship_date,90,,,,/github/workspace/logsheets/filtered/water_sampling.csv,XSDDate,False
datatype mismatch,ws,ship_date,251,pls ship for batch 9,,,/github/workspace/logsheets/filtered/water_sampling.csv,XSDDate,False
missing value,ws,ship_date,252,,,,/github/workspace/logsheets/filtered/water_sampling.csv,XSDDate,False
missing value,ws,ship_date,253,,,,/github/workspace/logsheets/filtered/water_sampling.csv,XSDDate,False
missing value,ws,ship_date,254,,,,/github/workspace/logsheets/filtered/water_sampling.csv,XSDDate,False
datatype mismatch,ws,ship_date,255,pls ship for batch 9,,,/github/workspace/logsheets/filtered/water_sampling.csv,XSDDate,False
missing value,ws,ship_date,256,,,,/github/workspace/logsheets/filtered/water_sampling.csv,XSDDate,False
missing value,ws,ship_date,257,,,,/github/workspace/logsheets/filtered/water_sampling.csv,XSDDate,False
missing value,ws,ship_date,258,,,,/github/workspace/logsheets/filtered/water_sampling.csv,XSDDate,False
missing value,ws,ship_date,259,,,,/github/workspace/logsheets/filtered/water_sampling.csv,XSDDate,False
missing value,ws,ship_date,260,,,,/github/workspace/logsheets/filtered/water_sampling.csv,XSDDate,False
missing value,ws,ship_date,261,,,,/github/workspace/logsheets/filtered/water_sampling.csv,XSDDate,False
missing value,ws,ship_date,262,,,,/github/workspace/logsheets/filtered/water_sampling.csv,XSDDate,False
missing value,ws,ship_date,263,,,,/github/workspace/logsheets/filtered/water_sampling.csv,XSDDate,False
missing value,ws,ship_date,264,,,,/github/workspace/logsheets/filtered/water_sampling.csv,XSDDate,False
missing value,ws,ship_date,265,,,,/github/workspace/logsheets/filtered/water_sampling.csv,XSDDate,False
missing value,ws,ship_date,266,,,,/github/workspace/logsheets/filtered/water_sampling.csv,XSDDate,False
missing value,ws,ship_date,267,,,,/github/workspace/logsheets/filtered/water_sampling.csv,XSDDate,False
missing value,ws,ship_date,268,,,,/github/workspace/logsheets/filtered/water_sampling.csv,XSDDate,False
missing value,ws,ship_date,269,,,,/github/workspace/logsheets/filtered/water_sampling.csv,XSDDate,False
missing value,ws,ship_date,270,,,,/github/workspace/logsheets/filtered/water_sampling.csv,XSDDate,False
missing value,ws,ship_date,271,,,,/github/workspace/logsheets/filtered/water_sampling.csv,XSDDate,False
missing value,ws,ship_date,272,,,,/github/workspace/logsheets/filtered/water_sampling.csv,XSDDate,False
missing value,ws,ship_date,273,,,,/github/workspace/logsheets/filtered/water_sampling.csv,XSDDate,False
missing value,ws,ship_date,274,,,,/github/workspace/logsheets/filtered/water_sampling.csv,XSDDate,False
missing value,ws,ship_date,275,,,,/github/workspace/logsheets/filtered/water_sampling.csv,XSDDate,False
missing value,ws,ship_date,276,,,,/github/workspace/logsheets/filtered/water_sampling.csv,XSDDate,False
missing value,ws,ship_date,277,,,,/github/workspace/logsheets/filtered/water_sampling.csv,XSDDate,False
missing value,ws,ship_date,278,,,,/github/workspace/logsheets/filtered/water_sampling.csv,XSDDate,False
missing value,ws,ship_date,279,,,,/github/workspace/logsheets/filtered/water_sampling.csv,XSDDate,False
missing value,ws,ship_date,280,,,,/github/workspace/logsheets/filtered/water_sampling.csv,XSDDate,False
missing value,ws,ship_date,281,,,,/github/workspace/logsheets/filtered/water_sampling.csv,XSDDate,False
missing value,ws,ship_date,282,,,,/github/workspace/logsheets/filtered/water_sampling.csv,XSDDate,False
missing value,ws,ship_date,283,,,,/github/workspace/logsheets/filtered/water_sampling.csv,XSDDate,False
missing value,ws,ship_date,284,,,,/github/workspace/logsheets/filtered/water_sampling.csv,XSDDate,False
missing value,ws,ship_date,285,,,,/github/workspace/logsheets/filtered/water_sampling.csv,XSDDate,False
missing value,ws,ship_date,286,,,,/github/workspace/logsheets/filtered/water_sampling.csv,XSDDate,False
missing value,ws,ship_date,287,,,,/github/workspace/logsheets/filtered/water_sampling.csv,XSDDate,False
missing value,ws,ship_date,288,,,,/github/workspace/logsheets/filtered/water_sampling.csv,XSDDate,False
missing value,ws,ship_date,289,,,,/github/workspace/logsheets/filtered/water_sampling.csv,XSDDate,False
missing value,ws,ship_date,290,,,,/github/workspace/logsheets/filtered/water_sampling.csv,XSDDate,False
missing value,ws,ship_date,291,,,,/github/workspace/logsheets/filtered/water_sampling.csv,XSDDate,False
missing value,ws,ship_date,292,,,,/github/workspace/logsheets/filtered/water_sampling.csv,XSDDate,False
missing value,ws,ship_date,293,,,,/github/workspace/logsheets/filtered/water_sampling.csv,XSDDate,False
missing value,ws,ship_date,294,,,,/github/workspace/logsheets/filtered/water_sampling.csv,XSDDate,False
missing value,ws,ship_date,295,,,,/github/workspace/logsheets/filtered/water_sampling.csv,XSDDate,False
missing value,ws,ship_date,296,,,,/github/workspace/logsheets/filtered/water_sampling.csv,XSDDate,False
missing value,ws,ship_date,297,,,,/github/workspace/logsheets/filtered/water_sampling.csv,XSDDate,False
missing value,ws,ship_date,298,,,,/github/workspace/logsheets/filtered/water_sampling.csv,XSDDate,False
missing value,ws,ship_date,299,,,,/github/workspace/logsheets/filtered/water_sampling.csv,XSDDate,False
missing value,ws,ship_date,300,,,,/github/workspace/logsheets/filtered/water_sampling.csv,XSDDate,False
missing value,ws,ship_date,301,,,,/github/workspace/logsheets/filtered/water_sampling.csv,XSDDate,False
missing value,ws,ship_date,302,,,,/github/workspace/logsheets/filtered/water_sampling.csv,XSDDate,False
missing value,ws,ship_date,303,,,,/github/workspace/logsheets/filtered/water_sampling.csv,XSDDate,False
missing value,ws,ship_date,304,,,,/github/workspace/logsheets/filtered/water_sampling.csv,XSDDate,False
missing value,ws,ship_date,305,,,,/github/workspace/logsheets/filtered/water_sampling.csv,XSDDate,False
missing value,ws,ship_date,306,,,,/github/workspace/logsheets/filtered/water_sampling.csv,XSDDate,False
missing value,ws,ship_date,307,,,,/github/workspace/logsheets/filtered/water_sampling.csv,XSDDate,False
missing value,ws,ship_date,308,,,,/github/workspace/logsheets/filtered/water_sampling.csv,XSDDate,False
missing value,ws,ship_date,309,,,,/github/workspace/logsheets/filtered/water_sampling.csv,XSDDate,False
missing value,ws,ship_date,310,,,,/github/workspace/logsheets/filtered/water_sampling.csv,XSDDate,False
missing value,ws,ship_date,311,,,,/github/workspace/logsheets/filtered/water_sampling.csv,XSDDate,False
missing value,ws,ship_date,312,,,,/github/workspace/logsheets/filtered/water_sampling.csv,XSDDate,False
missing value,ws,ship_date,313,,,,/github/workspace/logsheets/filtered/water_sampling.csv,XSDDate,False
missing value,ws,ship_date,314,,,,/github/workspace/logsheets/filtered/water_sampling.csv,XSDDate,False
missing value,ws,ship_date,315,,,,/github/workspace/logsheets/filtered/water_sampling.csv,XSDDate,False
missing value,ws,ship_date,316,,,,/github/workspace/logsheets/filtered/water_sampling.csv,XSDDate,False
missing value,ws,ship_date,317,,,,/github/workspace/logsheets/filtered/water_sampling.csv,XSDDate,False
missing value,ws,ship_date,318,,,,/github/workspace/logsheets/filtered/water_sampling.csv,XSDDate,False
missing value,ws,ship_date,319,,,,/github/workspace/logsheets/filtered/water_sampling.csv,XSDDate,False
missing value,ws,ship_date,320,,,,/github/workspace/logsheets/filtered/water_sampling.csv,XSDDate,False
missing value,ws,ship_date,321,,,,/github/workspace/logsheets/filtered/water_sampling.csv,XSDDate,False
missing value,ws,ship_date,322,,,,/github/workspace/logsheets/filtered/water_sampling.csv,XSDDate,False
missing value,ws,ship_date,323,,,,/github/workspace/logsheets/filtered/water_sampling.csv,XSDDate,False
missing value,ws,ship_date,324,,,,/github/workspace/logsheets/filtered/water_sampling.csv,XSDDate,False
missing value,ws,ship_date,325,,,,/github/workspace/logsheets/filtered/water_sampling.csv,XSDDate,False
missing value,ws,ship_date,326,,,,/github/workspace/logsheets/filtered/water_sampling.csv,XSDDate,False
missing value,ws,ship_date,327,,,,/github/workspace/logsheets/filtered/water_sampling.csv,XSDDate,False
missing value,ws,ship_date,328,,,,/github/workspace/logsheets/filtered/water_sampling.csv,XSDDate,False
missing value,ws,ship_date,329,,,,/github/workspace/logsheets/filtered/water_sampling.csv,XSDDate,False
missing value,ws,ship_date,330,,,,/github/workspace/logsheets/filtered/water_sampling.csv,XSDDate,False
missing value,ws,ship_date,331,,,,/github/workspace/logsheets/filtered/water_sampling.csv,XSDDate,False
missing value,ws,ship_date,332,,,,/github/workspace/logsheets/filtered/water_sampling.csv,XSDDate,False
missing value,ws,ship_date,333,,,,/github/workspace/logsheets/filtered/water_sampling.csv,XSDDate,False
missing value,ws,ship_date,334,,,,/github/workspace/logsheets/filtered/water_sampling.csv,XSDDate,False
missing value,ws,ship_date,335,,,,/github/workspace/logsheets/filtered/water_sampling.csv,XSDDate,False
missing value,ws,ship_date,336,,,,/github/workspace/logsheets/filtered/water_sampling.csv,XSDDate,False
missing value,ws,ship_date,337,,,,/github/workspace/logsheets/filtered/water_sampling.csv,XSDDate,False
missing value,ws,ship_date,338,,,,/github/workspace/logsheets/filtered/water_sampling.csv,XSDDate,False
missing value,ws,ship_date,339,,,,/github/workspace/logsheets/filtered/water_sampling.csv,XSDDate,False
missing value,ws,ship_date,340,,,,/github/workspace/logsheets/filtered/water_sampling.csv,XSDDate,False
missing value,ws,ship_date,341,,,,/github/workspace/logsheets/filtered/water_sampling.csv,XSDDate,False
missing value,ws,ship_date,342,,,,/github/workspace/logsheets/filtered/water_sampling.csv,XSDDate,False
missing value,ws,ship_date,343,,,,/github/workspace/logsheets/filtered/water_sampling.csv,XSDDate,False
missing value,ws,ship_date,344,,,,/github/workspace/logsheets/filtered/water_sampling.csv,XSDDate,False
missing value,ws,ship_date,345,,,,/github/workspace/logsheets/filtered/water_sampling.csv,XSDDate,False
missing value,ws,ship_date,346,,,,/github/workspace/logsheets/filtered/water_sampling.csv,XSDDate,False
missing value,ws,ship_date,347,,,,/github/workspace/logsheets/filtered/water_sampling.csv,XSDDate,False
datatype mismatch,ws,ship_date_seq,1,2021-11-24 00:00:00,2021-11-24,,/github/workspace/logsheets/filtered/water_sampling.csv,XSDDate,False
datatype mismatch,ws,ship_date_seq,2,2021-11-24 00:00:00,2021-11-24,,/github/workspace/logsheets/filtered/water_sampling.csv,XSDDate,False
missing value,ws,ship_date_seq,3,,,,/github/workspace/logsheets/filtered/water_sampling.csv,XSDDate,False
missing value,ws,ship_date_seq,4,,,,/github/workspace/logsheets/filtered/water_sampling.csv,XSDDate,False
datatype mismatch,ws,ship_date_seq,5,2021-11-24 00:00:00,2021-11-24,,/github/workspace/logsheets/filtered/water_sampling.csv,XSDDate,False
datatype mismatch,ws,ship_date_seq,6,2021-11-24 00:00:00,2021-11-24,,/github/workspace/logsheets/filtered/water_sampling.csv,XSDDate,False
missing value,ws,ship_date_seq,7,,,,/github/workspace/logsheets/filtered/water_sampling.csv,XSDDate,False
missing value,ws,ship_date_seq,8,,,,/github/workspace/logsheets/filtered/water_sampling.csv,XSDDate,False
missing value,ws,ship_date_seq,9,,,,/github/workspace/logsheets/filtered/water_sampling.csv,XSDDate,False
missing value,ws,ship_date_seq,10,,,,/github/workspace/logsheets/filtered/water_sampling.csv,XSDDate,False
datatype mismatch,ws,ship_date_seq,11,2022-02-22 00:00:00,2022-02-22,,/github/workspace/logsheets/filtered/water_sampling.csv,XSDDate,False
datatype mismatch,ws,ship_date_seq,12,2022-02-22 00:00:00,2022-02-22,,/github/workspace/logsheets/filtered/water_sampling.csv,XSDDate,False
missing value,ws,ship_date_seq,13,,,,/github/workspace/logsheets/filtered/water_sampling.csv,XSDDate,False
missing value,ws,ship_date_seq,14,,,,/github/workspace/logsheets/filtered/water_sampling.csv,XSDDate,False
datatype mismatch,ws,ship_date_seq,15,2022-02-22 00:00:00,2022-02-22,,/github/workspace/logsheets/filtered/water_sampling.csv,XSDDate,False
datatype mismatch,ws,ship_date_seq,16,2022-02-22 00:00:00,2022-02-22,,/github/workspace/logsheets/filtered/water_sampling.csv,XSDDate,False
missing value,ws,ship_date_seq,17,,,,/github/workspace/logsheets/filtered/water_sampling.csv,XSDDate,False
missing value,ws,ship_date_seq,18,,,,/github/workspace/logsheets/filtered/water_sampling.csv,XSDDate,False
missing value,ws,ship_date_seq,19,,,,/github/workspace/logsheets/filtered/water_sampling.csv,XSDDate,False
missing value,ws,ship_date_seq,20,,,,/github/workspace/logsheets/filtered/water_sampling.csv,XSDDate,False
datatype mismatch,ws,ship_date_seq,21,2022-02-22 00:00:00,2022-02-22,,/github/workspace/logsheets/filtered/water_sampling.csv,XSDDate,False
datatype mismatch,ws,ship_date_seq,22,2022-02-22 00:00:00,2022-02-22,,/github/workspace/logsheets/filtered/water_sampling.csv,XSDDate,False
missing value,ws,ship_date_seq,23,,,,/github/workspace/logsheets/filtered/water_sampling.csv,XSDDate,False
missing value,ws,ship_date_seq,24,,,,/github/workspace/logsheets/filtered/water_sampling.csv,XSDDate,False
datatype mismatch,ws,ship_date_seq,25,2022-02-22 00:00:00,2022-02-22,,/github/workspace/logsheets/filtered/water_sampling.csv,XSDDate,False
datatype mismatch,ws,ship_date_seq,26,2022-02-22 00:00:00,2022-02-22,,/github/workspace/logsheets/filtered/water_sampling.csv,XSDDate,False
missing value,ws,ship_date_seq,27,,,,/github/workspace/logsheets/filtered/water_sampling.csv,XSDDate,False
missing value,ws,ship_date_seq,28,,,,/github/workspace/logsheets/filtered/water_sampling.csv,XSDDate,False
datatype mismatch,ws,ship_date_seq,29,2022-02-22 00:00:00,2022-02-22,,/github/workspace/logsheets/filtered/water_sampling.csv,XSDDate,False
datatype mismatch,ws,ship_date_seq,30,2022-02-22 00:00:00,2022-02-22,,/github/workspace/logsheets/filtered/water_sampling.csv,XSDDate,False
datatype mismatch,ws,ship_date_seq,31,2023-06-01 00:00:00,2023-06-01,,/github/workspace/logsheets/filtered/water_sampling.csv,XSDDate,False
datatype mismatch,ws,ship_date_seq,32,2023-06-01 00:00:00,2023-06-01,,/github/workspace/logsheets/filtered/water_sampling.csv,XSDDate,False
missing value,ws,ship_date_seq,33,,,,/github/workspace/logsheets/filtered/water_sampling.csv,XSDDate,False
missing value,ws,ship_date_seq,34,,,,/github/workspace/logsheets/filtered/water_sampling.csv,XSDDate,False
datatype mismatch,ws,ship_date_seq,35,2023-06-01 00:00:00,2023-06-01,,/github/workspace/logsheets/filtered/water_sampling.csv,XSDDate,False
datatype mismatch,ws,ship_date_seq,36,2023-06-01 00:00:00,2023-06-01,,/github/workspace/logsheets/filtered/water_sampling.csv,XSDDate,False
missing value,ws,ship_date_seq,37,,,,/github/workspace/logsheets/filtered/water_sampling.csv,XSDDate,False
missing value,ws,ship_date_seq,38,,,,/github/workspace/logsheets/filtered/water_sampling.csv,XSDDate,False
missing value,ws,ship_date_seq,39,,,,/github/workspace/logsheets/filtered/water_sampling.csv,XSDDate,False
missing value,ws,ship_date_seq,40,,,,/github/workspace/logsheets/filtered/water_sampling.csv,XSDDate,False
datatype mismatch,ws,ship_date_seq,41,2023-06-01 00:00:00,2023-06-01,,/github/workspace/logsheets/filtered/water_sampling.csv,XSDDate,False
datatype mismatch,ws,ship_date_seq,42,2023-06-01 00:00:00,2023-06-01,,/github/workspace/logsheets/filtered/water_sampling.csv,XSDDate,False
missing value,ws,ship_date_seq,43,,,,/github/workspace/logsheets/filtered/water_sampling.csv,XSDDate,False
missing value,ws,ship_date_seq,44,,,,/github/workspace/logsheets/filtered/water_sampling.csv,XSDDate,False
datatype mismatch,ws,ship_date_seq,45,2023-06-01 00:00:00,2023-06-01,,/github/workspace/logsheets/filtered/water_sampling.csv,XSDDate,False
datatype mismatch,ws,ship_date_seq,46,2023-06-01 00:00:00,2023-06-01,,/github/workspace/logsheets/filtered/water_sampling.csv,XSDDate,False
missing value,ws,ship_date_seq,47,,,,/github/workspace/logsheets/filtered/water_sampling.csv,XSDDate,False
missing value,ws,ship_date_seq,48,,,,/github/workspace/logsheets/filtered/water_sampling.csv,XSDDate,False
missing value,ws,ship_date_seq,49,,,,/github/workspace/logsheets/filtered/water_sampling.csv,XSDDate,False
missing value,ws,ship_date_seq,50,,,,/github/workspace/logsheets/filtered/water_sampling.csv,XSDDate,False
datatype mismatch,ws,ship_date_seq,51,2023-06-01 00:00:00,2023-06-01,,/github/workspace/logsheets/filtered/water_sampling.csv,XSDDate,False
datatype mismatch,ws,ship_date_seq,52,2023-06-01 00:00:00,2023-06-01,,/github/workspace/logsheets/filtered/water_sampling.csv,XSDDate,False
missing value,ws,ship_date_seq,53,,,,/github/workspace/logsheets/filtered/water_sampling.csv,XSDDate,False
missing value,ws,ship_date_seq,54,,,,/github/workspace/logsheets/filtered/water_sampling.csv,XSDDate,False
datatype mismatch,ws,ship_date_seq,55,2023-06-01 00:00:00,2023-06-01,,/github/workspace/logsheets/filtered/water_sampling.csv,XSDDate,False
datatype mismatch,ws,ship_date_seq,56,2023-06-01 00:00:00,2023-06-01,,/github/workspace/logsheets/filtered/water_sampling.csv,XSDDate,False
missing value,ws,ship_date_seq,57,,,,/github/workspace/logsheets/filtered/water_sampling.csv,XSDDate,False
missing value,ws,ship_date_seq,58,,,,/github/workspace/logsheets/filtered/water_sampling.csv,XSDDate,False
missing value,ws,ship_date_seq,59,,,,/github/workspace/logsheets/filtered/water_sampling.csv,XSDDate,False
missing value,ws,ship_date_seq,60,,,,/github/workspace/logsheets/filtered/water_sampling.csv,XSDDate,False
datatype mismatch,ws,ship_date_seq,61,2023-06-01 00:00:00,2023-06-01,,/github/workspace/logsheets/filtered/water_sampling.csv,XSDDate,False
datatype mismatch,ws,ship_date_seq,62,2023-06-01 00:00:00,2023-06-01,,/github/workspace/logsheets/filtered/water_sampling.csv,XSDDate,False
missing value,ws,ship_date_seq,63,,,,/github/workspace/logsheets/filtered/water_sampling.csv,XSDDate,False
missing value,ws,ship_date_seq,64,,,,/github/workspace/logsheets/filtered/water_sampling.csv,XSDDate,False
datatype mismatch,ws,ship_date_seq,65,2023-06-01 00:00:00,2023-06-01,,/github/workspace/logsheets/filtered/water_sampling.csv,XSDDate,False
datatype mismatch,ws,ship_date_seq,66,2023-06-01 00:00:00,2023-06-01,,/github/workspace/logsheets/filtered/water_sampling.csv,XSDDate,False
missing value,ws,ship_date_seq,67,,,,/github/workspace/logsheets/filtered/water_sampling.csv,XSDDate,False
missing value,ws,ship_date_seq,68,,,,/github/workspace/logsheets/filtered/water_sampling.csv,XSDDate,False
missing value,ws,ship_date_seq,69,,,,/github/workspace/logsheets/filtered/water_sampling.csv,XSDDate,False
missing value,ws,ship_date_seq,70,,,,/github/workspace/logsheets/filtered/water_sampling.csv,XSDDate,False
datatype mismatch,ws,ship_date_seq,71,2024-04-17 00:00:00,2024-04-17,,/github/workspace/logsheets/filtered/water_sampling.csv,XSDDate,False
datatype mismatch,ws,ship_date_seq,72,2024-04-17 00:00:00,2024-04-17,,/github/workspace/logsheets/filtered/water_sampling.csv,XSDDate,False
missing value,ws,ship_date_seq,73,,,,/github/workspace/logsheets/filtered/water_sampling.csv,XSDDate,False
missing value,ws,ship_date_seq,74,,,,/github/workspace/logsheets/filtered/water_sampling.csv,XSDDate,False
datatype mismatch,ws,ship_date_seq,75,2024-04-17 00:00:00,2024-04-17,,/github/workspace/logsheets/filtered/water_sampling.csv,XSDDate,False
datatype mismatch,ws,ship_date_seq,76,2024-04-17 00:00:00,2024-04-17,,/github/workspace/logsheets/filtered/water_sampling.csv,XSDDate,False
missing value,ws,ship_date_seq,77,,,,/github/workspace/logsheets/filtered/water_sampling.csv,XSDDate,False
missing value,ws,ship_date_seq,78,,,,/github/workspace/logsheets/filtered/water_sampling.csv,XSDDate,False
missing value,ws,ship_date_seq,79,,,,/github/workspace/logsheets/filtered/water_sampling.csv,XSDDate,False
missing value,ws,ship_date_seq,80,,,,/github/workspace/logsheets/filtered/water_sampling.csv,XSDDate,False
datatype mismatch,ws,ship_date_seq,81,2024-04-17 00:00:00,2024-04-17,,/github/workspace/logsheets/filtered/water_sampling.csv,XSDDate,False
datatype mismatch,ws,ship_date_seq,82,2024-04-17 00:00:00,2024-04-17,,/github/workspace/logsheets/filtered/water_sampling.csv,XSDDate,False
missing value,ws,ship_date_seq,83,,,,/github/workspace/logsheets/filtered/water_sampling.csv,XSDDate,False
missing value,ws,ship_date_seq,84,,,,/github/workspace/logsheets/filtered/water_sampling.csv,XSDDate,False
datatype mismatch,ws,ship_date_seq,85,2024-04-17 00:00:00,2024-04-17,,/github/workspace/logsheets/filtered/water_sampling.csv,XSDDate,False
datatype mismatch,ws,ship_date_seq,86,2024-04-17 00:00:00,2024-04-17,,/github/workspace/logsheets/filtered/water_sampling.csv,XSDDate,False
missing value,ws,ship_date_seq,87,,,,/github/workspace/logsheets/filtered/water_sampling.csv,XSDDate,False
missing value,ws,ship_date_seq,88,,,,/github/workspace/logsheets/filtered/water_sampling.csv,XSDDate,False
missing value,ws,ship_date_seq,89,,,,/github/workspace/logsheets/filtered/water_sampling.csv,XSDDate,False
missing value,ws,ship_date_seq,90,,,,/github/workspace/logsheets/filtered/water_sampling.csv,XSDDate,False
missing value,ws,ship_date_seq,251,,,,/github/workspace/logsheets/filtered/water_sampling.csv,XSDDate,False
missing value,ws,ship_date_seq,252,,,,/github/workspace/logsheets/filtered/water_sampling.csv,XSDDate,False
missing value,ws,ship_date_seq,253,,,,/github/workspace/logsheets/filtered/water_sampling.csv,XSDDate,False
missing value,ws,ship_date_seq,254,,,,/github/workspace/logsheets/filtered/water_sampling.csv,XSDDate,False
missing value,ws,ship_date_seq,255,,,,/github/workspace/logsheets/filtered/water_sampling.csv,XSDDate,False
missing value,ws,ship_date_seq,256,,,,/github/workspace/logsheets/filtered/water_sampling.csv,XSDDate,False
missing value,ws,ship_date_seq,257,,,,/github/workspace/logsheets/filtered/water_sampling.csv,XSDDate,False
missing value,ws,ship_date_seq,258,,,,/github/workspace/logsheets/filtered/water_sampling.csv,XSDDate,False
missing value,ws,ship_date_seq,259,,,,/github/workspace/logsheets/filtered/water_sampling.csv,XSDDate,False
missing value,ws,ship_date_seq,260,,,,/github/workspace/logsheets/filtered/water_sampling.csv,XSDDate,False
missing value,ws,ship_date_seq,261,,,,/github/workspace/logsheets/filtered/water_sampling.csv,XSDDate,False
missing value,ws,ship_date_seq,262,,,,/github/workspace/logsheets/filtered/water_sampling.csv,XSDDate,False
missing value,ws,ship_date_seq,263,,,,/github/workspace/logsheets/filtered/water_sampling.csv,XSDDate,False
missing value,ws,ship_date_seq,264,,,,/github/workspace/logsheets/filtered/water_sampling.csv,XSDDate,False
missing value,ws,ship_date_seq,265,,,,/github/workspace/logsheets/filtered/water_sampling.csv,XSDDate,False
missing value,ws,ship_date_seq,266,,,,/github/workspace/logsheets/filtered/water_sampling.csv,XSDDate,False
missing value,ws,ship_date_seq,267,,,,/github/workspace/logsheets/filtered/water_sampling.csv,XSDDate,False
missing value,ws,ship_date_seq,268,,,,/github/workspace/logsheets/filtered/water_sampling.csv,XSDDate,False
missing value,ws,ship_date_seq,269,,,,/github/workspace/logsheets/filtered/water_sampling.csv,XSDDate,False
missing value,ws,ship_date_seq,270,,,,/github/workspace/logsheets/filtered/water_sampling.csv,XSDDate,False
missing value,ws,ship_date_seq,271,,,,/github/workspace/logsheets/filtered/water_sampling.csv,XSDDate,False
missing value,ws,ship_date_seq,272,,,,/github/workspace/logsheets/filtered/water_sampling.csv,XSDDate,False
missing value,ws,ship_date_seq,273,,,,/github/workspace/logsheets/filtered/water_sampling.csv,XSDDate,False
missing value,ws,ship_date_seq,274,,,,/github/workspace/logsheets/filtered/water_sampling.csv,XSDDate,False
missing value,ws,ship_date_seq,275,,,,/github/workspace/logsheets/filtered/water_sampling.csv,XSDDate,False
missing value,ws,ship_date_seq,276,,,,/github/workspace/logsheets/filtered/water_sampling.csv,XSDDate,False
missing value,ws,ship_date_seq,277,,,,/github/workspace/logsheets/filtered/water_sampling.csv,XSDDate,False
missing value,ws,ship_date_seq,278,,,,/github/workspace/logsheets/filtered/water_sampling.csv,XSDDate,False
missing value,ws,ship_date_seq,279,,,,/github/workspace/logsheets/filtered/water_sampling.csv,XSDDate,False
missing value,ws,ship_date_seq,280,,,,/github/workspace/logsheets/filtered/water_sampling.csv,XSDDate,False
missing value,ws,ship_date_seq,281,,,,/github/workspace/logsheets/filtered/water_sampling.csv,XSDDate,False
missing value,ws,ship_date_seq,282,,,,/github/workspace/logsheets/filtered/water_sampling.csv,XSDDate,False
missing value,ws,ship_date_seq,283,,,,/github/workspace/logsheets/filtered/water_sampling.csv,XSDDate,False
missing value,ws,ship_date_seq,284,,,,/github/workspace/logsheets/filtered/water_sampling.csv,XSDDate,False
missing value,ws,ship_date_seq,285,,,,/github/workspace/logsheets/filtered/water_sampling.csv,XSDDate,False
missing value,ws,ship_date_seq,286,,,,/github/workspace/logsheets/filtered/water_sampling.csv,XSDDate,False
missing value,ws,ship_date_seq,287,,,,/github/workspace/logsheets/filtered/water_sampling.csv,XSDDate,False
missing value,ws,ship_date_seq,288,,,,/github/workspace/logsheets/filtered/water_sampling.csv,XSDDate,False
missing value,ws,ship_date_seq,289,,,,/github/workspace/logsheets/filtered/water_sampling.csv,XSDDate,False
missing value,ws,ship_date_seq,290,,,,/github/workspace/logsheets/filtered/water_sampling.csv,XSDDate,False
missing value,ws,ship_date_seq,291,,,,/github/workspace/logsheets/filtered/water_sampling.csv,XSDDate,False
missing value,ws,ship_date_seq,292,,,,/github/workspace/logsheets/filtered/water_sampling.csv,XSDDate,False
missing value,ws,ship_date_seq,293,,,,/github/workspace/logsheets/filtered/water_sampling.csv,XSDDate,False
missing value,ws,ship_date_seq,294,,,,/github/workspace/logsheets/filtered/water_sampling.csv,XSDDate,False
missing value,ws,ship_date_seq,295,,,,/github/workspace/logsheets/filtered/water_sampling.csv,XSDDate,False
missing value,ws,ship_date_seq,296,,,,/github/workspace/logsheets/filtered/water_sampling.csv,XSDDate,False
missing value,ws,ship_date_seq,297,,,,/github/workspace/logsheets/filtered/water_sampling.csv,XSDDate,False
missing value,ws,ship_date_seq,298,,,,/github/workspace/logsheets/filtered/water_sampling.csv,XSDDate,False
missing value,ws,ship_date_seq,299,,,,/github/workspace/logsheets/filtered/water_sampling.csv,XSDDate,False
missing value,ws,ship_date_seq,300,,,,/github/workspace/logsheets/filtered/water_sampling.csv,XSDDate,False
missing value,ws,ship_date_seq,301,,,,/github/workspace/logsheets/filtered/water_sampling.csv,XSDDate,False
missing value,ws,ship_date_seq,302,,,,/github/workspace/logsheets/filtered/water_sampling.csv,XSDDate,False
missing value,ws,ship_date_seq,303,,,,/github/workspace/logsheets/filtered/water_sampling.csv,XSDDate,False
missing value,ws,ship_date_seq,304,,,,/github/workspace/logsheets/filtered/water_sampling.csv,XSDDate,False
missing value,ws,ship_date_seq,305,,,,/github/workspace/logsheets/filtered/water_sampling.csv,XSDDate,False
missing value,ws,ship_date_seq,306,,,,/github/workspace/logsheets/filtered/water_sampling.csv,XSDDate,False
missing value,ws,ship_date_seq,307,,,,/github/workspace/logsheets/filtered/water_sampling.csv,XSDDate,False
missing value,ws,ship_date_seq,308,,,,/github/workspace/logsheets/filtered/water_sampling.csv,XSDDate,False
missing value,ws,ship_date_seq,309,,,,/github/workspace/logsheets/filtered/water_sampling.csv,XSDDate,False
missing value,ws,ship_date_seq,310,,,,/github/workspace/logsheets/filtered/water_sampling.csv,XSDDate,False
missing value,ws,ship_date_seq,311,,,,/github/workspace/logsheets/filtered/water_sampling.csv,XSDDate,False
missing value,ws,ship_date_seq,312,,,,/github/workspace/logsheets/filtered/water_sampling.csv,XSDDate,False
missing value,ws,ship_date_seq,313,,,,/github/workspace/logsheets/filtered/water_sampling.csv,XSDDate,False
missing value,ws,ship_date_seq,314,,,,/github/workspace/logsheets/filtered/water_sampling.csv,XSDDate,False
missing value,ws,ship_date_seq,315,,,,/github/workspace/logsheets/filtered/water_sampling.csv,XSDDate,False
missing value,ws,ship_date_seq,316,,,,/github/workspace/logsheets/filtered/water_sampling.csv,XSDDate,False
missing value,ws,ship_date_seq,317,,,,/github/workspace/logsheets/filtered/water_sampling.csv,XSDDate,False
missing value,ws,ship_date_seq,318,,,,/github/workspace/logsheets/filtered/water_sampling.csv,XSDDate,False
missing value,ws,ship_date_seq,319,,,,/github/workspace/logsheets/filtered/water_sampling.csv,XSDDate,False
missing value,ws,ship_date_seq,320,,,,/github/workspace/logsheets/filtered/water_sampling.csv,XSDDate,False
missing value,ws,ship_date_seq,321,,,,/github/workspace/logsheets/filtered/water_sampling.csv,XSDDate,False
missing value,ws,ship_date_seq,322,,,,/github/workspace/logsheets/filtered/water_sampling.csv,XSDDate,False
missing value,ws,ship_date_seq,323,,,,/github/workspace/logsheets/filtered/water_sampling.csv,XSDDate,False
missing value,ws,ship_date_seq,324,,,,/github/workspace/logsheets/filtered/water_sampling.csv,XSDDate,False
missing value,ws,ship_date_seq,325,,,,/github/workspace/logsheets/filtered/water_sampling.csv,XSDDate,False
missing value,ws,ship_date_seq,326,,,,/github/workspace/logsheets/filtered/water_sampling.csv,XSDDate,False
missing value,ws,ship_date_seq,327,,,,/github/workspace/logsheets/filtered/water_sampling.csv,XSDDate,False
missing value,ws,ship_date_seq,328,,,,/github/workspace/logsheets/filtered/water_sampling.csv,XSDDate,False
missing value,ws,ship_date_seq,329,,,,/github/workspace/logsheets/filtered/water_sampling.csv,XSDDate,False
missing value,ws,ship_date_seq,330,,,,/github/workspace/logsheets/filtered/water_sampling.csv,XSDDate,False
missing value,ws,ship_date_seq,331,,,,/github/workspace/logsheets/filtered/water_sampling.csv,XSDDate,False
missing value,ws,ship_date_seq,332,,,,/github/workspace/logsheets/filtered/water_sampling.csv,XSDDate,False
missing value,ws,ship_date_seq,333,,,,/github/workspace/logsheets/filtered/water_sampling.csv,XSDDate,False
missing value,ws,ship_date_seq,334,,,,/github/workspace/logsheets/filtered/water_sampling.csv,XSDDate,False
missing value,ws,ship_date_seq,335,,,,/github/workspace/logsheets/filtered/water_sampling.csv,XSDDate,False
missing value,ws,ship_date_seq,336,,,,/github/workspace/logsheets/filtered/water_sampling.csv,XSDDate,False
missing value,ws,ship_date_seq,337,,,,/github/workspace/logsheets/filtered/water_sampling.csv,XSDDate,False
missing value,ws,ship_date_seq,338,,,,/github/workspace/logsheets/filtered/water_sampling.csv,XSDDate,False
missing value,ws,ship_date_seq,339,,,,/github/workspace/logsheets/filtered/water_sampling.csv,XSDDate,False
missing value,ws,ship_date_seq,340,,,,/github/workspace/logsheets/filtered/water_sampling.csv,XSDDate,False
missing value,ws,ship_date_seq,341,,,,/github/workspace/logsheets/filtered/water_sampling.csv,XSDDate,False
missing value,ws,ship_date_seq,342,,,,/github/workspace/logsheets/filtered/water_sampling.csv,XSDDate,False
missing value,ws,ship_date_seq,343,,,,/github/workspace/logsheets/filtered/water_sampling.csv,XSDDate,False
missing value,ws,ship_date_seq,344,,,,/github/workspace/logsheets/filtered/water_sampling.csv,XSDDate,False
missing value,ws,ship_date_seq,345,,,,/github/workspace/logsheets/filtered/water_sampling.csv,XSDDate,False
missing value,ws,ship_date_seq,346,,,,/github/workspace/logsheets/filtered/water_sampling.csv,XSDDate,False
missing value,ws,ship_date_seq,347,,,,/github/workspace/logsheets/filtered/water_sampling.csv,XSDDate,False
missing value,ws,size_frac_low,251,,,,/github/workspace/logsheets/filtered/water_sampling.csv,XSDDouble,False
missing value,ws,size_frac_low,252,,,,/github/workspace/logsheets/filtered/water_sampling.csv,XSDDouble,False
missing value,ws,size_frac_low,253,,,,/github/workspace/logsheets/filtered/water_sampling.csv,XSDDouble,False
missing value,ws,size_frac_low,254,,,,/github/workspace/logsheets/filtered/water_sampling.csv,XSDDouble,False
missing value,ws,size_frac_low,255,,,,/github/workspace/logsheets/filtered/water_sampling.csv,XSDDouble,False
missing value,ws,size_frac_low,256,,,,/github/workspace/logsheets/filtered/water_sampling.csv,XSDDouble,False
missing value,ws,size_frac_low,257,,,,/github/workspace/logsheets/filtered/water_sampling.csv,XSDDouble,False
missing value,ws,size_frac_low,258,,,,/github/workspace/logsheets/filtered/water_sampling.csv,XSDDouble,False
missing value,ws,size_frac_low,259,,,,/github/workspace/logsheets/filtered/water_sampling.csv,XSDDouble,False
missing value,ws,size_frac_low,260,,,,/github/workspace/logsheets/filtered/water_sampling.csv,XSDDouble,False
missing value,ws,size_frac_low,261,,,,/github/workspace/logsheets/filtered/water_sampling.csv,XSDDouble,False
missing value,ws,size_frac_low,262,,,,/github/workspace/logsheets/filtered/water_sampling.csv,XSDDouble,False
missing value,ws,size_frac_low,263,,,,/github/workspace/logsheets/filtered/water_sampling.csv,XSDDouble,False
missing value,ws,size_frac_low,264,,,,/github/workspace/logsheets/filtered/water_sampling.csv,XSDDouble,False
missing value,ws,size_frac_low,265,,,,/github/workspace/logsheets/filtered/water_sampling.csv,XSDDouble,False
missing value,ws,size_frac_low,266,,,,/github/workspace/logsheets/filtered/water_sampling.csv,XSDDouble,False
missing value,ws,size_frac_low,267,,,,/github/workspace/logsheets/filtered/water_sampling.csv,XSDDouble,False
missing value,ws,size_frac_low,268,,,,/github/workspace/logsheets/filtered/water_sampling.csv,XSDDouble,False
missing value,ws,size_frac_low,269,,,,/github/workspace/logsheets/filtered/water_sampling.csv,XSDDouble,False
missing value,ws,size_frac_low,270,,,,/github/workspace/logsheets/filtered/water_sampling.csv,XSDDouble,False
missing value,ws,size_frac_low,271,,,,/github/workspace/logsheets/filtered/water_sampling.csv,XSDDouble,False
missing value,ws,size_frac_low,272,,,,/github/workspace/logsheets/filtered/water_sampling.csv,XSDDouble,False
missing value,ws,size_frac_low,273,,,,/github/workspace/logsheets/filtered/water_sampling.csv,XSDDouble,False
missing value,ws,size_frac_low,274,,,,/github/workspace/logsheets/filtered/water_sampling.csv,XSDDouble,False
missing value,ws,size_frac_low,275,,,,/github/workspace/logsheets/filtered/water_sampling.csv,XSDDouble,False
missing value,ws,size_frac_low,276,,,,/github/workspace/logsheets/filtered/water_sampling.csv,XSDDouble,False
missing value,ws,size_frac_low,277,,,,/github/workspace/logsheets/filtered/water_sampling.csv,XSDDouble,False
missing value,ws,size_frac_low,278,,,,/github/workspace/logsheets/filtered/water_sampling.csv,XSDDouble,False
missing value,ws,size_frac_low,279,,,,/github/workspace/logsheets/filtered/water_sampling.csv,XSDDouble,False
missing value,ws,size_frac_low,280,,,,/github/workspace/logsheets/filtered/water_sampling.csv,XSDDouble,False
missing value,ws,size_frac_low,281,,,,/github/workspace/logsheets/filtered/water_sampling.csv,XSDDouble,False
missing value,ws,size_frac_low,282,,,,/github/workspace/logsheets/filtered/water_sampling.csv,XSDDouble,False
missing value,ws,size_frac_low,283,,,,/github/workspace/logsheets/filtered/water_sampling.csv,XSDDouble,False
missing value,ws,size_frac_low,284,,,,/github/workspace/logsheets/filtered/water_sampling.csv,XSDDouble,False
missing value,ws,size_frac_low,285,,,,/github/workspace/logsheets/filtered/water_sampling.csv,XSDDouble,False
missing value,ws,size_frac_low,286,,,,/github/workspace/logsheets/filtered/water_sampling.csv,XSDDouble,False
missing value,ws,size_frac_low,287,,,,/github/workspace/logsheets/filtered/water_sampling.csv,XSDDouble,False
missing value,ws,size_frac_low,288,,,,/github/workspace/logsheets/filtered/water_sampling.csv,XSDDouble,False
missing value,ws,size_frac_low,289,,,,/github/workspace/logsheets/filtered/water_sampling.csv,XSDDouble,False
missing value,ws,size_frac_low,290,,,,/github/workspace/logsheets/filtered/water_sampling.csv,XSDDouble,False
missing value,ws,size_frac_low,291,,,,/github/workspace/logsheets/filtered/water_sampling.csv,XSDDouble,False
missing value,ws,size_frac_low,292,,,,/github/workspace/logsheets/filtered/water_sampling.csv,XSDDouble,False
missing value,ws,size_frac_low,293,,,,/github/workspace/logsheets/filtered/water_sampling.csv,XSDDouble,False
missing value,ws,size_frac_low,294,,,,/github/workspace/logsheets/filtered/water_sampling.csv,XSDDouble,False
missing value,ws,size_frac_low,295,,,,/github/workspace/logsheets/filtered/water_sampling.csv,XSDDouble,False
missing value,ws,size_frac_low,296,,,,/github/workspace/logsheets/filtered/water_sampling.csv,XSDDouble,False
missing value,ws,size_frac_low,297,,,,/github/workspace/logsheets/filtered/water_sampling.csv,XSDDouble,False
missing value,ws,size_frac_low,298,,,,/github/workspace/logsheets/filtered/water_sampling.csv,XSDDouble,False
missing value,ws,size_frac_low,299,,,,/github/workspace/logsheets/filtered/water_sampling.csv,XSDDouble,False
missing value,ws,size_frac_low,300,,,,/github/workspace/logsheets/filtered/water_sampling.csv,XSDDouble,False
missing value,ws,size_frac_low,301,,,,/github/workspace/logsheets/filtered/water_sampling.csv,XSDDouble,False
missing value,ws,size_frac_low,302,,,,/github/workspace/logsheets/filtered/water_sampling.csv,XSDDouble,False
missing value,ws,size_frac_low,303,,,,/github/workspace/logsheets/filtered/water_sampling.csv,XSDDouble,False
missing value,ws,size_frac_low,304,,,,/github/workspace/logsheets/filtered/water_sampling.csv,XSDDouble,False
missing value,ws,size_frac_low,305,,,,/github/workspace/logsheets/filtered/water_sampling.csv,XSDDouble,False
missing value,ws,size_frac_low,306,,,,/github/workspace/logsheets/filtered/water_sampling.csv,XSDDouble,False
missing value,ws,size_frac_low,307,,,,/github/workspace/logsheets/filtered/water_sampling.csv,XSDDouble,False
missing value,ws,size_frac_low,308,,,,/github/workspace/logsheets/filtered/water_sampling.csv,XSDDouble,False
missing value,ws,size_frac_low,309,,,,/github/workspace/logsheets/filtered/water_sampling.csv,XSDDouble,False
missing value,ws,size_frac_low,310,,,,/github/workspace/logsheets/filtered/water_sampling.csv,XSDDouble,False
missing value,ws,size_frac_low,311,,,,/github/workspace/logsheets/filtered/water_sampling.csv,XSDDouble,False
missing value,ws,size_frac_low,312,,,,/github/workspace/logsheets/filtered/water_sampling.csv,XSDDouble,False
missing value,ws,size_frac_low,313,,,,/github/workspace/logsheets/filtered/water_sampling.csv,XSDDouble,False
missing value,ws,size_frac_low,314,,,,/github/workspace/logsheets/filtered/water_sampling.csv,XSDDouble,False
missing value,ws,size_frac_low,315,,,,/github/workspace/logsheets/filtered/water_sampling.csv,XSDDouble,False
missing value,ws,size_frac_low,316,,,,/github/workspace/logsheets/filtered/water_sampling.csv,XSDDouble,False
missing value,ws,size_frac_low,317,,,,/github/workspace/logsheets/filtered/water_sampling.csv,XSDDouble,False
missing value,ws,size_frac_low,318,,,,/github/workspace/logsheets/filtered/water_sampling.csv,XSDDouble,False
missing value,ws,size_frac_low,319,,,,/github/workspace/logsheets/filtered/water_sampling.csv,XSDDouble,False
missing value,ws,size_frac_low,320,,,,/github/workspace/logsheets/filtered/water_sampling.csv,XSDDouble,False
missing value,ws,size_frac_low,321,,,,/github/workspace/logsheets/filtered/water_sampling.csv,XSDDouble,False
missing value,ws,size_frac_low,322,,,,/github/workspace/logsheets/filtered/water_sampling.csv,XSDDouble,False
missing value,ws,size_frac_low,323,,,,/github/workspace/logsheets/filtered/water_sampling.csv,XSDDouble,False
missing value,ws,size_frac_low,324,,,,/github/workspace/logsheets/filtered/water_sampling.csv,XSDDouble,False
missing value,ws,size_frac_low,325,,,,/github/workspace/logsheets/filtered/water_sampling.csv,XSDDouble,False
missing value,ws,size_frac_low,326,,,,/github/workspace/logsheets/filtered/water_sampling.csv,XSDDouble,False
missing value,ws,size_frac_low,327,,,,/github/workspace/logsheets/filtered/water_sampling.csv,XSDDouble,False
missing value,ws,size_frac_low,328,,,,/github/workspace/logsheets/filtered/water_sampling.csv,XSDDouble,False
missing value,ws,size_frac_low,329,,,,/github/workspace/logsheets/filtered/water_sampling.csv,XSDDouble,False
missing value,ws,size_frac_low,330,,,,/github/workspace/logsheets/filtered/water_sampling.csv,XSDDouble,False
missing value,ws,size_frac_low,331,,,,/github/workspace/logsheets/filtered/water_sampling.csv,XSDDouble,False
missing value,ws,size_frac_low,332,,,,/github/workspace/logsheets/filtered/water_sampling.csv,XSDDouble,False
missing value,ws,size_frac_low,333,,,,/github/workspace/logsheets/filtered/water_sampling.csv,XSDDouble,False
missing value,ws,size_frac_low,334,,,,/github/workspace/logsheets/filtered/water_sampling.csv,XSDDouble,False
missing value,ws,size_frac_low,335,,,,/github/workspace/logsheets/filtered/water_sampling.csv,XSDDouble,False
missing value,ws,size_frac_low,336,,,,/github/workspace/logsheets/filtered/water_sampling.csv,XSDDouble,False
missing value,ws,size_frac_low,337,,,,/github/workspace/logsheets/filtered/water_sampling.csv,XSDDouble,False
missing value,ws,size_frac_low,338,,,,/github/workspace/logsheets/filtered/water_sampling.csv,XSDDouble,False
missing value,ws,size_frac_low,339,,,,/github/workspace/logsheets/filtered/water_sampling.csv,XSDDouble,False
missing value,ws,size_frac_low,340,,,,/github/workspace/logsheets/filtered/water_sampling.csv,XSDDouble,False
missing value,ws,size_frac_low,341,,,,/github/workspace/logsheets/filtered/water_sampling.csv,XSDDouble,False
missing value,ws,size_frac_low,342,,,,/github/workspace/logsheets/filtered/water_sampling.csv,XSDDouble,False
missing value,ws,size_frac_low,343,,,,/github/workspace/logsheets/filtered/water_sampling.csv,XSDDouble,False
missing value,ws,size_frac_low,344,,,,/github/workspace/logsheets/filtered/water_sampling.csv,XSDDouble,False
missing value,ws,size_frac_low,345,,,,/github/workspace/logsheets/filtered/water_sampling.csv,XSDDouble,False
missing value,ws,size_frac_low,346,,,,/github/workspace/logsheets/filtered/water_sampling.csv,XSDDouble,False
missing value,ws,size_frac_low,347,,,,/github/workspace/logsheets/filtered/water_sampling.csv,XSDDouble,False
missing value,ws,size_frac_up,251,,,,/github/workspace/logsheets/filtered/water_sampling.csv,XSDDouble,False
missing value,ws,size_frac_up,252,,,,/github/workspace/logsheets/filtered/water_sampling.csv,XSDDouble,False
missing value,ws,size_frac_up,253,,,,/github/workspace/logsheets/filtered/water_sampling.csv,XSDDouble,False
missing value,ws,size_frac_up,254,,,,/github/workspace/logsheets/filtered/water_sampling.csv,XSDDouble,False
missing value,ws,size_frac_up,255,,,,/github/workspace/logsheets/filtered/water_sampling.csv,XSDDouble,False
missing value,ws,size_frac_up,256,,,,/github/workspace/logsheets/filtered/water_sampling.csv,XSDDouble,False
missing value,ws,size_frac_up,257,,,,/github/workspace/logsheets/filtered/water_sampling.csv,XSDDouble,False
missing value,ws,size_frac_up,258,,,,/github/workspace/logsheets/filtered/water_sampling.csv,XSDDouble,False
missing value,ws,size_frac_up,259,,,,/github/workspace/logsheets/filtered/water_sampling.csv,XSDDouble,False
missing value,ws,size_frac_up,260,,,,/github/workspace/logsheets/filtered/water_sampling.csv,XSDDouble,False
missing value,ws,size_frac_up,261,,,,/github/workspace/logsheets/filtered/water_sampling.csv,XSDDouble,False
missing value,ws,size_frac_up,262,,,,/github/workspace/logsheets/filtered/water_sampling.csv,XSDDouble,False
missing value,ws,size_frac_up,263,,,,/github/workspace/logsheets/filtered/water_sampling.csv,XSDDouble,False
missing value,ws,size_frac_up,264,,,,/github/workspace/logsheets/filtered/water_sampling.csv,XSDDouble,False
missing value,ws,size_frac_up,265,,,,/github/workspace/logsheets/filtered/water_sampling.csv,XSDDouble,False
missing value,ws,size_frac_up,266,,,,/github/workspace/logsheets/filtered/water_sampling.csv,XSDDouble,False
missing value,ws,size_frac_up,267,,,,/github/workspace/logsheets/filtered/water_sampling.csv,XSDDouble,False
missing value,ws,size_frac_up,268,,,,/github/workspace/logsheets/filtered/water_sampling.csv,XSDDouble,False
missing value,ws,size_frac_up,269,,,,/github/workspace/logsheets/filtered/water_sampling.csv,XSDDouble,False
missing value,ws,size_frac_up,270,,,,/github/workspace/logsheets/filtered/water_sampling.csv,XSDDouble,False
missing value,ws,size_frac_up,271,,,,/github/workspace/logsheets/filtered/water_sampling.csv,XSDDouble,False
missing value,ws,size_frac_up,272,,,,/github/workspace/logsheets/filtered/water_sampling.csv,XSDDouble,False
missing value,ws,size_frac_up,273,,,,/github/workspace/logsheets/filtered/water_sampling.csv,XSDDouble,False
missing value,ws,size_frac_up,274,,,,/github/workspace/logsheets/filtered/water_sampling.csv,XSDDouble,False
missing value,ws,size_frac_up,275,,,,/github/workspace/logsheets/filtered/water_sampling.csv,XSDDouble,False
missing value,ws,size_frac_up,276,,,,/github/workspace/logsheets/filtered/water_sampling.csv,XSDDouble,False
missing value,ws,size_frac_up,277,,,,/github/workspace/logsheets/filtered/water_sampling.csv,XSDDouble,False
missing value,ws,size_frac_up,278,,,,/github/workspace/logsheets/filtered/water_sampling.csv,XSDDouble,False
missing value,ws,size_frac_up,279,,,,/github/workspace/logsheets/filtered/water_sampling.csv,XSDDouble,False
missing value,ws,size_frac_up,280,,,,/github/workspace/logsheets/filtered/water_sampling.csv,XSDDouble,False
missing value,ws,size_frac_up,281,,,,/github/workspace/logsheets/filtered/water_sampling.csv,XSDDouble,False
missing value,ws,size_frac_up,282,,,,/github/workspace/logsheets/filtered/water_sampling.csv,XSDDouble,False
missing value,ws,size_frac_up,283,,,,/github/workspace/logsheets/filtered/water_sampling.csv,XSDDouble,False
missing value,ws,size_frac_up,284,,,,/github/workspace/logsheets/filtered/water_sampling.csv,XSDDouble,False
missing value,ws,size_frac_up,285,,,,/github/workspace/logsheets/filtered/water_sampling.csv,XSDDouble,False
missing value,ws,size_frac_up,286,,,,/github/workspace/logsheets/filtered/water_sampling.csv,XSDDouble,False
missing value,ws,size_frac_up,287,,,,/github/workspace/logsheets/filtered/water_sampling.csv,XSDDouble,False
missing value,ws,size_frac_up,288,,,,/github/workspace/logsheets/filtered/water_sampling.csv,XSDDouble,False
missing value,ws,size_frac_up,289,,,,/github/workspace/logsheets/filtered/water_sampling.csv,XSDDouble,False
missing value,ws,size_frac_up,290,,,,/github/workspace/logsheets/filtered/water_sampling.csv,XSDDouble,False
missing value,ws,size_frac_up,291,,,,/github/workspace/logsheets/filtered/water_sampling.csv,XSDDouble,False
missing value,ws,size_frac_up,292,,,,/github/workspace/logsheets/filtered/water_sampling.csv,XSDDouble,False
missing value,ws,size_frac_up,293,,,,/github/workspace/logsheets/filtered/water_sampling.csv,XSDDouble,False
missing value,ws,size_frac_up,294,,,,/github/workspace/logsheets/filtered/water_sampling.csv,XSDDouble,False
missing value,ws,size_frac_up,295,,,,/github/workspace/logsheets/filtered/water_sampling.csv,XSDDouble,False
missing value,ws,size_frac_up,296,,,,/github/workspace/logsheets/filtered/water_sampling.csv,XSDDouble,False
missing value,ws,size_frac_up,297,,,,/github/workspace/logsheets/filtered/water_sampling.csv,XSDDouble,False
missing value,ws,size_frac_up,298,,,,/github/workspace/logsheets/filtered/water_sampling.csv,XSDDouble,False
missing value,ws,size_frac_up,299,,,,/github/workspace/logsheets/filtered/water_sampling.csv,XSDDouble,False
missing value,ws,size_frac_up,300,,,,/github/workspace/logsheets/filtered/water_sampling.csv,XSDDouble,False
missing value,ws,size_frac_up,301,,,,/github/workspace/logsheets/filtered/water_sampling.csv,XSDDouble,False
missing value,ws,size_frac_up,302,,,,/github/workspace/logsheets/filtered/water_sampling.csv,XSDDouble,False
missing value,ws,size_frac_up,303,,,,/github/workspace/logsheets/filtered/water_sampling.csv,XSDDouble,False
missing value,ws,size_frac_up,304,,,,/github/workspace/logsheets/filtered/water_sampling.csv,XSDDouble,False
missing value,ws,size_frac_up,305,,,,/github/workspace/logsheets/filtered/water_sampling.csv,XSDDouble,False
missing value,ws,size_frac_up,306,,,,/github/workspace/logsheets/filtered/water_sampling.csv,XSDDouble,False
missing value,ws,size_frac_up,307,,,,/github/workspace/logsheets/filtered/water_sampling.csv,XSDDouble,False
missing value,ws,size_frac_up,308,,,,/github/workspace/logsheets/filtered/water_sampling.csv,XSDDouble,False
missing value,ws,size_frac_up,309,,,,/github/workspace/logsheets/filtered/water_sampling.csv,XSDDouble,False
missing value,ws,size_frac_up,310,,,,/github/workspace/logsheets/filtered/water_sampling.csv,XSDDouble,False
missing value,ws,size_frac_up,311,,,,/github/workspace/logsheets/filtered/water_sampling.csv,XSDDouble,False
missing value,ws,size_frac_up,312,,,,/github/workspace/logsheets/filtered/water_sampling.csv,XSDDouble,False
missing value,ws,size_frac_up,313,,,,/github/workspace/logsheets/filtered/water_sampling.csv,XSDDouble,False
missing value,ws,size_frac_up,314,,,,/github/workspace/logsheets/filtered/water_sampling.csv,XSDDouble,False
missing value,ws,size_frac_up,315,,,,/github/workspace/logsheets/filtered/water_sampling.csv,XSDDouble,False
missing value,ws,size_frac_up,316,,,,/github/workspace/logsheets/filtered/water_sampling.csv,XSDDouble,False
missing value,ws,size_frac_up,317,,,,/github/workspace/logsheets/filtered/water_sampling.csv,XSDDouble,False
missing value,ws,size_frac_up,318,,,,/github/workspace/logsheets/filtered/water_sampling.csv,XSDDouble,False
missing value,ws,size_frac_up,319,,,,/github/workspace/logsheets/filtered/water_sampling.csv,XSDDouble,False
missing value,ws,size_frac_up,320,,,,/github/workspace/logsheets/filtered/water_sampling.csv,XSDDouble,False
missing value,ws,size_frac_up,321,,,,/github/workspace/logsheets/filtered/water_sampling.csv,XSDDouble,False
missing value,ws,size_frac_up,322,,,,/github/workspace/logsheets/filtered/water_sampling.csv,XSDDouble,False
missing value,ws,size_frac_up,323,,,,/github/workspace/logsheets/filtered/water_sampling.csv,XSDDouble,False
missing value,ws,size_frac_up,324,,,,/github/workspace/logsheets/filtered/water_sampling.csv,XSDDouble,False
missing value,ws,size_frac_up,325,,,,/github/workspace/logsheets/filtered/water_sampling.csv,XSDDouble,False
missing value,ws,size_frac_up,326,,,,/github/workspace/logsheets/filtered/water_sampling.csv,XSDDouble,False
missing value,ws,size_frac_up,327,,,,/github/workspace/logsheets/filtered/water_sampling.csv,XSDDouble,False
missing value,ws,size_frac_up,328,,,,/github/workspace/logsheets/filtered/water_sampling.csv,XSDDouble,False
missing value,ws,size_frac_up,329,,,,/github/workspace/logsheets/filtered/water_sampling.csv,XSDDouble,False
missing value,ws,size_frac_up,330,,,,/github/workspace/logsheets/filtered/water_sampling.csv,XSDDouble,False
missing value,ws,size_frac_up,331,,,,/github/workspace/logsheets/filtered/water_sampling.csv,XSDDouble,False
missing value,ws,size_frac_up,332,,,,/github/workspace/logsheets/filtered/water_sampling.csv,XSDDouble,False
missing value,ws,size_frac_up,333,,,,/github/workspace/logsheets/filtered/water_sampling.csv,XSDDouble,False
missing value,ws,size_frac_up,334,,,,/github/workspace/logsheets/filtered/water_sampling.csv,XSDDouble,False
missing value,ws,size_frac_up,335,,,,/github/workspace/logsheets/filtered/water_sampling.csv,XSDDouble,False
missing value,ws,size_frac_up,336,,,,/github/workspace/logsheets/filtered/water_sampling.csv,XSDDouble,False
missing value,ws,size_frac_up,337,,,,/github/workspace/logsheets/filtered/water_sampling.csv,XSDDouble,False
missing value,ws,size_frac_up,338,,,,/github/workspace/logsheets/filtered/water_sampling.csv,XSDDouble,False
missing value,ws,size_frac_up,339,,,,/github/workspace/logsheets/filtered/water_sampling.csv,XSDDouble,False
missing value,ws,size_frac_up,340,,,,/github/workspace/logsheets/filtered/water_sampling.csv,XSDDouble,False
missing value,ws,size_frac_up,341,,,,/github/workspace/logsheets/filtered/water_sampling.csv,XSDDouble,False
missing value,ws,size_frac_up,342,,,,/github/workspace/logsheets/filtered/water_sampling.csv,XSDDouble,False
missing value,ws,size_frac_up,343,,,,/github/workspace/logsheets/filtered/water_sampling.csv,XSDDouble,False
missing value,ws,size_frac_up,344,,,,/github/workspace/logsheets/filtered/water_sampling.csv,XSDDouble,False
missing value,ws,size_frac_up,345,,,,/github/workspace/logsheets/filtered/water_sampling.csv,XSDDouble,False
missing value,ws,size_frac_up,346,,,,/github/workspace/logsheets/filtered/water_sampling.csv,XSDDouble,False
missing value,ws,size_frac_up,347,,,,/github/workspace/logsheets/filtered/water_sampling.csv,XSDDouble,False
missing value,ws,size_frac,251,,,,/github/workspace/logsheets/filtered/water_sampling.csv,XSDString,False
missing value,ws,size_frac,252,,,,/github/workspace/logsheets/filtered/water_sampling.csv,XSDString,False
missing value,ws,size_frac,253,,,,/github/workspace/logsheets/filtered/water_sampling.csv,XSDString,False
missing value,ws,size_frac,254,,,,/github/workspace/logsheets/filtered/water_sampling.csv,XSDString,False
missing value,ws,size_frac,255,,,,/github/workspace/logsheets/filtered/water_sampling.csv,XSDString,False
missing value,ws,size_frac,256,,,,/github/workspace/logsheets/filtered/water_sampling.csv,XSDString,False
missing value,ws,size_frac,257,,,,/github/workspace/logsheets/filtered/water_sampling.csv,XSDString,False
missing value,ws,size_frac,258,,,,/github/workspace/logsheets/filtered/water_sampling.csv,XSDString,False
missing value,ws,size_frac,259,,,,/github/workspace/logsheets/filtered/water_sampling.csv,XSDString,False
missing value,ws,size_frac,260,,,,/github/workspace/logsheets/filtered/water_sampling.csv,XSDString,False
missing value,ws,size_frac,261,,,,/github/workspace/logsheets/filtered/water_sampling.csv,XSDString,False
missing value,ws,size_frac,262,,,,/github/workspace/logsheets/filtered/water_sampling.csv,XSDString,False
missing value,ws,size_frac,263,,,,/github/workspace/logsheets/filtered/water_sampling.csv,XSDString,False
missing value,ws,size_frac,264,,,,/github/workspace/logsheets/filtered/water_sampling.csv,XSDString,False
missing value,ws,size_frac,265,,,,/github/workspace/logsheets/filtered/water_sampling.csv,XSDString,False
missing value,ws,size_frac,266,,,,/github/workspace/logsheets/filtered/water_sampling.csv,XSDString,False
missing value,ws,size_frac,267,,,,/github/workspace/logsheets/filtered/water_sampling.csv,XSDString,False
missing value,ws,size_frac,268,,,,/github/workspace/logsheets/filtered/water_sampling.csv,XSDString,False
missing value,ws,size_frac,269,,,,/github/workspace/logsheets/filtered/water_sampling.csv,XSDString,False
missing value,ws,size_frac,270,,,,/github/workspace/logsheets/filtered/water_sampling.csv,XSDString,False
missing value,ws,size_frac,271,,,,/github/workspace/logsheets/filtered/water_sampling.csv,XSDString,False
missing value,ws,size_frac,272,,,,/github/workspace/logsheets/filtered/water_sampling.csv,XSDString,False
missing value,ws,size_frac,273,,,,/github/workspace/logsheets/filtered/water_sampling.csv,XSDString,False
missing value,ws,size_frac,274,,,,/github/workspace/logsheets/filtered/water_sampling.csv,XSDString,False
missing value,ws,size_frac,275,,,,/github/workspace/logsheets/filtered/water_sampling.csv,XSDString,False
missing value,ws,size_frac,276,,,,/github/workspace/logsheets/filtered/water_sampling.csv,XSDString,False
missing value,ws,size_frac,277,,,,/github/workspace/logsheets/filtered/water_sampling.csv,XSDString,False
missing value,ws,size_frac,278,,,,/github/workspace/logsheets/filtered/water_sampling.csv,XSDString,False
missing value,ws,size_frac,279,,,,/github/workspace/logsheets/filtered/water_sampling.csv,XSDString,False
missing value,ws,size_frac,280,,,,/github/workspace/logsheets/filtered/water_sampling.csv,XSDString,False
missing value,ws,size_frac,281,,,,/github/workspace/logsheets/filtered/water_sampling.csv,XSDString,False
missing value,ws,size_frac,282,,,,/github/workspace/logsheets/filtered/water_sampling.csv,XSDString,False
missing value,ws,size_frac,283,,,,/github/workspace/logsheets/filtered/water_sampling.csv,XSDString,False
missing value,ws,size_frac,284,,,,/github/workspace/logsheets/filtered/water_sampling.csv,XSDString,False
missing value,ws,size_frac,285,,,,/github/workspace/logsheets/filtered/water_sampling.csv,XSDString,False
missing value,ws,size_frac,286,,,,/github/workspace/logsheets/filtered/water_sampling.csv,XSDString,False
missing value,ws,size_frac,287,,,,/github/workspace/logsheets/filtered/water_sampling.csv,XSDString,False
missing value,ws,size_frac,288,,,,/github/workspace/logsheets/filtered/water_sampling.csv,XSDString,False
missing value,ws,size_frac,289,,,,/github/workspace/logsheets/filtered/water_sampling.csv,XSDString,False
missing value,ws,size_frac,290,,,,/github/workspace/logsheets/filtered/water_sampling.csv,XSDString,False
missing value,ws,size_frac,291,,,,/github/workspace/logsheets/filtered/water_sampling.csv,XSDString,False
missing value,ws,size_frac,292,,,,/github/workspace/logsheets/filtered/water_sampling.csv,XSDString,False
missing value,ws,size_frac,293,,,,/github/workspace/logsheets/filtered/water_sampling.csv,XSDString,False
missing value,ws,size_frac,294,,,,/github/workspace/logsheets/filtered/water_sampling.csv,XSDString,False
missing value,ws,size_frac,295,,,,/github/workspace/logsheets/filtered/water_sampling.csv,XSDString,False
missing value,ws,size_frac,296,,,,/github/workspace/logsheets/filtered/water_sampling.csv,XSDString,False
missing value,ws,size_frac,297,,,,/github/workspace/logsheets/filtered/water_sampling.csv,XSDString,False
missing value,ws,size_frac,298,,,,/github/workspace/logsheets/filtered/water_sampling.csv,XSDString,False
missing value,ws,size_frac,299,,,,/github/workspace/logsheets/filtered/water_sampling.csv,XSDString,False
missing value,ws,size_frac,300,,,,/github/workspace/logsheets/filtered/water_sampling.csv,XSDString,False
missing value,ws,size_frac,301,,,,/github/workspace/logsheets/filtered/water_sampling.csv,XSDString,False
missing value,ws,size_frac,302,,,,/github/workspace/logsheets/filtered/water_sampling.csv,XSDString,False
missing value,ws,size_frac,303,,,,/github/workspace/logsheets/filtered/water_sampling.csv,XSDString,False
missing value,ws,size_frac,304,,,,/github/workspace/logsheets/filtered/water_sampling.csv,XSDString,False
missing value,ws,size_frac,305,,,,/github/workspace/logsheets/filtered/water_sampling.csv,XSDString,False
missing value,ws,size_frac,306,,,,/github/workspace/logsheets/filtered/water_sampling.csv,XSDString,False
missing value,ws,size_frac,307,,,,/github/workspace/logsheets/filtered/water_sampling.csv,XSDString,False
missing value,ws,size_frac,308,,,,/github/workspace/logsheets/filtered/water_sampling.csv,XSDString,False
missing value,ws,size_frac,309,,,,/github/workspace/logsheets/filtered/water_sampling.csv,XSDString,False
missing value,ws,size_frac,310,,,,/github/workspace/logsheets/filtered/water_sampling.csv,XSDString,False
missing value,ws,size_frac,311,,,,/github/workspace/logsheets/filtered/water_sampling.csv,XSDString,False
missing value,ws,size_frac,312,,,,/github/workspace/logsheets/filtered/water_sampling.csv,XSDString,False
missing value,ws,size_frac,313,,,,/github/workspace/logsheets/filtered/water_sampling.csv,XSDString,False
missing value,ws,size_frac,314,,,,/github/workspace/logsheets/filtered/water_sampling.csv,XSDString,False
missing value,ws,size_frac,315,,,,/github/workspace/logsheets/filtered/water_sampling.csv,XSDString,False
missing value,ws,size_frac,316,,,,/github/workspace/logsheets/filtered/water_sampling.csv,XSDString,False
missing value,ws,size_frac,317,,,,/github/workspace/logsheets/filtered/water_sampling.csv,XSDString,False
missing value,ws,size_frac,318,,,,/github/workspace/logsheets/filtered/water_sampling.csv,XSDString,False
missing value,ws,size_frac,319,,,,/github/workspace/logsheets/filtered/water_sampling.csv,XSDString,False
missing value,ws,size_frac,320,,,,/github/workspace/logsheets/filtered/water_sampling.csv,XSDString,False
missing value,ws,size_frac,321,,,,/github/workspace/logsheets/filtered/water_sampling.csv,XSDString,False
missing value,ws,size_frac,322,,,,/github/workspace/logsheets/filtered/water_sampling.csv,XSDString,False
missing value,ws,size_frac,323,,,,/github/workspace/logsheets/filtered/water_sampling.csv,XSDString,False
missing value,ws,size_frac,324,,,,/github/workspace/logsheets/filtered/water_sampling.csv,XSDString,False
missing value,ws,size_frac,325,,,,/github/workspace/logsheets/filtered/water_sampling.csv,XSDString,False
missing value,ws,size_frac,326,,,,/github/workspace/logsheets/filtered/water_sampling.csv,XSDString,False
missing value,ws,size_frac,327,,,,/github/workspace/logsheets/filtered/water_sampling.csv,XSDString,False
missing value,ws,size_frac,328,,,,/github/workspace/logsheets/filtered/water_sampling.csv,XSDString,False
missing value,ws,size_frac,329,,,,/github/workspace/logsheets/filtered/water_sampling.csv,XSDString,False
missing value,ws,size_frac,330,,,,/github/workspace/logsheets/filtered/water_sampling.csv,XSDString,False
missing value,ws,size_frac,331,,,,/github/workspace/logsheets/filtered/water_sampling.csv,XSDString,False
missing value,ws,size_frac,332,,,,/github/workspace/logsheets/filtered/water_sampling.csv,XSDString,False
missing value,ws,size_frac,333,,,,/github/workspace/logsheets/filtered/water_sampling.csv,XSDString,False
missing value,ws,size_frac,334,,,,/github/workspace/logsheets/filtered/water_sampling.csv,XSDString,False
missing value,ws,size_frac,335,,,,/github/workspace/logsheets/filtered/water_sampling.csv,XSDString,False
missing value,ws,size_frac,336,,,,/github/workspace/logsheets/filtered/water_sampling.csv,XSDString,False
missing value,ws,size_frac,337,,,,/github/workspace/logsheets/filtered/water_sampling.csv,XSDString,False
missing value,ws,size_frac,338,,,,/github/workspace/logsheets/filtered/water_sampling.csv,XSDString,False
missing value,ws,size_frac,339,,,,/github/workspace/logsheets/filtered/water_sampling.csv,XSDString,False
missing value,ws,size_frac,340,,,,/github/workspace/logsheets/filtered/water_sampling.csv,XSDString,False
missing value,ws,size_frac,341,,,,/github/workspace/logsheets/filtered/water_sampling.csv,XSDString,False
missing value,ws,size_frac,342,,,,/github/workspace/logsheets/filtered/water_sampling.csv,XSDString,False
missing value,ws,size_frac,343,,,,/github/workspace/logsheets/filtered/water_sampling.csv,XSDString,False
missing value,ws,size_frac,344,,,,/github/workspace/logsheets/filtered/water_sampling.csv,XSDString,False
missing value,ws,size_frac,345,,,,/github/workspace/logsheets/filtered/water_sampling.csv,XSDString,False
missing value,ws,size_frac,346,,,,/github/workspace/logsheets/filtered/water_sampling.csv,XSDString,False
missing value,ws,size_frac,347,,,,/github/workspace/logsheets/filtered/water_sampling.csv,XSDString,False
missing value,ws,store_person,251,,,,/github/workspace/logsheets/filtered/water_sampling.csv,XSDString,False
missing value,ws,store_person,252,,,,/github/workspace/logsheets/filtered/water_sampling.csv,XSDString,False
missing value,ws,store_person,253,,,,/github/workspace/logsheets/filtered/water_sampling.csv,XSDString,False
missing value,ws,store_person,254,,,,/github/workspace/logsheets/filtered/water_sampling.csv,XSDString,False
missing value,ws,store_person,255,,,,/github/workspace/logsheets/filtered/water_sampling.csv,XSDString,False
missing value,ws,store_person,256,,,,/github/workspace/logsheets/filtered/water_sampling.csv,XSDString,False
missing value,ws,store_person,257,,,,/github/workspace/logsheets/filtered/water_sampling.csv,XSDString,False
missing value,ws,store_person,258,,,,/github/workspace/logsheets/filtered/water_sampling.csv,XSDString,False
missing value,ws,store_person,259,,,,/github/workspace/logsheets/filtered/water_sampling.csv,XSDString,False
missing value,ws,store_person,260,,,,/github/workspace/logsheets/filtered/water_sampling.csv,XSDString,False
missing value,ws,store_person,261,,,,/github/workspace/logsheets/filtered/water_sampling.csv,XSDString,False
missing value,ws,store_person,262,,,,/github/workspace/logsheets/filtered/water_sampling.csv,XSDString,False
missing value,ws,store_person,263,,,,/github/workspace/logsheets/filtered/water_sampling.csv,XSDString,False
missing value,ws,store_person,264,,,,/github/workspace/logsheets/filtered/water_sampling.csv,XSDString,False
missing value,ws,store_person,265,,,,/github/workspace/logsheets/filtered/water_sampling.csv,XSDString,False
missing value,ws,store_person,266,,,,/github/workspace/logsheets/filtered/water_sampling.csv,XSDString,False
missing value,ws,store_person,267,,,,/github/workspace/logsheets/filtered/water_sampling.csv,XSDString,False
missing value,ws,store_person,268,,,,/github/workspace/logsheets/filtered/water_sampling.csv,XSDString,False
missing value,ws,store_person,269,,,,/github/workspace/logsheets/filtered/water_sampling.csv,XSDString,False
missing value,ws,store_person,270,,,,/github/workspace/logsheets/filtered/water_sampling.csv,XSDString,False
missing value,ws,store_person,271,,,,/github/workspace/logsheets/filtered/water_sampling.csv,XSDString,False
missing value,ws,store_person,272,,,,/github/workspace/logsheets/filtered/water_sampling.csv,XSDString,False
missing value,ws,store_person,273,,,,/github/workspace/logsheets/filtered/water_sampling.csv,XSDString,False
missing value,ws,store_person,274,,,,/github/workspace/logsheets/filtered/water_sampling.csv,XSDString,False
missing value,ws,store_person,275,,,,/github/workspace/logsheets/filtered/water_sampling.csv,XSDString,False
missing value,ws,store_person,276,,,,/github/workspace/logsheets/filtered/water_sampling.csv,XSDString,False
missing value,ws,store_person,277,,,,/github/workspace/logsheets/filtered/water_sampling.csv,XSDString,False
missing value,ws,store_person,278,,,,/github/workspace/logsheets/filtered/water_sampling.csv,XSDString,False
missing value,ws,store_person,279,,,,/github/workspace/logsheets/filtered/water_sampling.csv,XSDString,False
missing value,ws,store_person,280,,,,/github/workspace/logsheets/filtered/water_sampling.csv,XSDString,False
missing value,ws,store_person,281,,,,/github/workspace/logsheets/filtered/water_sampling.csv,XSDString,False
missing value,ws,store_person,282,,,,/github/workspace/logsheets/filtered/water_sampling.csv,XSDString,False
missing value,ws,store_person,283,,,,/github/workspace/logsheets/filtered/water_sampling.csv,XSDString,False
missing value,ws,store_person,284,,,,/github/workspace/logsheets/filtered/water_sampling.csv,XSDString,False
missing value,ws,store_person,285,,,,/github/workspace/logsheets/filtered/water_sampling.csv,XSDString,False
missing value,ws,store_person,286,,,,/github/workspace/logsheets/filtered/water_sampling.csv,XSDString,False
missing value,ws,store_person,287,,,,/github/workspace/logsheets/filtered/water_sampling.csv,XSDString,False
missing value,ws,store_person,288,,,,/github/workspace/logsheets/filtered/water_sampling.csv,XSDString,False
missing value,ws,store_person,289,,,,/github/workspace/logsheets/filtered/water_sampling.csv,XSDString,False
missing value,ws,store_person,290,,,,/github/workspace/logsheets/filtered/water_sampling.csv,XSDString,False
missing value,ws,store_person,291,,,,/github/workspace/logsheets/filtered/water_sampling.csv,XSDString,False
missing value,ws,store_person,292,,,,/github/workspace/logsheets/filtered/water_sampling.csv,XSDString,False
missing value,ws,store_person,293,,,,/github/workspace/logsheets/filtered/water_sampling.csv,XSDString,False
missing value,ws,store_person,294,,,,/github/workspace/logsheets/filtered/water_sampling.csv,XSDString,False
missing value,ws,store_person,295,,,,/github/workspace/logsheets/filtered/water_sampling.csv,XSDString,False
missing value,ws,store_person,296,,,,/github/workspace/logsheets/filtered/water_sampling.csv,XSDString,False
missing value,ws,store_person,297,,,,/github/workspace/logsheets/filtered/water_sampling.csv,XSDString,False
missing value,ws,store_person,298,,,,/github/workspace/logsheets/filtered/water_sampling.csv,XSDString,False
missing value,ws,store_person,299,,,,/github/workspace/logsheets/filtered/water_sampling.csv,XSDString,False
missing value,ws,store_person,300,,,,/github/workspace/logsheets/filtered/water_sampling.csv,XSDString,False
missing value,ws,store_person,301,,,,/github/workspace/logsheets/filtered/water_sampling.csv,XSDString,False
missing value,ws,store_person,302,,,,/github/workspace/logsheets/filtered/water_sampling.csv,XSDString,False
missing value,ws,store_person,303,,,,/github/workspace/logsheets/filtered/water_sampling.csv,XSDString,False
missing value,ws,store_person,304,,,,/github/workspace/logsheets/filtered/water_sampling.csv,XSDString,False
missing value,ws,store_person,305,,,,/github/workspace/logsheets/filtered/water_sampling.csv,XSDString,False
missing value,ws,store_person,306,,,,/github/workspace/logsheets/filtered/water_sampling.csv,XSDString,False
missing value,ws,store_person,307,,,,/github/workspace/logsheets/filtered/water_sampling.csv,XSDString,False
missing value,ws,store_person,308,,,,/github/workspace/logsheets/filtered/water_sampling.csv,XSDString,False
missing value,ws,store_person,309,,,,/github/workspace/logsheets/filtered/water_sampling.csv,XSDString,False
missing value,ws,store_person,310,,,,/github/workspace/logsheets/filtered/water_sampling.csv,XSDString,False
missing value,ws,store_person,311,,,,/github/workspace/logsheets/filtered/water_sampling.csv,XSDString,False
missing value,ws,store_person,312,,,,/github/workspace/logsheets/filtered/water_sampling.csv,XSDString,False
missing value,ws,store_person,313,,,,/github/workspace/logsheets/filtered/water_sampling.csv,XSDString,False
missing value,ws,store_person,314,,,,/github/workspace/logsheets/filtered/water_sampling.csv,XSDString,False
missing value,ws,store_person,315,,,,/github/workspace/logsheets/filtered/water_sampling.csv,XSDString,False
missing value,ws,store_person,316,,,,/github/workspace/logsheets/filtered/water_sampling.csv,XSDString,False
missing value,ws,store_person,317,,,,/github/workspace/logsheets/filtered/water_sampling.csv,XSDString,False
missing value,ws,store_person,318,,,,/github/workspace/logsheets/filtered/water_sampling.csv,XSDString,False
missing value,ws,store_person,319,,,,/github/workspace/logsheets/filtered/water_sampling.csv,XSDString,False
missing value,ws,store_person,320,,,,/github/workspace/logsheets/filtered/water_sampling.csv,XSDString,False
missing value,ws,store_person,321,,,,/github/workspace/logsheets/filtered/water_sampling.csv,XSDString,False
missing value,ws,store_person,322,,,,/github/workspace/logsheets/filtered/water_sampling.csv,XSDString,False
missing value,ws,store_person,323,,,,/github/workspace/logsheets/filtered/water_sampling.csv,XSDString,False
missing value,ws,store_person,324,,,,/github/workspace/logsheets/filtered/water_sampling.csv,XSDString,False
missing value,ws,store_person,325,,,,/github/workspace/logsheets/filtered/water_sampling.csv,XSDString,False
missing value,ws,store_person,326,,,,/github/workspace/logsheets/filtered/water_sampling.csv,XSDString,False
missing value,ws,store_person,327,,,,/github/workspace/logsheets/filtered/water_sampling.csv,XSDString,False
missing value,ws,store_person,328,,,,/github/workspace/logsheets/filtered/water_sampling.csv,XSDString,False
missing value,ws,store_person,329,,,,/github/workspace/logsheets/filtered/water_sampling.csv,XSDString,False
missing value,ws,store_person,330,,,,/github/workspace/logsheets/filtered/water_sampling.csv,XSDString,False
missing value,ws,store_person,331,,,,/github/workspace/logsheets/filtered/water_sampling.csv,XSDString,False
missing value,ws,store_person,332,,,,/github/workspace/logsheets/filtered/water_sampling.csv,XSDString,False
missing value,ws,store_person,333,,,,/github/workspace/logsheets/filtered/water_sampling.csv,XSDString,False
missing value,ws,store_person,334,,,,/github/workspace/logsheets/filtered/water_sampling.csv,XSDString,False
missing value,ws,store_person,335,,,,/github/workspace/logsheets/filtered/water_sampling.csv,XSDString,False
missing value,ws,store_person,336,,,,/github/workspace/logsheets/filtered/water_sampling.csv,XSDString,False
missing value,ws,store_person,337,,,,/github/workspace/logsheets/filtered/water_sampling.csv,XSDString,False
missing value,ws,store_person,338,,,,/github/workspace/logsheets/filtered/water_sampling.csv,XSDString,False
missing value,ws,store_person,339,,,,/github/workspace/logsheets/filtered/water_sampling.csv,XSDString,False
missing value,ws,store_person,340,,,,/github/workspace/logsheets/filtered/water_sampling.csv,XSDString,False
missing value,ws,store_person,341,,,,/github/workspace/logsheets/filtered/water_sampling.csv,XSDString,False
missing value,ws,store_person,342,,,,/github/workspace/logsheets/filtered/water_sampling.csv,XSDString,False
missing value,ws,store_person,343,,,,/github/workspace/logsheets/filtered/water_sampling.csv,XSDString,False
missing value,ws,store_person,344,,,,/github/workspace/logsheets/filtered/water_sampling.csv,XSDString,False
missing value,ws,store_person,345,,,,/github/workspace/logsheets/filtered/water_sampling.csv,XSDString,False
missing value,ws,store_person,346,,,,/github/workspace/logsheets/filtered/water_sampling.csv,XSDString,False
missing value,ws,store_person,347,,,,/github/workspace/logsheets/filtered/water_sampling.csv,XSDString,False
datatype mismatch,ws,store_person_orcid,1,0000-0001-8164-581X,https://orcid.org/0000-0001-8164-581X,,/github/workspace/logsheets/filtered/water_sampling.csv,XSDAnyURI,True
datatype mismatch,ws,store_person_orcid,2,0000-0001-8164-581X,https://orcid.org/0000-0001-8164-581X,,/github/workspace/logsheets/filtered/water_sampling.csv,XSDAnyURI,True
datatype mismatch,ws,store_person_orcid,3,0000-0001-8164-581X,https://orcid.org/0000-0001-8164-581X,,/github/workspace/logsheets/filtered/water_sampling.csv,XSDAnyURI,True
datatype mismatch,ws,store_person_orcid,4,0000-0001-8164-581X,https://orcid.org/0000-0001-8164-581X,,/github/workspace/logsheets/filtered/water_sampling.csv,XSDAnyURI,True
datatype mismatch,ws,store_person_orcid,5,0000-0001-8164-581X,https://orcid.org/0000-0001-8164-581X,,/github/workspace/logsheets/filtered/water_sampling.csv,XSDAnyURI,True
datatype mismatch,ws,store_person_orcid,6,0000-0001-8164-581X,https://orcid.org/0000-0001-8164-581X,,/github/workspace/logsheets/filtered/water_sampling.csv,XSDAnyURI,True
datatype mismatch,ws,store_person_orcid,7,0000-0001-8164-581X,https://orcid.org/0000-0001-8164-581X,,/github/workspace/logsheets/filtered/water_sampling.csv,XSDAnyURI,True
datatype mismatch,ws,store_person_orcid,8,0000-0001-8164-581X,https://orcid.org/0000-0001-8164-581X,,/github/workspace/logsheets/filtered/water_sampling.csv,XSDAnyURI,True
datatype mismatch,ws,store_person_orcid,9,0000-0001-8164-581X,https://orcid.org/0000-0001-8164-581X,,/github/workspace/logsheets/filtered/water_sampling.csv,XSDAnyURI,True
datatype mismatch,ws,store_person_orcid,10,0000-0001-8164-581X,https://orcid.org/0000-0001-8164-581X,,/github/workspace/logsheets/filtered/water_sampling.csv,XSDAnyURI,True
datatype mismatch,ws,store_person_orcid,11,0000-0001-8164-581X,https://orcid.org/0000-0001-8164-581X,,/github/workspace/logsheets/filtered/water_sampling.csv,XSDAnyURI,True
datatype mismatch,ws,store_person_orcid,12,0000-0001-8164-581X,https://orcid.org/0000-0001-8164-581X,,/github/workspace/logsheets/filtered/water_sampling.csv,XSDAnyURI,True
datatype mismatch,ws,store_person_orcid,13,0000-0001-8164-581X,https://orcid.org/0000-0001-8164-581X,,/github/workspace/logsheets/filtered/water_sampling.csv,XSDAnyURI,True
datatype mismatch,ws,store_person_orcid,14,0000-0001-8164-581X,https://orcid.org/0000-0001-8164-581X,,/github/workspace/logsheets/filtered/water_sampling.csv,XSDAnyURI,True
datatype mismatch,ws,store_person_orcid,15,0000-0001-8164-581X,https://orcid.org/0000-0001-8164-581X,,/github/workspace/logsheets/filtered/water_sampling.csv,XSDAnyURI,True
datatype mismatch,ws,store_person_orcid,16,0000-0001-8164-581X,https://orcid.org/0000-0001-8164-581X,,/github/workspace/logsheets/filtered/water_sampling.csv,XSDAnyURI,True
datatype mismatch,ws,store_person_orcid,17,0000-0001-8164-581X,https://orcid.org/0000-0001-8164-581X,,/github/workspace/logsheets/filtered/water_sampling.csv,XSDAnyURI,True
datatype mismatch,ws,store_person_orcid,18,0000-0001-8164-581X,https://orcid.org/0000-0001-8164-581X,,/github/workspace/logsheets/filtered/water_sampling.csv,XSDAnyURI,True
datatype mismatch,ws,store_person_orcid,19,0000-0001-8164-581X,https://orcid.org/0000-0001-8164-581X,,/github/workspace/logsheets/filtered/water_sampling.csv,XSDAnyURI,True
datatype mismatch,ws,store_person_orcid,20,0000-0001-8164-581X,https://orcid.org/0000-0001-8164-581X,,/github/workspace/logsheets/filtered/water_sampling.csv,XSDAnyURI,True
datatype mismatch,ws,store_person_orcid,21,0000-0001-8164-581X,https://orcid.org/0000-0001-8164-581X,,/github/workspace/logsheets/filtered/water_sampling.csv,XSDAnyURI,True
datatype mismatch,ws,store_person_orcid,22,0000-0001-8164-581X,https://orcid.org/0000-0001-8164-581X,,/github/workspace/logsheets/filtered/water_sampling.csv,XSDAnyURI,True
datatype mismatch,ws,store_person_orcid,23,0000-0001-8164-581X,https://orcid.org/0000-0001-8164-581X,,/github/workspace/logsheets/filtered/water_sampling.csv,XSDAnyURI,True
datatype mismatch,ws,store_person_orcid,24,0000-0001-8164-581X,https://orcid.org/0000-0001-8164-581X,,/github/workspace/logsheets/filtered/water_sampling.csv,XSDAnyURI,True
datatype mismatch,ws,store_person_orcid,25,0000-0001-8164-581X,https://orcid.org/0000-0001-8164-581X,,/github/workspace/logsheets/filtered/water_sampling.csv,XSDAnyURI,True
datatype mismatch,ws,store_person_orcid,26,0000-0001-8164-581X,https://orcid.org/0000-0001-8164-581X,,/github/workspace/logsheets/filtered/water_sampling.csv,XSDAnyURI,True
datatype mismatch,ws,store_person_orcid,27,0000-0001-8164-581X,https://orcid.org/0000-0001-8164-581X,,/github/workspace/logsheets/filtered/water_sampling.csv,XSDAnyURI,True
datatype mismatch,ws,store_person_orcid,28,0000-0001-8164-581X,https://orcid.org/0000-0001-8164-581X,,/github/workspace/logsheets/filtered/water_sampling.csv,XSDAnyURI,True
datatype mismatch,ws,store_person_orcid,29,0000-0001-8164-581X,https://orcid.org/0000-0001-8164-581X,,/github/workspace/logsheets/filtered/water_sampling.csv,XSDAnyURI,True
datatype mismatch,ws,store_person_orcid,30,0000-0001-8164-581X,https://orcid.org/0000-0001-8164-581X,,/github/workspace/logsheets/filtered/water_sampling.csv,XSDAnyURI,True
datatype mismatch,ws,store_person_orcid,31,0000-0001-8164-581X,https://orcid.org/0000-0001-8164-581X,,/github/workspace/logsheets/filtered/water_sampling.csv,XSDAnyURI,True
datatype mismatch,ws,store_person_orcid,32,0000-0001-8164-581X,https://orcid.org/0000-0001-8164-581X,,/github/workspace/logsheets/filtered/water_sampling.csv,XSDAnyURI,True
datatype mismatch,ws,store_person_orcid,33,0000-0001-8164-581X,https://orcid.org/0000-0001-8164-581X,,/github/workspace/logsheets/filtered/water_sampling.csv,XSDAnyURI,True
datatype mismatch,ws,store_person_orcid,34,0000-0001-8164-581X,https://orcid.org/0000-0001-8164-581X,,/github/workspace/logsheets/filtered/water_sampling.csv,XSDAnyURI,True
datatype mismatch,ws,store_person_orcid,35,0000-0001-8164-581X,https://orcid.org/0000-0001-8164-581X,,/github/workspace/logsheets/filtered/water_sampling.csv,XSDAnyURI,True
datatype mismatch,ws,store_person_orcid,36,0000-0001-8164-581X,https://orcid.org/0000-0001-8164-581X,,/github/workspace/logsheets/filtered/water_sampling.csv,XSDAnyURI,True
datatype mismatch,ws,store_person_orcid,37,0000-0001-8164-581X,https://orcid.org/0000-0001-8164-581X,,/github/workspace/logsheets/filtered/water_sampling.csv,XSDAnyURI,True
datatype mismatch,ws,store_person_orcid,38,0000-0001-8164-581X,https://orcid.org/0000-0001-8164-581X,,/github/workspace/logsheets/filtered/water_sampling.csv,XSDAnyURI,True
datatype mismatch,ws,store_person_orcid,39,0000-0001-8164-581X,https://orcid.org/0000-0001-8164-581X,,/github/workspace/logsheets/filtered/water_sampling.csv,XSDAnyURI,True
datatype mismatch,ws,store_person_orcid,40,0000-0001-8164-581X,https://orcid.org/0000-0001-8164-581X,,/github/workspace/logsheets/filtered/water_sampling.csv,XSDAnyURI,True
datatype mismatch,ws,store_person_orcid,41,0000-0001-8164-581X,https://orcid.org/0000-0001-8164-581X,,/github/workspace/logsheets/filtered/water_sampling.csv,XSDAnyURI,True
datatype mismatch,ws,store_person_orcid,42,0000-0001-8164-581X,https://orcid.org/0000-0001-8164-581X,,/github/workspace/logsheets/filtered/water_sampling.csv,XSDAnyURI,True
datatype mismatch,ws,store_person_orcid,43,0000-0001-8164-581X,https://orcid.org/0000-0001-8164-581X,,/github/workspace/logsheets/filtered/water_sampling.csv,XSDAnyURI,True
datatype mismatch,ws,store_person_orcid,44,0000-0001-8164-581X,https://orcid.org/0000-0001-8164-581X,,/github/workspace/logsheets/filtered/water_sampling.csv,XSDAnyURI,True
datatype mismatch,ws,store_person_orcid,45,0000-0001-8164-581X,https://orcid.org/0000-0001-8164-581X,,/github/workspace/logsheets/filtered/water_sampling.csv,XSDAnyURI,True
datatype mismatch,ws,store_person_orcid,46,0000-0001-8164-581X,https://orcid.org/0000-0001-8164-581X,,/github/workspace/logsheets/filtered/water_sampling.csv,XSDAnyURI,True
datatype mismatch,ws,store_person_orcid,47,0000-0001-8164-581X,https://orcid.org/0000-0001-8164-581X,,/github/workspace/logsheets/filtered/water_sampling.csv,XSDAnyURI,True
datatype mismatch,ws,store_person_orcid,48,0000-0001-8164-581X,https://orcid.org/0000-0001-8164-581X,,/github/workspace/logsheets/filtered/water_sampling.csv,XSDAnyURI,True
datatype mismatch,ws,store_person_orcid,49,0000-0001-8164-581X,https://orcid.org/0000-0001-8164-581X,,/github/workspace/logsheets/filtered/water_sampling.csv,XSDAnyURI,True
datatype mismatch,ws,store_person_orcid,50,0000-0001-8164-581X,https://orcid.org/0000-0001-8164-581X,,/github/workspace/logsheets/filtered/water_sampling.csv,XSDAnyURI,True
datatype mismatch,ws,store_person_orcid,51,0000-0001-8164-581X,https://orcid.org/0000-0001-8164-581X,,/github/workspace/logsheets/filtered/water_sampling.csv,XSDAnyURI,True
datatype mismatch,ws,store_person_orcid,52,0000-0001-8164-581X,https://orcid.org/0000-0001-8164-581X,,/github/workspace/logsheets/filtered/water_sampling.csv,XSDAnyURI,True
datatype mismatch,ws,store_person_orcid,53,0000-0001-8164-581X,https://orcid.org/0000-0001-8164-581X,,/github/workspace/logsheets/filtered/water_sampling.csv,XSDAnyURI,True
datatype mismatch,ws,store_person_orcid,54,0000-0001-8164-581X,https://orcid.org/0000-0001-8164-581X,,/github/workspace/logsheets/filtered/water_sampling.csv,XSDAnyURI,True
datatype mismatch,ws,store_person_orcid,55,0000-0001-8164-581X,https://orcid.org/0000-0001-8164-581X,,/github/workspace/logsheets/filtered/water_sampling.csv,XSDAnyURI,True
datatype mismatch,ws,store_person_orcid,56,0000-0001-8164-581X,https://orcid.org/0000-0001-8164-581X,,/github/workspace/logsheets/filtered/water_sampling.csv,XSDAnyURI,True
datatype mismatch,ws,store_person_orcid,57,0000-0001-8164-581X,https://orcid.org/0000-0001-8164-581X,,/github/workspace/logsheets/filtered/water_sampling.csv,XSDAnyURI,True
datatype mismatch,ws,store_person_orcid,58,0000-0001-8164-581X,https://orcid.org/0000-0001-8164-581X,,/github/workspace/logsheets/filtered/water_sampling.csv,XSDAnyURI,True
datatype mismatch,ws,store_person_orcid,59,0000-0001-8164-581X,https://orcid.org/0000-0001-8164-581X,,/github/workspace/logsheets/filtered/water_sampling.csv,XSDAnyURI,True
datatype mismatch,ws,store_person_orcid,60,0000-0001-8164-581X,https://orcid.org/0000-0001-8164-581X,,/github/workspace/logsheets/filtered/water_sampling.csv,XSDAnyURI,True
datatype mismatch,ws,store_person_orcid,61,0000-0001-8164-581X,https://orcid.org/0000-0001-8164-581X,,/github/workspace/logsheets/filtered/water_sampling.csv,XSDAnyURI,True
datatype mismatch,ws,store_person_orcid,62,0000-0001-8164-581X,https://orcid.org/0000-0001-8164-581X,,/github/workspace/logsheets/filtered/water_sampling.csv,XSDAnyURI,True
datatype mismatch,ws,store_person_orcid,63,0000-0001-8164-581X,https://orcid.org/0000-0001-8164-581X,,/github/workspace/logsheets/filtered/water_sampling.csv,XSDAnyURI,True
datatype mismatch,ws,store_person_orcid,64,0000-0001-8164-581X,https://orcid.org/0000-0001-8164-581X,,/github/workspace/logsheets/filtered/water_sampling.csv,XSDAnyURI,True
datatype mismatch,ws,store_person_orcid,65,0000-0001-8164-581X,https://orcid.org/0000-0001-8164-581X,,/github/workspace/logsheets/filtered/water_sampling.csv,XSDAnyURI,True
datatype mismatch,ws,store_person_orcid,66,0000-0001-8164-581X,https://orcid.org/0000-0001-8164-581X,,/github/workspace/logsheets/filtered/water_sampling.csv,XSDAnyURI,True
datatype mismatch,ws,store_person_orcid,67,0000-0001-8164-581X,https://orcid.org/0000-0001-8164-581X,,/github/workspace/logsheets/filtered/water_sampling.csv,XSDAnyURI,True
datatype mismatch,ws,store_person_orcid,68,0000-0001-8164-581X,https://orcid.org/0000-0001-8164-581X,,/github/workspace/logsheets/filtered/water_sampling.csv,XSDAnyURI,True
datatype mismatch,ws,store_person_orcid,69,0000-0001-8164-581X,https://orcid.org/0000-0001-8164-581X,,/github/workspace/logsheets/filtered/water_sampling.csv,XSDAnyURI,True
datatype mismatch,ws,store_person_orcid,70,0000-0001-8164-581X,https://orcid.org/0000-0001-8164-581X,,/github/workspace/logsheets/filtered/water_sampling.csv,XSDAnyURI,True
datatype mismatch,ws,store_person_orcid,71,0000-0001-8164-581X,https://orcid.org/0000-0001-8164-581X,,/github/workspace/logsheets/filtered/water_sampling.csv,XSDAnyURI,True
datatype mismatch,ws,store_person_orcid,72,0000-0001-8164-581X,https://orcid.org/0000-0001-8164-581X,,/github/workspace/logsheets/filtered/water_sampling.csv,XSDAnyURI,True
datatype mismatch,ws,store_person_orcid,73,0000-0001-8164-581X,https://orcid.org/0000-0001-8164-581X,,/github/workspace/logsheets/filtered/water_sampling.csv,XSDAnyURI,True
datatype mismatch,ws,store_person_orcid,74,0000-0001-8164-581X,https://orcid.org/0000-0001-8164-581X,,/github/workspace/logsheets/filtered/water_sampling.csv,XSDAnyURI,True
datatype mismatch,ws,store_person_orcid,75,0000-0001-8164-581X,https://orcid.org/0000-0001-8164-581X,,/github/workspace/logsheets/filtered/water_sampling.csv,XSDAnyURI,True
datatype mismatch,ws,store_person_orcid,76,0000-0001-8164-581X,https://orcid.org/0000-0001-8164-581X,,/github/workspace/logsheets/filtered/water_sampling.csv,XSDAnyURI,True
datatype mismatch,ws,store_person_orcid,77,0000-0001-8164-581X,https://orcid.org/0000-0001-8164-581X,,/github/workspace/logsheets/filtered/water_sampling.csv,XSDAnyURI,True
datatype mismatch,ws,store_person_orcid,78,0000-0001-8164-581X,https://orcid.org/0000-0001-8164-581X,,/github/workspace/logsheets/filtered/water_sampling.csv,XSDAnyURI,True
datatype mismatch,ws,store_person_orcid,79,0000-0001-8164-581X,https://orcid.org/0000-0001-8164-581X,,/github/workspace/logsheets/filtered/water_sampling.csv,XSDAnyURI,True
datatype mismatch,ws,store_person_orcid,80,0000-0001-8164-581X,https://orcid.org/0000-0001-8164-581X,,/github/workspace/logsheets/filtered/water_sampling.csv,XSDAnyURI,True
datatype mismatch,ws,store_person_orcid,81,0000-0001-8164-581X,https://orcid.org/0000-0001-8164-581X,,/github/workspace/logsheets/filtered/water_sampling.csv,XSDAnyURI,True
datatype mismatch,ws,store_person_orcid,82,0000-0001-8164-581X,https://orcid.org/0000-0001-8164-581X,,/github/workspace/logsheets/filtered/water_sampling.csv,XSDAnyURI,True
datatype mismatch,ws,store_person_orcid,83,0000-0001-8164-581X,https://orcid.org/0000-0001-8164-581X,,/github/workspace/logsheets/filtered/water_sampling.csv,XSDAnyURI,True
datatype mismatch,ws,store_person_orcid,84,0000-0001-8164-581X,https://orcid.org/0000-0001-8164-581X,,/github/workspace/logsheets/filtered/water_sampling.csv,XSDAnyURI,True
datatype mismatch,ws,store_person_orcid,85,0000-0001-8164-581X,https://orcid.org/0000-0001-8164-581X,,/github/workspace/logsheets/filtered/water_sampling.csv,XSDAnyURI,True
datatype mismatch,ws,store_person_orcid,86,0000-0001-8164-581X,https://orcid.org/0000-0001-8164-581X,,/github/workspace/logsheets/filtered/water_sampling.csv,XSDAnyURI,True
datatype mismatch,ws,store_person_orcid,87,0000-0001-8164-581X,https://orcid.org/0000-0001-8164-581X,,/github/workspace/logsheets/filtered/water_sampling.csv,XSDAnyURI,True
datatype mismatch,ws,store_person_orcid,88,0000-0001-8164-581X,https://orcid.org/0000-0001-8164-581X,,/github/workspace/logsheets/filtered/water_sampling.csv,XSDAnyURI,True
datatype mismatch,ws,store_person_orcid,89,0000-0001-8164-581X,https://orcid.org/0000-0001-8164-581X,,/github/workspace/logsheets/filtered/water_sampling.csv,XSDAnyURI,True
datatype mismatch,ws,store_person_orcid,90,0000-0001-8164-581X,https://orcid.org/0000-0001-8164-581X,,/github/workspace/logsheets/filtered/water_sampling.csv,XSDAnyURI,True
missing value,ws,store_temp_hq,3,,,,/github/workspace/logsheets/filtered/water_sampling.csv,XSDDouble,False
missing value,ws,store_temp_hq,4,,,,/github/workspace/logsheets/filtered/water_sampling.csv,XSDDouble,False
missing value,ws,store_temp_hq,7,,,,/github/workspace/logsheets/filtered/water_sampling.csv,XSDDouble,False
missing value,ws,store_temp_hq,8,,,,/github/workspace/logsheets/filtered/water_sampling.csv,XSDDouble,False
missing value,ws,store_temp_hq,9,,,,/github/workspace/logsheets/filtered/water_sampling.csv,XSDDouble,False
missing value,ws,store_temp_hq,10,,,,/github/workspace/logsheets/filtered/water_sampling.csv,XSDDouble,False
missing value,ws,store_temp_hq,13,,,,/github/workspace/logsheets/filtered/water_sampling.csv,XSDDouble,False
missing value,ws,store_temp_hq,14,,,,/github/workspace/logsheets/filtered/water_sampling.csv,XSDDouble,False
missing value,ws,store_temp_hq,17,,,,/github/workspace/logsheets/filtered/water_sampling.csv,XSDDouble,False
missing value,ws,store_temp_hq,18,,,,/github/workspace/logsheets/filtered/water_sampling.csv,XSDDouble,False
missing value,ws,store_temp_hq,19,,,,/github/workspace/logsheets/filtered/water_sampling.csv,XSDDouble,False
missing value,ws,store_temp_hq,20,,,,/github/workspace/logsheets/filtered/water_sampling.csv,XSDDouble,False
missing value,ws,store_temp_hq,23,,,,/github/workspace/logsheets/filtered/water_sampling.csv,XSDDouble,False
missing value,ws,store_temp_hq,24,,,,/github/workspace/logsheets/filtered/water_sampling.csv,XSDDouble,False
missing value,ws,store_temp_hq,27,,,,/github/workspace/logsheets/filtered/water_sampling.csv,XSDDouble,False
missing value,ws,store_temp_hq,28,,,,/github/workspace/logsheets/filtered/water_sampling.csv,XSDDouble,False
missing value,ws,store_temp_hq,33,,,,/github/workspace/logsheets/filtered/water_sampling.csv,XSDDouble,False
missing value,ws,store_temp_hq,34,,,,/github/workspace/logsheets/filtered/water_sampling.csv,XSDDouble,False
missing value,ws,store_temp_hq,37,,,,/github/workspace/logsheets/filtered/water_sampling.csv,XSDDouble,False
missing value,ws,store_temp_hq,38,,,,/github/workspace/logsheets/filtered/water_sampling.csv,XSDDouble,False
missing value,ws,store_temp_hq,39,,,,/github/workspace/logsheets/filtered/water_sampling.csv,XSDDouble,False
missing value,ws,store_temp_hq,40,,,,/github/workspace/logsheets/filtered/water_sampling.csv,XSDDouble,False
missing value,ws,store_temp_hq,43,,,,/github/workspace/logsheets/filtered/water_sampling.csv,XSDDouble,False
missing value,ws,store_temp_hq,44,,,,/github/workspace/logsheets/filtered/water_sampling.csv,XSDDouble,False
missing value,ws,store_temp_hq,47,,,,/github/workspace/logsheets/filtered/water_sampling.csv,XSDDouble,False
missing value,ws,store_temp_hq,48,,,,/github/workspace/logsheets/filtered/water_sampling.csv,XSDDouble,False
missing value,ws,store_temp_hq,49,,,,/github/workspace/logsheets/filtered/water_sampling.csv,XSDDouble,False
missing value,ws,store_temp_hq,50,,,,/github/workspace/logsheets/filtered/water_sampling.csv,XSDDouble,False
missing value,ws,store_temp_hq,53,,,,/github/workspace/logsheets/filtered/water_sampling.csv,XSDDouble,False
missing value,ws,store_temp_hq,54,,,,/github/workspace/logsheets/filtered/water_sampling.csv,XSDDouble,False
missing value,ws,store_temp_hq,57,,,,/github/workspace/logsheets/filtered/water_sampling.csv,XSDDouble,False
missing value,ws,store_temp_hq,58,,,,/github/workspace/logsheets/filtered/water_sampling.csv,XSDDouble,False
missing value,ws,store_temp_hq,59,,,,/github/workspace/logsheets/filtered/water_sampling.csv,XSDDouble,False
missing value,ws,store_temp_hq,60,,,,/github/workspace/logsheets/filtered/water_sampling.csv,XSDDouble,False
missing value,ws,store_temp_hq,63,,,,/github/workspace/logsheets/filtered/water_sampling.csv,XSDDouble,False
missing value,ws,store_temp_hq,64,,,,/github/workspace/logsheets/filtered/water_sampling.csv,XSDDouble,False
missing value,ws,store_temp_hq,67,,,,/github/workspace/logsheets/filtered/water_sampling.csv,XSDDouble,False
missing value,ws,store_temp_hq,68,,,,/github/workspace/logsheets/filtered/water_sampling.csv,XSDDouble,False
missing value,ws,store_temp_hq,69,,,,/github/workspace/logsheets/filtered/water_sampling.csv,XSDDouble,False
missing value,ws,store_temp_hq,70,,,,/github/workspace/logsheets/filtered/water_sampling.csv,XSDDouble,False
missing value,ws,store_temp_hq,73,,,,/github/workspace/logsheets/filtered/water_sampling.csv,XSDDouble,False
missing value,ws,store_temp_hq,74,,,,/github/workspace/logsheets/filtered/water_sampling.csv,XSDDouble,False
missing value,ws,store_temp_hq,77,,,,/github/workspace/logsheets/filtered/water_sampling.csv,XSDDouble,False
missing value,ws,store_temp_hq,78,,,,/github/workspace/logsheets/filtered/water_sampling.csv,XSDDouble,False
missing value,ws,store_temp_hq,79,,,,/github/workspace/logsheets/filtered/water_sampling.csv,XSDDouble,False
missing value,ws,store_temp_hq,80,,,,/github/workspace/logsheets/filtered/water_sampling.csv,XSDDouble,False
missing value,ws,store_temp_hq,83,,,,/github/workspace/logsheets/filtered/water_sampling.csv,XSDDouble,False
missing value,ws,store_temp_hq,84,,,,/github/workspace/logsheets/filtered/water_sampling.csv,XSDDouble,False
missing value,ws,store_temp_hq,87,,,,/github/workspace/logsheets/filtered/water_sampling.csv,XSDDouble,False
missing value,ws,store_temp_hq,88,,,,/github/workspace/logsheets/filtered/water_sampling.csv,XSDDouble,False
missing value,ws,store_temp_hq,89,,,,/github/workspace/logsheets/filtered/water_sampling.csv,XSDDouble,False
missing value,ws,store_temp_hq,90,,,,/github/workspace/logsheets/filtered/water_sampling.csv,XSDDouble,False
missing value,ws,store_temp_hq,251,,,,/github/workspace/logsheets/filtered/water_sampling.csv,XSDDouble,False
missing value,ws,store_temp_hq,252,,,,/github/workspace/logsheets/filtered/water_sampling.csv,XSDDouble,False
missing value,ws,store_temp_hq,253,,,,/github/workspace/logsheets/filtered/water_sampling.csv,XSDDouble,False
missing value,ws,store_temp_hq,254,,,,/github/workspace/logsheets/filtered/water_sampling.csv,XSDDouble,False
missing value,ws,store_temp_hq,255,,,,/github/workspace/logsheets/filtered/water_sampling.csv,XSDDouble,False
missing value,ws,store_temp_hq,256,,,,/github/workspace/logsheets/filtered/water_sampling.csv,XSDDouble,False
missing value,ws,store_temp_hq,257,,,,/github/workspace/logsheets/filtered/water_sampling.csv,XSDDouble,False
missing value,ws,store_temp_hq,258,,,,/github/workspace/logsheets/filtered/water_sampling.csv,XSDDouble,False
missing value,ws,store_temp_hq,259,,,,/github/workspace/logsheets/filtered/water_sampling.csv,XSDDouble,False
missing value,ws,store_temp_hq,260,,,,/github/workspace/logsheets/filtered/water_sampling.csv,XSDDouble,False
missing value,ws,store_temp_hq,261,,,,/github/workspace/logsheets/filtered/water_sampling.csv,XSDDouble,False
missing value,ws,store_temp_hq,262,,,,/github/workspace/logsheets/filtered/water_sampling.csv,XSDDouble,False
missing value,ws,store_temp_hq,263,,,,/github/workspace/logsheets/filtered/water_sampling.csv,XSDDouble,False
missing value,ws,store_temp_hq,264,,,,/github/workspace/logsheets/filtered/water_sampling.csv,XSDDouble,False
missing value,ws,store_temp_hq,265,,,,/github/workspace/logsheets/filtered/water_sampling.csv,XSDDouble,False
missing value,ws,store_temp_hq,266,,,,/github/workspace/logsheets/filtered/water_sampling.csv,XSDDouble,False
missing value,ws,store_temp_hq,267,,,,/github/workspace/logsheets/filtered/water_sampling.csv,XSDDouble,False
missing value,ws,store_temp_hq,268,,,,/github/workspace/logsheets/filtered/water_sampling.csv,XSDDouble,False
missing value,ws,store_temp_hq,269,,,,/github/workspace/logsheets/filtered/water_sampling.csv,XSDDouble,False
missing value,ws,store_temp_hq,270,,,,/github/workspace/logsheets/filtered/water_sampling.csv,XSDDouble,False
missing value,ws,store_temp_hq,271,,,,/github/workspace/logsheets/filtered/water_sampling.csv,XSDDouble,False
missing value,ws,store_temp_hq,272,,,,/github/workspace/logsheets/filtered/water_sampling.csv,XSDDouble,False
missing value,ws,store_temp_hq,273,,,,/github/workspace/logsheets/filtered/water_sampling.csv,XSDDouble,False
missing value,ws,store_temp_hq,274,,,,/github/workspace/logsheets/filtered/water_sampling.csv,XSDDouble,False
missing value,ws,store_temp_hq,275,,,,/github/workspace/logsheets/filtered/water_sampling.csv,XSDDouble,False
missing value,ws,store_temp_hq,276,,,,/github/workspace/logsheets/filtered/water_sampling.csv,XSDDouble,False
missing value,ws,store_temp_hq,277,,,,/github/workspace/logsheets/filtered/water_sampling.csv,XSDDouble,False
missing value,ws,store_temp_hq,278,,,,/github/workspace/logsheets/filtered/water_sampling.csv,XSDDouble,False
missing value,ws,store_temp_hq,279,,,,/github/workspace/logsheets/filtered/water_sampling.csv,XSDDouble,False
missing value,ws,store_temp_hq,280,,,,/github/workspace/logsheets/filtered/water_sampling.csv,XSDDouble,False
missing value,ws,store_temp_hq,281,,,,/github/workspace/logsheets/filtered/water_sampling.csv,XSDDouble,False
missing value,ws,store_temp_hq,282,,,,/github/workspace/logsheets/filtered/water_sampling.csv,XSDDouble,False
missing value,ws,store_temp_hq,283,,,,/github/workspace/logsheets/filtered/water_sampling.csv,XSDDouble,False
missing value,ws,store_temp_hq,284,,,,/github/workspace/logsheets/filtered/water_sampling.csv,XSDDouble,False
missing value,ws,store_temp_hq,285,,,,/github/workspace/logsheets/filtered/water_sampling.csv,XSDDouble,False
missing value,ws,store_temp_hq,286,,,,/github/workspace/logsheets/filtered/water_sampling.csv,XSDDouble,False
missing value,ws,store_temp_hq,287,,,,/github/workspace/logsheets/filtered/water_sampling.csv,XSDDouble,False
missing value,ws,store_temp_hq,288,,,,/github/workspace/logsheets/filtered/water_sampling.csv,XSDDouble,False
missing value,ws,store_temp_hq,289,,,,/github/workspace/logsheets/filtered/water_sampling.csv,XSDDouble,False
missing value,ws,store_temp_hq,290,,,,/github/workspace/logsheets/filtered/water_sampling.csv,XSDDouble,False
missing value,ws,store_temp_hq,291,,,,/github/workspace/logsheets/filtered/water_sampling.csv,XSDDouble,False
missing value,ws,store_temp_hq,292,,,,/github/workspace/logsheets/filtered/water_sampling.csv,XSDDouble,False
missing value,ws,store_temp_hq,293,,,,/github/workspace/logsheets/filtered/water_sampling.csv,XSDDouble,False
missing value,ws,store_temp_hq,294,,,,/github/workspace/logsheets/filtered/water_sampling.csv,XSDDouble,False
missing value,ws,store_temp_hq,295,,,,/github/workspace/logsheets/filtered/water_sampling.csv,XSDDouble,False
missing value,ws,store_temp_hq,296,,,,/github/workspace/logsheets/filtered/water_sampling.csv,XSDDouble,False
missing value,ws,store_temp_hq,297,,,,/github/workspace/logsheets/filtered/water_sampling.csv,XSDDouble,False
missing value,ws,store_temp_hq,298,,,,/github/workspace/logsheets/filtered/water_sampling.csv,XSDDouble,False
missing value,ws,store_temp_hq,299,,,,/github/workspace/logsheets/filtered/water_sampling.csv,XSDDouble,False
missing value,ws,store_temp_hq,300,,,,/github/workspace/logsheets/filtered/water_sampling.csv,XSDDouble,False
missing value,ws,store_temp_hq,301,,,,/github/workspace/logsheets/filtered/water_sampling.csv,XSDDouble,False
missing value,ws,store_temp_hq,302,,,,/github/workspace/logsheets/filtered/water_sampling.csv,XSDDouble,False
missing value,ws,store_temp_hq,303,,,,/github/workspace/logsheets/filtered/water_sampling.csv,XSDDouble,False
missing value,ws,store_temp_hq,304,,,,/github/workspace/logsheets/filtered/water_sampling.csv,XSDDouble,False
missing value,ws,store_temp_hq,305,,,,/github/workspace/logsheets/filtered/water_sampling.csv,XSDDouble,False
missing value,ws,store_temp_hq,306,,,,/github/workspace/logsheets/filtered/water_sampling.csv,XSDDouble,False
missing value,ws,store_temp_hq,307,,,,/github/workspace/logsheets/filtered/water_sampling.csv,XSDDouble,False
missing value,ws,store_temp_hq,308,,,,/github/workspace/logsheets/filtered/water_sampling.csv,XSDDouble,False
missing value,ws,store_temp_hq,309,,,,/github/workspace/logsheets/filtered/water_sampling.csv,XSDDouble,False
missing value,ws,store_temp_hq,310,,,,/github/workspace/logsheets/filtered/water_sampling.csv,XSDDouble,False
missing value,ws,store_temp_hq,311,,,,/github/workspace/logsheets/filtered/water_sampling.csv,XSDDouble,False
missing value,ws,store_temp_hq,312,,,,/github/workspace/logsheets/filtered/water_sampling.csv,XSDDouble,False
missing value,ws,store_temp_hq,313,,,,/github/workspace/logsheets/filtered/water_sampling.csv,XSDDouble,False
missing value,ws,store_temp_hq,314,,,,/github/workspace/logsheets/filtered/water_sampling.csv,XSDDouble,False
missing value,ws,store_temp_hq,315,,,,/github/workspace/logsheets/filtered/water_sampling.csv,XSDDouble,False
missing value,ws,store_temp_hq,316,,,,/github/workspace/logsheets/filtered/water_sampling.csv,XSDDouble,False
missing value,ws,store_temp_hq,317,,,,/github/workspace/logsheets/filtered/water_sampling.csv,XSDDouble,False
missing value,ws,store_temp_hq,318,,,,/github/workspace/logsheets/filtered/water_sampling.csv,XSDDouble,False
missing value,ws,store_temp_hq,319,,,,/github/workspace/logsheets/filtered/water_sampling.csv,XSDDouble,False
missing value,ws,store_temp_hq,320,,,,/github/workspace/logsheets/filtered/water_sampling.csv,XSDDouble,False
missing value,ws,store_temp_hq,321,,,,/github/workspace/logsheets/filtered/water_sampling.csv,XSDDouble,False
missing value,ws,store_temp_hq,322,,,,/github/workspace/logsheets/filtered/water_sampling.csv,XSDDouble,False
missing value,ws,store_temp_hq,323,,,,/github/workspace/logsheets/filtered/water_sampling.csv,XSDDouble,False
missing value,ws,store_temp_hq,324,,,,/github/workspace/logsheets/filtered/water_sampling.csv,XSDDouble,False
missing value,ws,store_temp_hq,325,,,,/github/workspace/logsheets/filtered/water_sampling.csv,XSDDouble,False
missing value,ws,store_temp_hq,326,,,,/github/workspace/logsheets/filtered/water_sampling.csv,XSDDouble,False
missing value,ws,store_temp_hq,327,,,,/github/workspace/logsheets/filtered/water_sampling.csv,XSDDouble,False
missing value,ws,store_temp_hq,328,,,,/github/workspace/logsheets/filtered/water_sampling.csv,XSDDouble,False
missing value,ws,store_temp_hq,329,,,,/github/workspace/logsheets/filtered/water_sampling.csv,XSDDouble,False
missing value,ws,store_temp_hq,330,,,,/github/workspace/logsheets/filtered/water_sampling.csv,XSDDouble,False
missing value,ws,store_temp_hq,331,,,,/github/workspace/logsheets/filtered/water_sampling.csv,XSDDouble,False
missing value,ws,store_temp_hq,332,,,,/github/workspace/logsheets/filtered/water_sampling.csv,XSDDouble,False
missing value,ws,store_temp_hq,333,,,,/github/workspace/logsheets/filtered/water_sampling.csv,XSDDouble,False
missing value,ws,store_temp_hq,334,,,,/github/workspace/logsheets/filtered/water_sampling.csv,XSDDouble,False
missing value,ws,store_temp_hq,335,,,,/github/workspace/logsheets/filtered/water_sampling.csv,XSDDouble,False
missing value,ws,store_temp_hq,336,,,,/github/workspace/logsheets/filtered/water_sampling.csv,XSDDouble,False
missing value,ws,store_temp_hq,337,,,,/github/workspace/logsheets/filtered/water_sampling.csv,XSDDouble,False
missing value,ws,store_temp_hq,338,,,,/github/workspace/logsheets/filtered/water_sampling.csv,XSDDouble,False
missing value,ws,store_temp_hq,339,,,,/github/workspace/logsheets/filtered/water_sampling.csv,XSDDouble,False
missing value,ws,store_temp_hq,340,,,,/github/workspace/logsheets/filtered/water_sampling.csv,XSDDouble,False
missing value,ws,store_temp_hq,341,,,,/github/workspace/logsheets/filtered/water_sampling.csv,XSDDouble,False
missing value,ws,store_temp_hq,342,,,,/github/workspace/logsheets/filtered/water_sampling.csv,XSDDouble,False
missing value,ws,store_temp_hq,343,,,,/github/workspace/logsheets/filtered/water_sampling.csv,XSDDouble,False
missing value,ws,store_temp_hq,344,,,,/github/workspace/logsheets/filtered/water_sampling.csv,XSDDouble,False
missing value,ws,store_temp_hq,345,,,,/github/workspace/logsheets/filtered/water_sampling.csv,XSDDouble,False
missing value,ws,store_temp_hq,346,,,,/github/workspace/logsheets/filtered/water_sampling.csv,XSDDouble,False
missing value,ws,store_temp_hq,347,,,,/github/workspace/logsheets/filtered/water_sampling.csv,XSDDouble,False
datatype mismatch,ws,tax_id,1,1874687,https://www.ncbi.nlm.nih.gov/taxonomy/browser/wwwtax.cgi?id=1874687,,/github/workspace/logsheets/filtered/water_sampling.csv,XSDAnyURI,False
datatype mismatch,ws,tax_id,2,1874687,https://www.ncbi.nlm.nih.gov/taxonomy/browser/wwwtax.cgi?id=1874687,,/github/workspace/logsheets/filtered/water_sampling.csv,XSDAnyURI,False
datatype mismatch,ws,tax_id,3,1874687,https://www.ncbi.nlm.nih.gov/taxonomy/browser/wwwtax.cgi?id=1874687,,/github/workspace/logsheets/filtered/water_sampling.csv,XSDAnyURI,False
datatype mismatch,ws,tax_id,4,1874687,https://www.ncbi.nlm.nih.gov/taxonomy/browser/wwwtax.cgi?id=1874687,,/github/workspace/logsheets/filtered/water_sampling.csv,XSDAnyURI,False
datatype mismatch,ws,tax_id,5,1874687,https://www.ncbi.nlm.nih.gov/taxonomy/browser/wwwtax.cgi?id=1874687,,/github/workspace/logsheets/filtered/water_sampling.csv,XSDAnyURI,False
datatype mismatch,ws,tax_id,6,1874687,https://www.ncbi.nlm.nih.gov/taxonomy/browser/wwwtax.cgi?id=1874687,,/github/workspace/logsheets/filtered/water_sampling.csv,XSDAnyURI,False
datatype mismatch,ws,tax_id,7,1874687,https://www.ncbi.nlm.nih.gov/taxonomy/browser/wwwtax.cgi?id=1874687,,/github/workspace/logsheets/filtered/water_sampling.csv,XSDAnyURI,False
datatype mismatch,ws,tax_id,8,1874687,https://www.ncbi.nlm.nih.gov/taxonomy/browser/wwwtax.cgi?id=1874687,,/github/workspace/logsheets/filtered/water_sampling.csv,XSDAnyURI,False
datatype mismatch,ws,tax_id,9,256318,https://www.ncbi.nlm.nih.gov/taxonomy/browser/wwwtax.cgi?id=256318,,/github/workspace/logsheets/filtered/water_sampling.csv,XSDAnyURI,False
datatype mismatch,ws,tax_id,10,256318,https://www.ncbi.nlm.nih.gov/taxonomy/browser/wwwtax.cgi?id=256318,,/github/workspace/logsheets/filtered/water_sampling.csv,XSDAnyURI,False
datatype mismatch,ws,tax_id,11,1874687,https://www.ncbi.nlm.nih.gov/taxonomy/browser/wwwtax.cgi?id=1874687,,/github/workspace/logsheets/filtered/water_sampling.csv,XSDAnyURI,False
datatype mismatch,ws,tax_id,12,1874687,https://www.ncbi.nlm.nih.gov/taxonomy/browser/wwwtax.cgi?id=1874687,,/github/workspace/logsheets/filtered/water_sampling.csv,XSDAnyURI,False
datatype mismatch,ws,tax_id,13,1874687,https://www.ncbi.nlm.nih.gov/taxonomy/browser/wwwtax.cgi?id=1874687,,/github/workspace/logsheets/filtered/water_sampling.csv,XSDAnyURI,False
datatype mismatch,ws,tax_id,14,1874687,https://www.ncbi.nlm.nih.gov/taxonomy/browser/wwwtax.cgi?id=1874687,,/github/workspace/logsheets/filtered/water_sampling.csv,XSDAnyURI,False
datatype mismatch,ws,tax_id,15,1874687,https://www.ncbi.nlm.nih.gov/taxonomy/browser/wwwtax.cgi?id=1874687,,/github/workspace/logsheets/filtered/water_sampling.csv,XSDAnyURI,False
datatype mismatch,ws,tax_id,16,1874687,https://www.ncbi.nlm.nih.gov/taxonomy/browser/wwwtax.cgi?id=1874687,,/github/workspace/logsheets/filtered/water_sampling.csv,XSDAnyURI,False
datatype mismatch,ws,tax_id,17,1874687,https://www.ncbi.nlm.nih.gov/taxonomy/browser/wwwtax.cgi?id=1874687,,/github/workspace/logsheets/filtered/water_sampling.csv,XSDAnyURI,False
datatype mismatch,ws,tax_id,18,1874687,https://www.ncbi.nlm.nih.gov/taxonomy/browser/wwwtax.cgi?id=1874687,,/github/workspace/logsheets/filtered/water_sampling.csv,XSDAnyURI,False
datatype mismatch,ws,tax_id,19,256318,https://www.ncbi.nlm.nih.gov/taxonomy/browser/wwwtax.cgi?id=256318,,/github/workspace/logsheets/filtered/water_sampling.csv,XSDAnyURI,False
datatype mismatch,ws,tax_id,20,256318,https://www.ncbi.nlm.nih.gov/taxonomy/browser/wwwtax.cgi?id=256318,,/github/workspace/logsheets/filtered/water_sampling.csv,XSDAnyURI,False
datatype mismatch,ws,tax_id,21,1874687,https://www.ncbi.nlm.nih.gov/taxonomy/browser/wwwtax.cgi?id=1874687,,/github/workspace/logsheets/filtered/water_sampling.csv,XSDAnyURI,False
datatype mismatch,ws,tax_id,22,1874687,https://www.ncbi.nlm.nih.gov/taxonomy/browser/wwwtax.cgi?id=1874687,,/github/workspace/logsheets/filtered/water_sampling.csv,XSDAnyURI,False
datatype mismatch,ws,tax_id,23,1874687,https://www.ncbi.nlm.nih.gov/taxonomy/browser/wwwtax.cgi?id=1874687,,/github/workspace/logsheets/filtered/water_sampling.csv,XSDAnyURI,False
datatype mismatch,ws,tax_id,24,1874687,https://www.ncbi.nlm.nih.gov/taxonomy/browser/wwwtax.cgi?id=1874687,,/github/workspace/logsheets/filtered/water_sampling.csv,XSDAnyURI,False
datatype mismatch,ws,tax_id,25,1874687,https://www.ncbi.nlm.nih.gov/taxonomy/browser/wwwtax.cgi?id=1874687,,/github/workspace/logsheets/filtered/water_sampling.csv,XSDAnyURI,False
datatype mismatch,ws,tax_id,26,1874687,https://www.ncbi.nlm.nih.gov/taxonomy/browser/wwwtax.cgi?id=1874687,,/github/workspace/logsheets/filtered/water_sampling.csv,XSDAnyURI,False
datatype mismatch,ws,tax_id,27,1874687,https://www.ncbi.nlm.nih.gov/taxonomy/browser/wwwtax.cgi?id=1874687,,/github/workspace/logsheets/filtered/water_sampling.csv,XSDAnyURI,False
datatype mismatch,ws,tax_id,28,1874687,https://www.ncbi.nlm.nih.gov/taxonomy/browser/wwwtax.cgi?id=1874687,,/github/workspace/logsheets/filtered/water_sampling.csv,XSDAnyURI,False
datatype mismatch,ws,tax_id,29,256318,https://www.ncbi.nlm.nih.gov/taxonomy/browser/wwwtax.cgi?id=256318,,/github/workspace/logsheets/filtered/water_sampling.csv,XSDAnyURI,False
datatype mismatch,ws,tax_id,30,256318,https://www.ncbi.nlm.nih.gov/taxonomy/browser/wwwtax.cgi?id=256318,,/github/workspace/logsheets/filtered/water_sampling.csv,XSDAnyURI,False
datatype mismatch,ws,tax_id,31,1874687,https://www.ncbi.nlm.nih.gov/taxonomy/browser/wwwtax.cgi?id=1874687,,/github/workspace/logsheets/filtered/water_sampling.csv,XSDAnyURI,False
datatype mismatch,ws,tax_id,32,1874687,https://www.ncbi.nlm.nih.gov/taxonomy/browser/wwwtax.cgi?id=1874687,,/github/workspace/logsheets/filtered/water_sampling.csv,XSDAnyURI,False
datatype mismatch,ws,tax_id,33,1874687,https://www.ncbi.nlm.nih.gov/taxonomy/browser/wwwtax.cgi?id=1874687,,/github/workspace/logsheets/filtered/water_sampling.csv,XSDAnyURI,False
datatype mismatch,ws,tax_id,34,1874687,https://www.ncbi.nlm.nih.gov/taxonomy/browser/wwwtax.cgi?id=1874687,,/github/workspace/logsheets/filtered/water_sampling.csv,XSDAnyURI,False
datatype mismatch,ws,tax_id,35,1874687,https://www.ncbi.nlm.nih.gov/taxonomy/browser/wwwtax.cgi?id=1874687,,/github/workspace/logsheets/filtered/water_sampling.csv,XSDAnyURI,False
datatype mismatch,ws,tax_id,36,1874687,https://www.ncbi.nlm.nih.gov/taxonomy/browser/wwwtax.cgi?id=1874687,,/github/workspace/logsheets/filtered/water_sampling.csv,XSDAnyURI,False
datatype mismatch,ws,tax_id,37,1874687,https://www.ncbi.nlm.nih.gov/taxonomy/browser/wwwtax.cgi?id=1874687,,/github/workspace/logsheets/filtered/water_sampling.csv,XSDAnyURI,False
datatype mismatch,ws,tax_id,38,1874687,https://www.ncbi.nlm.nih.gov/taxonomy/browser/wwwtax.cgi?id=1874687,,/github/workspace/logsheets/filtered/water_sampling.csv,XSDAnyURI,False
datatype mismatch,ws,tax_id,39,256318,https://www.ncbi.nlm.nih.gov/taxonomy/browser/wwwtax.cgi?id=256318,,/github/workspace/logsheets/filtered/water_sampling.csv,XSDAnyURI,False
datatype mismatch,ws,tax_id,40,256318,https://www.ncbi.nlm.nih.gov/taxonomy/browser/wwwtax.cgi?id=256318,,/github/workspace/logsheets/filtered/water_sampling.csv,XSDAnyURI,False
datatype mismatch,ws,tax_id,41,1874687,https://www.ncbi.nlm.nih.gov/taxonomy/browser/wwwtax.cgi?id=1874687,,/github/workspace/logsheets/filtered/water_sampling.csv,XSDAnyURI,False
datatype mismatch,ws,tax_id,42,1874687,https://www.ncbi.nlm.nih.gov/taxonomy/browser/wwwtax.cgi?id=1874687,,/github/workspace/logsheets/filtered/water_sampling.csv,XSDAnyURI,False
datatype mismatch,ws,tax_id,43,1874687,https://www.ncbi.nlm.nih.gov/taxonomy/browser/wwwtax.cgi?id=1874687,,/github/workspace/logsheets/filtered/water_sampling.csv,XSDAnyURI,False
datatype mismatch,ws,tax_id,44,1874687,https://www.ncbi.nlm.nih.gov/taxonomy/browser/wwwtax.cgi?id=1874687,,/github/workspace/logsheets/filtered/water_sampling.csv,XSDAnyURI,False
datatype mismatch,ws,tax_id,45,1874687,https://www.ncbi.nlm.nih.gov/taxonomy/browser/wwwtax.cgi?id=1874687,,/github/workspace/logsheets/filtered/water_sampling.csv,XSDAnyURI,False
datatype mismatch,ws,tax_id,46,1874687,https://www.ncbi.nlm.nih.gov/taxonomy/browser/wwwtax.cgi?id=1874687,,/github/workspace/logsheets/filtered/water_sampling.csv,XSDAnyURI,False
datatype mismatch,ws,tax_id,47,1874687,https://www.ncbi.nlm.nih.gov/taxonomy/browser/wwwtax.cgi?id=1874687,,/github/workspace/logsheets/filtered/water_sampling.csv,XSDAnyURI,False
datatype mismatch,ws,tax_id,48,1874687,https://www.ncbi.nlm.nih.gov/taxonomy/browser/wwwtax.cgi?id=1874687,,/github/workspace/logsheets/filtered/water_sampling.csv,XSDAnyURI,False
datatype mismatch,ws,tax_id,49,256318,https://www.ncbi.nlm.nih.gov/taxonomy/browser/wwwtax.cgi?id=256318,,/github/workspace/logsheets/filtered/water_sampling.csv,XSDAnyURI,False
datatype mismatch,ws,tax_id,50,256318,https://www.ncbi.nlm.nih.gov/taxonomy/browser/wwwtax.cgi?id=256318,,/github/workspace/logsheets/filtered/water_sampling.csv,XSDAnyURI,False
datatype mismatch,ws,tax_id,51,1874687,https://www.ncbi.nlm.nih.gov/taxonomy/browser/wwwtax.cgi?id=1874687,,/github/workspace/logsheets/filtered/water_sampling.csv,XSDAnyURI,False
datatype mismatch,ws,tax_id,52,1874687,https://www.ncbi.nlm.nih.gov/taxonomy/browser/wwwtax.cgi?id=1874687,,/github/workspace/logsheets/filtered/water_sampling.csv,XSDAnyURI,False
datatype mismatch,ws,tax_id,53,1874687,https://www.ncbi.nlm.nih.gov/taxonomy/browser/wwwtax.cgi?id=1874687,,/github/workspace/logsheets/filtered/water_sampling.csv,XSDAnyURI,False
datatype mismatch,ws,tax_id,54,1874687,https://www.ncbi.nlm.nih.gov/taxonomy/browser/wwwtax.cgi?id=1874687,,/github/workspace/logsheets/filtered/water_sampling.csv,XSDAnyURI,False
datatype mismatch,ws,tax_id,55,1874687,https://www.ncbi.nlm.nih.gov/taxonomy/browser/wwwtax.cgi?id=1874687,,/github/workspace/logsheets/filtered/water_sampling.csv,XSDAnyURI,False
datatype mismatch,ws,tax_id,56,1874687,https://www.ncbi.nlm.nih.gov/taxonomy/browser/wwwtax.cgi?id=1874687,,/github/workspace/logsheets/filtered/water_sampling.csv,XSDAnyURI,False
datatype mismatch,ws,tax_id,57,1874687,https://www.ncbi.nlm.nih.gov/taxonomy/browser/wwwtax.cgi?id=1874687,,/github/workspace/logsheets/filtered/water_sampling.csv,XSDAnyURI,False
datatype mismatch,ws,tax_id,58,1874687,https://www.ncbi.nlm.nih.gov/taxonomy/browser/wwwtax.cgi?id=1874687,,/github/workspace/logsheets/filtered/water_sampling.csv,XSDAnyURI,False
datatype mismatch,ws,tax_id,59,256318,https://www.ncbi.nlm.nih.gov/taxonomy/browser/wwwtax.cgi?id=256318,,/github/workspace/logsheets/filtered/water_sampling.csv,XSDAnyURI,False
datatype mismatch,ws,tax_id,60,256318,https://www.ncbi.nlm.nih.gov/taxonomy/browser/wwwtax.cgi?id=256318,,/github/workspace/logsheets/filtered/water_sampling.csv,XSDAnyURI,False
datatype mismatch,ws,tax_id,61,1874687,https://www.ncbi.nlm.nih.gov/taxonomy/browser/wwwtax.cgi?id=1874687,,/github/workspace/logsheets/filtered/water_sampling.csv,XSDAnyURI,False
datatype mismatch,ws,tax_id,62,1874687,https://www.ncbi.nlm.nih.gov/taxonomy/browser/wwwtax.cgi?id=1874687,,/github/workspace/logsheets/filtered/water_sampling.csv,XSDAnyURI,False
datatype mismatch,ws,tax_id,63,1874687,https://www.ncbi.nlm.nih.gov/taxonomy/browser/wwwtax.cgi?id=1874687,,/github/workspace/logsheets/filtered/water_sampling.csv,XSDAnyURI,False
datatype mismatch,ws,tax_id,64,1874687,https://www.ncbi.nlm.nih.gov/taxonomy/browser/wwwtax.cgi?id=1874687,,/github/workspace/logsheets/filtered/water_sampling.csv,XSDAnyURI,False
datatype mismatch,ws,tax_id,65,1874687,https://www.ncbi.nlm.nih.gov/taxonomy/browser/wwwtax.cgi?id=1874687,,/github/workspace/logsheets/filtered/water_sampling.csv,XSDAnyURI,False
datatype mismatch,ws,tax_id,66,1874687,https://www.ncbi.nlm.nih.gov/taxonomy/browser/wwwtax.cgi?id=1874687,,/github/workspace/logsheets/filtered/water_sampling.csv,XSDAnyURI,False
datatype mismatch,ws,tax_id,67,1874687,https://www.ncbi.nlm.nih.gov/taxonomy/browser/wwwtax.cgi?id=1874687,,/github/workspace/logsheets/filtered/water_sampling.csv,XSDAnyURI,False
datatype mismatch,ws,tax_id,68,1874687,https://www.ncbi.nlm.nih.gov/taxonomy/browser/wwwtax.cgi?id=1874687,,/github/workspace/logsheets/filtered/water_sampling.csv,XSDAnyURI,False
datatype mismatch,ws,tax_id,69,256318,https://www.ncbi.nlm.nih.gov/taxonomy/browser/wwwtax.cgi?id=256318,,/github/workspace/logsheets/filtered/water_sampling.csv,XSDAnyURI,False
datatype mismatch,ws,tax_id,70,256318,https://www.ncbi.nlm.nih.gov/taxonomy/browser/wwwtax.cgi?id=256318,,/github/workspace/logsheets/filtered/water_sampling.csv,XSDAnyURI,False
datatype mismatch,ws,tax_id,71,1874687,https://www.ncbi.nlm.nih.gov/taxonomy/browser/wwwtax.cgi?id=1874687,,/github/workspace/logsheets/filtered/water_sampling.csv,XSDAnyURI,False
datatype mismatch,ws,tax_id,72,1874687,https://www.ncbi.nlm.nih.gov/taxonomy/browser/wwwtax.cgi?id=1874687,,/github/workspace/logsheets/filtered/water_sampling.csv,XSDAnyURI,False
datatype mismatch,ws,tax_id,73,1874687,https://www.ncbi.nlm.nih.gov/taxonomy/browser/wwwtax.cgi?id=1874687,,/github/workspace/logsheets/filtered/water_sampling.csv,XSDAnyURI,False
datatype mismatch,ws,tax_id,74,1874687,https://www.ncbi.nlm.nih.gov/taxonomy/browser/wwwtax.cgi?id=1874687,,/github/workspace/logsheets/filtered/water_sampling.csv,XSDAnyURI,False
datatype mismatch,ws,tax_id,75,1874687,https://www.ncbi.nlm.nih.gov/taxonomy/browser/wwwtax.cgi?id=1874687,,/github/workspace/logsheets/filtered/water_sampling.csv,XSDAnyURI,False
datatype mismatch,ws,tax_id,76,1874687,https://www.ncbi.nlm.nih.gov/taxonomy/browser/wwwtax.cgi?id=1874687,,/github/workspace/logsheets/filtered/water_sampling.csv,XSDAnyURI,False
datatype mismatch,ws,tax_id,77,1874687,https://www.ncbi.nlm.nih.gov/taxonomy/browser/wwwtax.cgi?id=1874687,,/github/workspace/logsheets/filtered/water_sampling.csv,XSDAnyURI,False
datatype mismatch,ws,tax_id,78,1874687,https://www.ncbi.nlm.nih.gov/taxonomy/browser/wwwtax.cgi?id=1874687,,/github/workspace/logsheets/filtered/water_sampling.csv,XSDAnyURI,False
datatype mismatch,ws,tax_id,79,256318,https://www.ncbi.nlm.nih.gov/taxonomy/browser/wwwtax.cgi?id=256318,,/github/workspace/logsheets/filtered/water_sampling.csv,XSDAnyURI,False
datatype mismatch,ws,tax_id,80,256318,https://www.ncbi.nlm.nih.gov/taxonomy/browser/wwwtax.cgi?id=256318,,/github/workspace/logsheets/filtered/water_sampling.csv,XSDAnyURI,False
datatype mismatch,ws,tax_id,81,1874687,https://www.ncbi.nlm.nih.gov/taxonomy/browser/wwwtax.cgi?id=1874687,,/github/workspace/logsheets/filtered/water_sampling.csv,XSDAnyURI,False
datatype mismatch,ws,tax_id,82,1874687,https://www.ncbi.nlm.nih.gov/taxonomy/browser/wwwtax.cgi?id=1874687,,/github/workspace/logsheets/filtered/water_sampling.csv,XSDAnyURI,False
datatype mismatch,ws,tax_id,83,1874687,https://www.ncbi.nlm.nih.gov/taxonomy/browser/wwwtax.cgi?id=1874687,,/github/workspace/logsheets/filtered/water_sampling.csv,XSDAnyURI,False
datatype mismatch,ws,tax_id,84,1874687,https://www.ncbi.nlm.nih.gov/taxonomy/browser/wwwtax.cgi?id=1874687,,/github/workspace/logsheets/filtered/water_sampling.csv,XSDAnyURI,False
datatype mismatch,ws,tax_id,85,1874687,https://www.ncbi.nlm.nih.gov/taxonomy/browser/wwwtax.cgi?id=1874687,,/github/workspace/logsheets/filtered/water_sampling.csv,XSDAnyURI,False
datatype mismatch,ws,tax_id,86,1874687,https://www.ncbi.nlm.nih.gov/taxonomy/browser/wwwtax.cgi?id=1874687,,/github/workspace/logsheets/filtered/water_sampling.csv,XSDAnyURI,False
datatype mismatch,ws,tax_id,87,1874687,https://www.ncbi.nlm.nih.gov/taxonomy/browser/wwwtax.cgi?id=1874687,,/github/workspace/logsheets/filtered/water_sampling.csv,XSDAnyURI,False
datatype mismatch,ws,tax_id,88,1874687,https://www.ncbi.nlm.nih.gov/taxonomy/browser/wwwtax.cgi?id=1874687,,/github/workspace/logsheets/filtered/water_sampling.csv,XSDAnyURI,False
datatype mismatch,ws,tax_id,89,256318,https://www.ncbi.nlm.nih.gov/taxonomy/browser/wwwtax.cgi?id=256318,,/github/workspace/logsheets/filtered/water_sampling.csv,XSDAnyURI,False
datatype mismatch,ws,tax_id,90,256318,https://www.ncbi.nlm.nih.gov/taxonomy/browser/wwwtax.cgi?id=256318,,/github/workspace/logsheets/filtered/water_sampling.csv,XSDAnyURI,False
missing value,ws,tax_id,251,,,,/github/workspace/logsheets/filtered/water_sampling.csv,XSDAnyURI,False
missing value,ws,tax_id,252,,,,/github/workspace/logsheets/filtered/water_sampling.csv,XSDAnyURI,False
missing value,ws,tax_id,253,,,,/github/workspace/logsheets/filtered/water_sampling.csv,XSDAnyURI,False
missing value,ws,tax_id,254,,,,/github/workspace/logsheets/filtered/water_sampling.csv,XSDAnyURI,False
missing value,ws,tax_id,255,,,,/github/workspace/logsheets/filtered/water_sampling.csv,XSDAnyURI,False
missing value,ws,tax_id,256,,,,/github/workspace/logsheets/filtered/water_sampling.csv,XSDAnyURI,False
missing value,ws,tax_id,257,,,,/github/workspace/logsheets/filtered/water_sampling.csv,XSDAnyURI,False
missing value,ws,tax_id,258,,,,/github/workspace/logsheets/filtered/water_sampling.csv,XSDAnyURI,False
missing value,ws,tax_id,259,,,,/github/workspace/logsheets/filtered/water_sampling.csv,XSDAnyURI,False
missing value,ws,tax_id,260,,,,/github/workspace/logsheets/filtered/water_sampling.csv,XSDAnyURI,False
missing value,ws,tax_id,261,,,,/github/workspace/logsheets/filtered/water_sampling.csv,XSDAnyURI,False
missing value,ws,tax_id,262,,,,/github/workspace/logsheets/filtered/water_sampling.csv,XSDAnyURI,False
missing value,ws,tax_id,263,,,,/github/workspace/logsheets/filtered/water_sampling.csv,XSDAnyURI,False
missing value,ws,tax_id,264,,,,/github/workspace/logsheets/filtered/water_sampling.csv,XSDAnyURI,False
missing value,ws,tax_id,265,,,,/github/workspace/logsheets/filtered/water_sampling.csv,XSDAnyURI,False
missing value,ws,tax_id,266,,,,/github/workspace/logsheets/filtered/water_sampling.csv,XSDAnyURI,False
missing value,ws,tax_id,267,,,,/github/workspace/logsheets/filtered/water_sampling.csv,XSDAnyURI,False
missing value,ws,tax_id,268,,,,/github/workspace/logsheets/filtered/water_sampling.csv,XSDAnyURI,False
missing value,ws,tax_id,269,,,,/github/workspace/logsheets/filtered/water_sampling.csv,XSDAnyURI,False
missing value,ws,tax_id,270,,,,/github/workspace/logsheets/filtered/water_sampling.csv,XSDAnyURI,False
missing value,ws,tax_id,271,,,,/github/workspace/logsheets/filtered/water_sampling.csv,XSDAnyURI,False
missing value,ws,tax_id,272,,,,/github/workspace/logsheets/filtered/water_sampling.csv,XSDAnyURI,False
missing value,ws,tax_id,273,,,,/github/workspace/logsheets/filtered/water_sampling.csv,XSDAnyURI,False
missing value,ws,tax_id,274,,,,/github/workspace/logsheets/filtered/water_sampling.csv,XSDAnyURI,False
missing value,ws,tax_id,275,,,,/github/workspace/logsheets/filtered/water_sampling.csv,XSDAnyURI,False
missing value,ws,tax_id,276,,,,/github/workspace/logsheets/filtered/water_sampling.csv,XSDAnyURI,False
missing value,ws,tax_id,277,,,,/github/workspace/logsheets/filtered/water_sampling.csv,XSDAnyURI,False
missing value,ws,tax_id,278,,,,/github/workspace/logsheets/filtered/water_sampling.csv,XSDAnyURI,False
missing value,ws,tax_id,279,,,,/github/workspace/logsheets/filtered/water_sampling.csv,XSDAnyURI,False
missing value,ws,tax_id,280,,,,/github/workspace/logsheets/filtered/water_sampling.csv,XSDAnyURI,False
missing value,ws,tax_id,281,,,,/github/workspace/logsheets/filtered/water_sampling.csv,XSDAnyURI,False
missing value,ws,tax_id,282,,,,/github/workspace/logsheets/filtered/water_sampling.csv,XSDAnyURI,False
missing value,ws,tax_id,283,,,,/github/workspace/logsheets/filtered/water_sampling.csv,XSDAnyURI,False
missing value,ws,tax_id,284,,,,/github/workspace/logsheets/filtered/water_sampling.csv,XSDAnyURI,False
missing value,ws,tax_id,285,,,,/github/workspace/logsheets/filtered/water_sampling.csv,XSDAnyURI,False
missing value,ws,tax_id,286,,,,/github/workspace/logsheets/filtered/water_sampling.csv,XSDAnyURI,False
missing value,ws,tax_id,287,,,,/github/workspace/logsheets/filtered/water_sampling.csv,XSDAnyURI,False
missing value,ws,tax_id,288,,,,/github/workspace/logsheets/filtered/water_sampling.csv,XSDAnyURI,False
missing value,ws,tax_id,289,,,,/github/workspace/logsheets/filtered/water_sampling.csv,XSDAnyURI,False
missing value,ws,tax_id,290,,,,/github/workspace/logsheets/filtered/water_sampling.csv,XSDAnyURI,False
missing value,ws,tax_id,291,,,,/github/workspace/logsheets/filtered/water_sampling.csv,XSDAnyURI,False
missing value,ws,tax_id,292,,,,/github/workspace/logsheets/filtered/water_sampling.csv,XSDAnyURI,False
missing value,ws,tax_id,293,,,,/github/workspace/logsheets/filtered/water_sampling.csv,XSDAnyURI,False
missing value,ws,tax_id,294,,,,/github/workspace/logsheets/filtered/water_sampling.csv,XSDAnyURI,False
missing value,ws,tax_id,295,,,,/github/workspace/logsheets/filtered/water_sampling.csv,XSDAnyURI,False
missing value,ws,tax_id,296,,,,/github/workspace/logsheets/filtered/water_sampling.csv,XSDAnyURI,False
missing value,ws,tax_id,297,,,,/github/workspace/logsheets/filtered/water_sampling.csv,XSDAnyURI,False
missing value,ws,tax_id,298,,,,/github/workspace/logsheets/filtered/water_sampling.csv,XSDAnyURI,False
missing value,ws,tax_id,299,,,,/github/workspace/logsheets/filtered/water_sampling.csv,XSDAnyURI,False
missing value,ws,tax_id,300,,,,/github/workspace/logsheets/filtered/water_sampling.csv,XSDAnyURI,False
missing value,ws,tax_id,301,,,,/github/workspace/logsheets/filtered/water_sampling.csv,XSDAnyURI,False
missing value,ws,tax_id,302,,,,/github/workspace/logsheets/filtered/water_sampling.csv,XSDAnyURI,False
missing value,ws,tax_id,303,,,,/github/workspace/logsheets/filtered/water_sampling.csv,XSDAnyURI,False
missing value,ws,tax_id,304,,,,/github/workspace/logsheets/filtered/water_sampling.csv,XSDAnyURI,False
missing value,ws,tax_id,305,,,,/github/workspace/logsheets/filtered/water_sampling.csv,XSDAnyURI,False
missing value,ws,tax_id,306,,,,/github/workspace/logsheets/filtered/water_sampling.csv,XSDAnyURI,False
missing value,ws,tax_id,307,,,,/github/workspace/logsheets/filtered/water_sampling.csv,XSDAnyURI,False
missing value,ws,tax_id,308,,,,/github/workspace/logsheets/filtered/water_sampling.csv,XSDAnyURI,False
missing value,ws,tax_id,309,,,,/github/workspace/logsheets/filtered/water_sampling.csv,XSDAnyURI,False
missing value,ws,tax_id,310,,,,/github/workspace/logsheets/filtered/water_sampling.csv,XSDAnyURI,False
missing value,ws,tax_id,311,,,,/github/workspace/logsheets/filtered/water_sampling.csv,XSDAnyURI,False
missing value,ws,tax_id,312,,,,/github/workspace/logsheets/filtered/water_sampling.csv,XSDAnyURI,False
missing value,ws,tax_id,313,,,,/github/workspace/logsheets/filtered/water_sampling.csv,XSDAnyURI,False
missing value,ws,tax_id,314,,,,/github/workspace/logsheets/filtered/water_sampling.csv,XSDAnyURI,False
missing value,ws,tax_id,315,,,,/github/workspace/logsheets/filtered/water_sampling.csv,XSDAnyURI,False
missing value,ws,tax_id,316,,,,/github/workspace/logsheets/filtered/water_sampling.csv,XSDAnyURI,False
missing value,ws,tax_id,317,,,,/github/workspace/logsheets/filtered/water_sampling.csv,XSDAnyURI,False
missing value,ws,tax_id,318,,,,/github/workspace/logsheets/filtered/water_sampling.csv,XSDAnyURI,False
missing value,ws,tax_id,319,,,,/github/workspace/logsheets/filtered/water_sampling.csv,XSDAnyURI,False
missing value,ws,tax_id,320,,,,/github/workspace/logsheets/filtered/water_sampling.csv,XSDAnyURI,False
missing value,ws,tax_id,321,,,,/github/workspace/logsheets/filtered/water_sampling.csv,XSDAnyURI,False
missing value,ws,tax_id,322,,,,/github/workspace/logsheets/filtered/water_sampling.csv,XSDAnyURI,False
missing value,ws,tax_id,323,,,,/github/workspace/logsheets/filtered/water_sampling.csv,XSDAnyURI,False
missing value,ws,tax_id,324,,,,/github/workspace/logsheets/filtered/water_sampling.csv,XSDAnyURI,False
missing value,ws,tax_id,325,,,,/github/workspace/logsheets/filtered/water_sampling.csv,XSDAnyURI,False
missing value,ws,tax_id,326,,,,/github/workspace/logsheets/filtered/water_sampling.csv,XSDAnyURI,False
missing value,ws,tax_id,327,,,,/github/workspace/logsheets/filtered/water_sampling.csv,XSDAnyURI,False
missing value,ws,tax_id,328,,,,/github/workspace/logsheets/filtered/water_sampling.csv,XSDAnyURI,False
missing value,ws,tax_id,329,,,,/github/workspace/logsheets/filtered/water_sampling.csv,XSDAnyURI,False
missing value,ws,tax_id,330,,,,/github/workspace/logsheets/filtered/water_sampling.csv,XSDAnyURI,False
missing value,ws,tax_id,331,,,,/github/workspace/logsheets/filtered/water_sampling.csv,XSDAnyURI,False
missing value,ws,tax_id,332,,,,/github/workspace/logsheets/filtered/water_sampling.csv,XSDAnyURI,False
missing value,ws,tax_id,333,,,,/github/workspace/logsheets/filtered/water_sampling.csv,XSDAnyURI,False
missing value,ws,tax_id,334,,,,/github/workspace/logsheets/filtered/water_sampling.csv,XSDAnyURI,False
missing value,ws,tax_id,335,,,,/github/workspace/logsheets/filtered/water_sampling.csv,XSDAnyURI,False
missing value,ws,tax_id,336,,,,/github/workspace/logsheets/filtered/water_sampling.csv,XSDAnyURI,False
missing value,ws,tax_id,337,,,,/github/workspace/logsheets/filtered/water_sampling.csv,XSDAnyURI,False
missing value,ws,tax_id,338,,,,/github/workspace/logsheets/filtered/water_sampling.csv,XSDAnyURI,False
missing value,ws,tax_id,339,,,,/github/workspace/logsheets/filtered/water_sampling.csv,XSDAnyURI,False
missing value,ws,tax_id,340,,,,/github/workspace/logsheets/filtered/water_sampling.csv,XSDAnyURI,False
missing value,ws,tax_id,341,,,,/github/workspace/logsheets/filtered/water_sampling.csv,XSDAnyURI,False
missing value,ws,tax_id,342,,,,/github/workspace/logsheets/filtered/water_sampling.csv,XSDAnyURI,False
missing value,ws,tax_id,343,,,,/github/workspace/logsheets/filtered/water_sampling.csv,XSDAnyURI,False
missing value,ws,tax_id,344,,,,/github/workspace/logsheets/filtered/water_sampling.csv,XSDAnyURI,False
missing value,ws,tax_id,345,,,,/github/workspace/logsheets/filtered/water_sampling.csv,XSDAnyURI,False
missing value,ws,tax_id,346,,,,/github/workspace/logsheets/filtered/water_sampling.csv,XSDAnyURI,False
missing value,ws,tax_id,347,,,,/github/workspace/logsheets/filtered/water_sampling.csv,XSDAnyURI,False
missing value,ws,time_fi,251,,,,/github/workspace/logsheets/filtered/water_sampling.csv,XSDString,False
missing value,ws,time_fi,252,,,,/github/workspace/logsheets/filtered/water_sampling.csv,XSDString,False
missing value,ws,time_fi,253,,,,/github/workspace/logsheets/filtered/water_sampling.csv,XSDString,False
missing value,ws,time_fi,254,,,,/github/workspace/logsheets/filtered/water_sampling.csv,XSDString,False
missing value,ws,time_fi,255,,,,/github/workspace/logsheets/filtered/water_sampling.csv,XSDString,False
missing value,ws,time_fi,256,,,,/github/workspace/logsheets/filtered/water_sampling.csv,XSDString,False
missing value,ws,time_fi,257,,,,/github/workspace/logsheets/filtered/water_sampling.csv,XSDString,False
missing value,ws,time_fi,258,,,,/github/workspace/logsheets/filtered/water_sampling.csv,XSDString,False
missing value,ws,time_fi,259,,,,/github/workspace/logsheets/filtered/water_sampling.csv,XSDString,False
missing value,ws,time_fi,260,,,,/github/workspace/logsheets/filtered/water_sampling.csv,XSDString,False
missing value,ws,time_fi,261,,,,/github/workspace/logsheets/filtered/water_sampling.csv,XSDString,False
missing value,ws,time_fi,262,,,,/github/workspace/logsheets/filtered/water_sampling.csv,XSDString,False
missing value,ws,time_fi,263,,,,/github/workspace/logsheets/filtered/water_sampling.csv,XSDString,False
missing value,ws,time_fi,264,,,,/github/workspace/logsheets/filtered/water_sampling.csv,XSDString,False
missing value,ws,time_fi,265,,,,/github/workspace/logsheets/filtered/water_sampling.csv,XSDString,False
missing value,ws,time_fi,266,,,,/github/workspace/logsheets/filtered/water_sampling.csv,XSDString,False
missing value,ws,time_fi,267,,,,/github/workspace/logsheets/filtered/water_sampling.csv,XSDString,False
missing value,ws,time_fi,268,,,,/github/workspace/logsheets/filtered/water_sampling.csv,XSDString,False
missing value,ws,time_fi,269,,,,/github/workspace/logsheets/filtered/water_sampling.csv,XSDString,False
missing value,ws,time_fi,270,,,,/github/workspace/logsheets/filtered/water_sampling.csv,XSDString,False
missing value,ws,time_fi,271,,,,/github/workspace/logsheets/filtered/water_sampling.csv,XSDString,False
missing value,ws,time_fi,272,,,,/github/workspace/logsheets/filtered/water_sampling.csv,XSDString,False
missing value,ws,time_fi,273,,,,/github/workspace/logsheets/filtered/water_sampling.csv,XSDString,False
missing value,ws,time_fi,274,,,,/github/workspace/logsheets/filtered/water_sampling.csv,XSDString,False
missing value,ws,time_fi,275,,,,/github/workspace/logsheets/filtered/water_sampling.csv,XSDString,False
missing value,ws,time_fi,276,,,,/github/workspace/logsheets/filtered/water_sampling.csv,XSDString,False
missing value,ws,time_fi,277,,,,/github/workspace/logsheets/filtered/water_sampling.csv,XSDString,False
missing value,ws,time_fi,278,,,,/github/workspace/logsheets/filtered/water_sampling.csv,XSDString,False
missing value,ws,time_fi,279,,,,/github/workspace/logsheets/filtered/water_sampling.csv,XSDString,False
missing value,ws,time_fi,280,,,,/github/workspace/logsheets/filtered/water_sampling.csv,XSDString,False
missing value,ws,time_fi,281,,,,/github/workspace/logsheets/filtered/water_sampling.csv,XSDString,False
missing value,ws,time_fi,282,,,,/github/workspace/logsheets/filtered/water_sampling.csv,XSDString,False
missing value,ws,time_fi,283,,,,/github/workspace/logsheets/filtered/water_sampling.csv,XSDString,False
missing value,ws,time_fi,284,,,,/github/workspace/logsheets/filtered/water_sampling.csv,XSDString,False
missing value,ws,time_fi,285,,,,/github/workspace/logsheets/filtered/water_sampling.csv,XSDString,False
missing value,ws,time_fi,286,,,,/github/workspace/logsheets/filtered/water_sampling.csv,XSDString,False
missing value,ws,time_fi,287,,,,/github/workspace/logsheets/filtered/water_sampling.csv,XSDString,False
missing value,ws,time_fi,288,,,,/github/workspace/logsheets/filtered/water_sampling.csv,XSDString,False
missing value,ws,time_fi,289,,,,/github/workspace/logsheets/filtered/water_sampling.csv,XSDString,False
missing value,ws,time_fi,290,,,,/github/workspace/logsheets/filtered/water_sampling.csv,XSDString,False
missing value,ws,time_fi,291,,,,/github/workspace/logsheets/filtered/water_sampling.csv,XSDString,False
missing value,ws,time_fi,292,,,,/github/workspace/logsheets/filtered/water_sampling.csv,XSDString,False
missing value,ws,time_fi,293,,,,/github/workspace/logsheets/filtered/water_sampling.csv,XSDString,False
missing value,ws,time_fi,294,,,,/github/workspace/logsheets/filtered/water_sampling.csv,XSDString,False
missing value,ws,time_fi,295,,,,/github/workspace/logsheets/filtered/water_sampling.csv,XSDString,False
missing value,ws,time_fi,296,,,,/github/workspace/logsheets/filtered/water_sampling.csv,XSDString,False
missing value,ws,time_fi,297,,,,/github/workspace/logsheets/filtered/water_sampling.csv,XSDString,False
missing value,ws,time_fi,298,,,,/github/workspace/logsheets/filtered/water_sampling.csv,XSDString,False
missing value,ws,time_fi,299,,,,/github/workspace/logsheets/filtered/water_sampling.csv,XSDString,False
missing value,ws,time_fi,300,,,,/github/workspace/logsheets/filtered/water_sampling.csv,XSDString,False
missing value,ws,time_fi,301,,,,/github/workspace/logsheets/filtered/water_sampling.csv,XSDString,False
missing value,ws,time_fi,302,,,,/github/workspace/logsheets/filtered/water_sampling.csv,XSDString,False
missing value,ws,time_fi,303,,,,/github/workspace/logsheets/filtered/water_sampling.csv,XSDString,False
missing value,ws,time_fi,304,,,,/github/workspace/logsheets/filtered/water_sampling.csv,XSDString,False
missing value,ws,time_fi,305,,,,/github/workspace/logsheets/filtered/water_sampling.csv,XSDString,False
missing value,ws,time_fi,306,,,,/github/workspace/logsheets/filtered/water_sampling.csv,XSDString,False
missing value,ws,time_fi,307,,,,/github/workspace/logsheets/filtered/water_sampling.csv,XSDString,False
missing value,ws,time_fi,308,,,,/github/workspace/logsheets/filtered/water_sampling.csv,XSDString,False
missing value,ws,time_fi,309,,,,/github/workspace/logsheets/filtered/water_sampling.csv,XSDString,False
missing value,ws,time_fi,310,,,,/github/workspace/logsheets/filtered/water_sampling.csv,XSDString,False
missing value,ws,time_fi,311,,,,/github/workspace/logsheets/filtered/water_sampling.csv,XSDString,False
missing value,ws,time_fi,312,,,,/github/workspace/logsheets/filtered/water_sampling.csv,XSDString,False
missing value,ws,time_fi,313,,,,/github/workspace/logsheets/filtered/water_sampling.csv,XSDString,False
missing value,ws,time_fi,314,,,,/github/workspace/logsheets/filtered/water_sampling.csv,XSDString,False
missing value,ws,time_fi,315,,,,/github/workspace/logsheets/filtered/water_sampling.csv,XSDString,False
missing value,ws,time_fi,316,,,,/github/workspace/logsheets/filtered/water_sampling.csv,XSDString,False
missing value,ws,time_fi,317,,,,/github/workspace/logsheets/filtered/water_sampling.csv,XSDString,False
missing value,ws,time_fi,318,,,,/github/workspace/logsheets/filtered/water_sampling.csv,XSDString,False
missing value,ws,time_fi,319,,,,/github/workspace/logsheets/filtered/water_sampling.csv,XSDString,False
missing value,ws,time_fi,320,,,,/github/workspace/logsheets/filtered/water_sampling.csv,XSDString,False
missing value,ws,time_fi,321,,,,/github/workspace/logsheets/filtered/water_sampling.csv,XSDString,False
missing value,ws,time_fi,322,,,,/github/workspace/logsheets/filtered/water_sampling.csv,XSDString,False
missing value,ws,time_fi,323,,,,/github/workspace/logsheets/filtered/water_sampling.csv,XSDString,False
missing value,ws,time_fi,324,,,,/github/workspace/logsheets/filtered/water_sampling.csv,XSDString,False
missing value,ws,time_fi,325,,,,/github/workspace/logsheets/filtered/water_sampling.csv,XSDString,False
missing value,ws,time_fi,326,,,,/github/workspace/logsheets/filtered/water_sampling.csv,XSDString,False
missing value,ws,time_fi,327,,,,/github/workspace/logsheets/filtered/water_sampling.csv,XSDString,False
missing value,ws,time_fi,328,,,,/github/workspace/logsheets/filtered/water_sampling.csv,XSDString,False
missing value,ws,time_fi,329,,,,/github/workspace/logsheets/filtered/water_sampling.csv,XSDString,False
missing value,ws,time_fi,330,,,,/github/workspace/logsheets/filtered/water_sampling.csv,XSDString,False
missing value,ws,time_fi,331,,,,/github/workspace/logsheets/filtered/water_sampling.csv,XSDString,False
missing value,ws,time_fi,332,,,,/github/workspace/logsheets/filtered/water_sampling.csv,XSDString,False
missing value,ws,time_fi,333,,,,/github/workspace/logsheets/filtered/water_sampling.csv,XSDString,False
missing value,ws,time_fi,334,,,,/github/workspace/logsheets/filtered/water_sampling.csv,XSDString,False
missing value,ws,time_fi,335,,,,/github/workspace/logsheets/filtered/water_sampling.csv,XSDString,False
missing value,ws,time_fi,336,,,,/github/workspace/logsheets/filtered/water_sampling.csv,XSDString,False
missing value,ws,time_fi,337,,,,/github/workspace/logsheets/filtered/water_sampling.csv,XSDString,False
missing value,ws,time_fi,338,,,,/github/workspace/logsheets/filtered/water_sampling.csv,XSDString,False
missing value,ws,time_fi,339,,,,/github/workspace/logsheets/filtered/water_sampling.csv,XSDString,False
missing value,ws,time_fi,340,,,,/github/workspace/logsheets/filtered/water_sampling.csv,XSDString,False
missing value,ws,time_fi,341,,,,/github/workspace/logsheets/filtered/water_sampling.csv,XSDString,False
missing value,ws,time_fi,342,,,,/github/workspace/logsheets/filtered/water_sampling.csv,XSDString,False
missing value,ws,time_fi,343,,,,/github/workspace/logsheets/filtered/water_sampling.csv,XSDString,False
missing value,ws,time_fi,344,,,,/github/workspace/logsheets/filtered/water_sampling.csv,XSDString,False
missing value,ws,time_fi,345,,,,/github/workspace/logsheets/filtered/water_sampling.csv,XSDString,False
missing value,ws,time_fi,346,,,,/github/workspace/logsheets/filtered/water_sampling.csv,XSDString,False
missing value,ws,time_fi,347,,,,/github/workspace/logsheets/filtered/water_sampling.csv,XSDString,False
datatype mismatch,ws,failure,1,F,false,,/github/workspace/logsheets/filtered/water_sampling.csv,XSDBoolean,False
datatype mismatch,ws,failure,2,F,false,,/github/workspace/logsheets/filtered/water_sampling.csv,XSDBoolean,False
missing value,ws,failure,3,,,,/github/workspace/logsheets/filtered/water_sampling.csv,XSDBoolean,False
missing value,ws,failure,4,,,,/github/workspace/logsheets/filtered/water_sampling.csv,XSDBoolean,False
datatype mismatch,ws,failure,5,F,false,,/github/workspace/logsheets/filtered/water_sampling.csv,XSDBoolean,False
datatype mismatch,ws,failure,6,F,false,,/github/workspace/logsheets/filtered/water_sampling.csv,XSDBoolean,False
missing value,ws,failure,7,,,,/github/workspace/logsheets/filtered/water_sampling.csv,XSDBoolean,False
missing value,ws,failure,8,,,,/github/workspace/logsheets/filtered/water_sampling.csv,XSDBoolean,False
missing value,ws,failure,9,,,,/github/workspace/logsheets/filtered/water_sampling.csv,XSDBoolean,False
missing value,ws,failure,10,,,,/github/workspace/logsheets/filtered/water_sampling.csv,XSDBoolean,False
datatype mismatch,ws,failure,11,F,false,,/github/workspace/logsheets/filtered/water_sampling.csv,XSDBoolean,False
datatype mismatch,ws,failure,12,F,false,,/github/workspace/logsheets/filtered/water_sampling.csv,XSDBoolean,False
missing value,ws,failure,13,,,,/github/workspace/logsheets/filtered/water_sampling.csv,XSDBoolean,False
missing value,ws,failure,14,,,,/github/workspace/logsheets/filtered/water_sampling.csv,XSDBoolean,False
datatype mismatch,ws,failure,15,F,false,,/github/workspace/logsheets/filtered/water_sampling.csv,XSDBoolean,False
datatype mismatch,ws,failure,16,F,false,,/github/workspace/logsheets/filtered/water_sampling.csv,XSDBoolean,False
missing value,ws,failure,17,,,,/github/workspace/logsheets/filtered/water_sampling.csv,XSDBoolean,False
missing value,ws,failure,18,,,,/github/workspace/logsheets/filtered/water_sampling.csv,XSDBoolean,False
missing value,ws,failure,19,,,,/github/workspace/logsheets/filtered/water_sampling.csv,XSDBoolean,False
missing value,ws,failure,20,,,,/github/workspace/logsheets/filtered/water_sampling.csv,XSDBoolean,False
datatype mismatch,ws,failure,21,F,false,,/github/workspace/logsheets/filtered/water_sampling.csv,XSDBoolean,False
datatype mismatch,ws,failure,22,F,false,,/github/workspace/logsheets/filtered/water_sampling.csv,XSDBoolean,False
missing value,ws,failure,23,,,,/github/workspace/logsheets/filtered/water_sampling.csv,XSDBoolean,False
missing value,ws,failure,24,,,,/github/workspace/logsheets/filtered/water_sampling.csv,XSDBoolean,False
datatype mismatch,ws,failure,25,F,false,,/github/workspace/logsheets/filtered/water_sampling.csv,XSDBoolean,False
datatype mismatch,ws,failure,26,F,false,,/github/workspace/logsheets/filtered/water_sampling.csv,XSDBoolean,False
missing value,ws,failure,27,,,,/github/workspace/logsheets/filtered/water_sampling.csv,XSDBoolean,False
missing value,ws,failure,28,,,,/github/workspace/logsheets/filtered/water_sampling.csv,XSDBoolean,False
datatype mismatch,ws,failure,29,T,true,,/github/workspace/logsheets/filtered/water_sampling.csv,XSDBoolean,False
datatype mismatch,ws,failure,30,T,true,,/github/workspace/logsheets/filtered/water_sampling.csv,XSDBoolean,False
missing value,ws,failure,31,,,,/github/workspace/logsheets/filtered/water_sampling.csv,XSDBoolean,False
missing value,ws,failure,32,,,,/github/workspace/logsheets/filtered/water_sampling.csv,XSDBoolean,False
missing value,ws,failure,33,,,,/github/workspace/logsheets/filtered/water_sampling.csv,XSDBoolean,False
missing value,ws,failure,34,,,,/github/workspace/logsheets/filtered/water_sampling.csv,XSDBoolean,False
missing value,ws,failure,35,,,,/github/workspace/logsheets/filtered/water_sampling.csv,XSDBoolean,False
missing value,ws,failure,36,,,,/github/workspace/logsheets/filtered/water_sampling.csv,XSDBoolean,False
missing value,ws,failure,37,,,,/github/workspace/logsheets/filtered/water_sampling.csv,XSDBoolean,False
missing value,ws,failure,38,,,,/github/workspace/logsheets/filtered/water_sampling.csv,XSDBoolean,False
missing value,ws,failure,39,,,,/github/workspace/logsheets/filtered/water_sampling.csv,XSDBoolean,False
missing value,ws,failure,40,,,,/github/workspace/logsheets/filtered/water_sampling.csv,XSDBoolean,False
missing value,ws,failure,41,,,,/github/workspace/logsheets/filtered/water_sampling.csv,XSDBoolean,False
missing value,ws,failure,42,,,,/github/workspace/logsheets/filtered/water_sampling.csv,XSDBoolean,False
missing value,ws,failure,43,,,,/github/workspace/logsheets/filtered/water_sampling.csv,XSDBoolean,False
missing value,ws,failure,44,,,,/github/workspace/logsheets/filtered/water_sampling.csv,XSDBoolean,False
missing value,ws,failure,45,,,,/github/workspace/logsheets/filtered/water_sampling.csv,XSDBoolean,False
missing value,ws,failure,46,,,,/github/workspace/logsheets/filtered/water_sampling.csv,XSDBoolean,False
missing value,ws,failure,47,,,,/github/workspace/logsheets/filtered/water_sampling.csv,XSDBoolean,False
missing value,ws,failure,48,,,,/github/workspace/logsheets/filtered/water_sampling.csv,XSDBoolean,False
missing value,ws,failure,49,,,,/github/workspace/logsheets/filtered/water_sampling.csv,XSDBoolean,False
missing value,ws,failure,50,,,,/github/workspace/logsheets/filtered/water_sampling.csv,XSDBoolean,False
missing value,ws,failure,51,,,,/github/workspace/logsheets/filtered/water_sampling.csv,XSDBoolean,False
missing value,ws,failure,52,,,,/github/workspace/logsheets/filtered/water_sampling.csv,XSDBoolean,False
missing value,ws,failure,53,,,,/github/workspace/logsheets/filtered/water_sampling.csv,XSDBoolean,False
missing value,ws,failure,54,,,,/github/workspace/logsheets/filtered/water_sampling.csv,XSDBoolean,False
missing value,ws,failure,55,,,,/github/workspace/logsheets/filtered/water_sampling.csv,XSDBoolean,False
missing value,ws,failure,56,,,,/github/workspace/logsheets/filtered/water_sampling.csv,XSDBoolean,False
missing value,ws,failure,57,,,,/github/workspace/logsheets/filtered/water_sampling.csv,XSDBoolean,False
missing value,ws,failure,58,,,,/github/workspace/logsheets/filtered/water_sampling.csv,XSDBoolean,False
missing value,ws,failure,59,,,,/github/workspace/logsheets/filtered/water_sampling.csv,XSDBoolean,False
missing value,ws,failure,60,,,,/github/workspace/logsheets/filtered/water_sampling.csv,XSDBoolean,False
missing value,ws,failure,61,,,,/github/workspace/logsheets/filtered/water_sampling.csv,XSDBoolean,False
missing value,ws,failure,62,,,,/github/workspace/logsheets/filtered/water_sampling.csv,XSDBoolean,False
missing value,ws,failure,63,,,,/github/workspace/logsheets/filtered/water_sampling.csv,XSDBoolean,False
missing value,ws,failure,64,,,,/github/workspace/logsheets/filtered/water_sampling.csv,XSDBoolean,False
missing value,ws,failure,65,,,,/github/workspace/logsheets/filtered/water_sampling.csv,XSDBoolean,False
missing value,ws,failure,66,,,,/github/workspace/logsheets/filtered/water_sampling.csv,XSDBoolean,False
missing value,ws,failure,67,,,,/github/workspace/logsheets/filtered/water_sampling.csv,XSDBoolean,False
missing value,ws,failure,68,,,,/github/workspace/logsheets/filtered/water_sampling.csv,XSDBoolean,False
missing value,ws,failure,69,,,,/github/workspace/logsheets/filtered/water_sampling.csv,XSDBoolean,False
missing value,ws,failure,70,,,,/github/workspace/logsheets/filtered/water_sampling.csv,XSDBoolean,False
datatype mismatch,ws,failure,71,F,false,,/github/workspace/logsheets/filtered/water_sampling.csv,XSDBoolean,False
datatype mismatch,ws,failure,72,F,false,,/github/workspace/logsheets/filtered/water_sampling.csv,XSDBoolean,False
missing value,ws,failure,73,,,,/github/workspace/logsheets/filtered/water_sampling.csv,XSDBoolean,False
missing value,ws,failure,74,,,,/github/workspace/logsheets/filtered/water_sampling.csv,XSDBoolean,False
datatype mismatch,ws,failure,75,F,false,,/github/workspace/logsheets/filtered/water_sampling.csv,XSDBoolean,False
datatype mismatch,ws,failure,76,F,false,,/github/workspace/logsheets/filtered/water_sampling.csv,XSDBoolean,False
missing value,ws,failure,77,,,,/github/workspace/logsheets/filtered/water_sampling.csv,XSDBoolean,False
missing value,ws,failure,78,,,,/github/workspace/logsheets/filtered/water_sampling.csv,XSDBoolean,False
missing value,ws,failure,79,,,,/github/workspace/logsheets/filtered/water_sampling.csv,XSDBoolean,False
missing value,ws,failure,80,,,,/github/workspace/logsheets/filtered/water_sampling.csv,XSDBoolean,False
datatype mismatch,ws,failure,81,T,true,,/github/workspace/logsheets/filtered/water_sampling.csv,XSDBoolean,False
datatype mismatch,ws,failure,82,T,true,,/github/workspace/logsheets/filtered/water_sampling.csv,XSDBoolean,False
missing value,ws,failure,83,,,,/github/workspace/logsheets/filtered/water_sampling.csv,XSDBoolean,False
missing value,ws,failure,84,,,,/github/workspace/logsheets/filtered/water_sampling.csv,XSDBoolean,False
datatype mismatch,ws,failure,85,F,false,,/github/workspace/logsheets/filtered/water_sampling.csv,XSDBoolean,False
datatype mismatch,ws,failure,86,F,false,,/github/workspace/logsheets/filtered/water_sampling.csv,XSDBoolean,False
missing value,ws,failure,87,,,,/github/workspace/logsheets/filtered/water_sampling.csv,XSDBoolean,False
missing value,ws,failure,88,,,,/github/workspace/logsheets/filtered/water_sampling.csv,XSDBoolean,False
missing value,ws,failure,89,,,,/github/workspace/logsheets/filtered/water_sampling.csv,XSDBoolean,False
missing value,ws,failure,90,,,,/github/workspace/logsheets/filtered/water_sampling.csv,XSDBoolean,False
missing value,ws,failure,251,,,,/github/workspace/logsheets/filtered/water_sampling.csv,XSDBoolean,False
missing value,ws,failure,252,,,,/github/workspace/logsheets/filtered/water_sampling.csv,XSDBoolean,False
missing value,ws,failure,253,,,,/github/workspace/logsheets/filtered/water_sampling.csv,XSDBoolean,False
missing value,ws,failure,254,,,,/github/workspace/logsheets/filtered/water_sampling.csv,XSDBoolean,False
missing value,ws,failure,255,,,,/github/workspace/logsheets/filtered/water_sampling.csv,XSDBoolean,False
missing value,ws,failure,256,,,,/github/workspace/logsheets/filtered/water_sampling.csv,XSDBoolean,False
missing value,ws,failure,257,,,,/github/workspace/logsheets/filtered/water_sampling.csv,XSDBoolean,False
missing value,ws,failure,258,,,,/github/workspace/logsheets/filtered/water_sampling.csv,XSDBoolean,False
missing value,ws,failure,259,,,,/github/workspace/logsheets/filtered/water_sampling.csv,XSDBoolean,False
missing value,ws,failure,260,,,,/github/workspace/logsheets/filtered/water_sampling.csv,XSDBoolean,False
missing value,ws,failure,261,,,,/github/workspace/logsheets/filtered/water_sampling.csv,XSDBoolean,False
missing value,ws,failure,262,,,,/github/workspace/logsheets/filtered/water_sampling.csv,XSDBoolean,False
missing value,ws,failure,263,,,,/github/workspace/logsheets/filtered/water_sampling.csv,XSDBoolean,False
missing value,ws,failure,264,,,,/github/workspace/logsheets/filtered/water_sampling.csv,XSDBoolean,False
missing value,ws,failure,265,,,,/github/workspace/logsheets/filtered/water_sampling.csv,XSDBoolean,False
missing value,ws,failure,266,,,,/github/workspace/logsheets/filtered/water_sampling.csv,XSDBoolean,False
missing value,ws,failure,267,,,,/github/workspace/logsheets/filtered/water_sampling.csv,XSDBoolean,False
missing value,ws,failure,268,,,,/github/workspace/logsheets/filtered/water_sampling.csv,XSDBoolean,False
missing value,ws,failure,269,,,,/github/workspace/logsheets/filtered/water_sampling.csv,XSDBoolean,False
missing value,ws,failure,270,,,,/github/workspace/logsheets/filtered/water_sampling.csv,XSDBoolean,False
missing value,ws,failure,271,,,,/github/workspace/logsheets/filtered/water_sampling.csv,XSDBoolean,False
missing value,ws,failure,272,,,,/github/workspace/logsheets/filtered/water_sampling.csv,XSDBoolean,False
missing value,ws,failure,273,,,,/github/workspace/logsheets/filtered/water_sampling.csv,XSDBoolean,False
missing value,ws,failure,274,,,,/github/workspace/logsheets/filtered/water_sampling.csv,XSDBoolean,False
missing value,ws,failure,275,,,,/github/workspace/logsheets/filtered/water_sampling.csv,XSDBoolean,False
missing value,ws,failure,276,,,,/github/workspace/logsheets/filtered/water_sampling.csv,XSDBoolean,False
missing value,ws,failure,277,,,,/github/workspace/logsheets/filtered/water_sampling.csv,XSDBoolean,False
missing value,ws,failure,278,,,,/github/workspace/logsheets/filtered/water_sampling.csv,XSDBoolean,False
missing value,ws,failure,279,,,,/github/workspace/logsheets/filtered/water_sampling.csv,XSDBoolean,False
missing value,ws,failure,280,,,,/github/workspace/logsheets/filtered/water_sampling.csv,XSDBoolean,False
missing value,ws,failure,281,,,,/github/workspace/logsheets/filtered/water_sampling.csv,XSDBoolean,False
missing value,ws,failure,282,,,,/github/workspace/logsheets/filtered/water_sampling.csv,XSDBoolean,False
missing value,ws,failure,283,,,,/github/workspace/logsheets/filtered/water_sampling.csv,XSDBoolean,False
missing value,ws,failure,284,,,,/github/workspace/logsheets/filtered/water_sampling.csv,XSDBoolean,False
missing value,ws,failure,285,,,,/github/workspace/logsheets/filtered/water_sampling.csv,XSDBoolean,False
missing value,ws,failure,286,,,,/github/workspace/logsheets/filtered/water_sampling.csv,XSDBoolean,False
missing value,ws,failure,287,,,,/github/workspace/logsheets/filtered/water_sampling.csv,XSDBoolean,False
missing value,ws,failure,288,,,,/github/workspace/logsheets/filtered/water_sampling.csv,XSDBoolean,False
missing value,ws,failure,289,,,,/github/workspace/logsheets/filtered/water_sampling.csv,XSDBoolean,False
missing value,ws,failure,290,,,,/github/workspace/logsheets/filtered/water_sampling.csv,XSDBoolean,False
missing value,ws,failure,291,,,,/github/workspace/logsheets/filtered/water_sampling.csv,XSDBoolean,False
missing value,ws,failure,292,,,,/github/workspace/logsheets/filtered/water_sampling.csv,XSDBoolean,False
missing value,ws,failure,293,,,,/github/workspace/logsheets/filtered/water_sampling.csv,XSDBoolean,False
missing value,ws,failure,294,,,,/github/workspace/logsheets/filtered/water_sampling.csv,XSDBoolean,False
missing value,ws,failure,295,,,,/github/workspace/logsheets/filtered/water_sampling.csv,XSDBoolean,False
missing value,ws,failure,296,,,,/github/workspace/logsheets/filtered/water_sampling.csv,XSDBoolean,False
missing value,ws,failure,297,,,,/github/workspace/logsheets/filtered/water_sampling.csv,XSDBoolean,False
missing value,ws,failure,298,,,,/github/workspace/logsheets/filtered/water_sampling.csv,XSDBoolean,False
missing value,ws,failure,299,,,,/github/workspace/logsheets/filtered/water_sampling.csv,XSDBoolean,False
missing value,ws,failure,300,,,,/github/workspace/logsheets/filtered/water_sampling.csv,XSDBoolean,False
missing value,ws,failure,301,,,,/github/workspace/logsheets/filtered/water_sampling.csv,XSDBoolean,False
missing value,ws,failure,302,,,,/github/workspace/logsheets/filtered/water_sampling.csv,XSDBoolean,False
missing value,ws,failure,303,,,,/github/workspace/logsheets/filtered/water_sampling.csv,XSDBoolean,False
missing value,ws,failure,304,,,,/github/workspace/logsheets/filtered/water_sampling.csv,XSDBoolean,False
missing value,ws,failure,305,,,,/github/workspace/logsheets/filtered/water_sampling.csv,XSDBoolean,False
missing value,ws,failure,306,,,,/github/workspace/logsheets/filtered/water_sampling.csv,XSDBoolean,False
missing value,ws,failure,307,,,,/github/workspace/logsheets/filtered/water_sampling.csv,XSDBoolean,False
missing value,ws,failure,308,,,,/github/workspace/logsheets/filtered/water_sampling.csv,XSDBoolean,False
missing value,ws,failure,309,,,,/github/workspace/logsheets/filtered/water_sampling.csv,XSDBoolean,False
missing value,ws,failure,310,,,,/github/workspace/logsheets/filtered/water_sampling.csv,XSDBoolean,False
missing value,ws,failure,311,,,,/github/workspace/logsheets/filtered/water_sampling.csv,XSDBoolean,False
missing value,ws,failure,312,,,,/github/workspace/logsheets/filtered/water_sampling.csv,XSDBoolean,False
missing value,ws,failure,313,,,,/github/workspace/logsheets/filtered/water_sampling.csv,XSDBoolean,False
missing value,ws,failure,314,,,,/github/workspace/logsheets/filtered/water_sampling.csv,XSDBoolean,False
missing value,ws,failure,315,,,,/github/workspace/logsheets/filtered/water_sampling.csv,XSDBoolean,False
missing value,ws,failure,316,,,,/github/workspace/logsheets/filtered/water_sampling.csv,XSDBoolean,False
missing value,ws,failure,317,,,,/github/workspace/logsheets/filtered/water_sampling.csv,XSDBoolean,False
missing value,ws,failure,318,,,,/github/workspace/logsheets/filtered/water_sampling.csv,XSDBoolean,False
missing value,ws,failure,319,,,,/github/workspace/logsheets/filtered/water_sampling.csv,XSDBoolean,False
missing value,ws,failure,320,,,,/github/workspace/logsheets/filtered/water_sampling.csv,XSDBoolean,False
missing value,ws,failure,321,,,,/github/workspace/logsheets/filtered/water_sampling.csv,XSDBoolean,False
missing value,ws,failure,322,,,,/github/workspace/logsheets/filtered/water_sampling.csv,XSDBoolean,False
missing value,ws,failure,323,,,,/github/workspace/logsheets/filtered/water_sampling.csv,XSDBoolean,False
missing value,ws,failure,324,,,,/github/workspace/logsheets/filtered/water_sampling.csv,XSDBoolean,False
missing value,ws,failure,325,,,,/github/workspace/logsheets/filtered/water_sampling.csv,XSDBoolean,False
missing value,ws,failure,326,,,,/github/workspace/logsheets/filtered/water_sampling.csv,XSDBoolean,False
missing value,ws,failure,327,,,,/github/workspace/logsheets/filtered/water_sampling.csv,XSDBoolean,False
missing value,ws,failure,328,,,,/github/workspace/logsheets/filtered/water_sampling.csv,XSDBoolean,False
missing value,ws,failure,329,,,,/github/workspace/logsheets/filtered/water_sampling.csv,XSDBoolean,False
missing value,ws,failure,330,,,,/github/workspace/logsheets/filtered/water_sampling.csv,XSDBoolean,False
missing value,ws,failure,331,,,,/github/workspace/logsheets/filtered/water_sampling.csv,XSDBoolean,False
missing value,ws,failure,332,,,,/github/workspace/logsheets/filtered/water_sampling.csv,XSDBoolean,False
missing value,ws,failure,333,,,,/github/workspace/logsheets/filtered/water_sampling.csv,XSDBoolean,False
missing value,ws,failure,334,,,,/github/workspace/logsheets/filtered/water_sampling.csv,XSDBoolean,False
missing value,ws,failure,335,,,,/github/workspace/logsheets/filtered/water_sampling.csv,XSDBoolean,False
missing value,ws,failure,336,,,,/github/workspace/logsheets/filtered/water_sampling.csv,XSDBoolean,False
missing value,ws,failure,337,,,,/github/workspace/logsheets/filtered/water_sampling.csv,XSDBoolean,False
missing value,ws,failure,338,,,,/github/workspace/logsheets/filtered/water_sampling.csv,XSDBoolean,False
missing value,ws,failure,339,,,,/github/workspace/logsheets/filtered/water_sampling.csv,XSDBoolean,False
missing value,ws,failure,340,,,,/github/workspace/logsheets/filtered/water_sampling.csv,XSDBoolean,False
missing value,ws,failure,341,,,,/github/workspace/logsheets/filtered/water_sampling.csv,XSDBoolean,False
missing value,ws,failure,342,,,,/github/workspace/logsheets/filtered/water_sampling.csv,XSDBoolean,False
missing value,ws,failure,343,,,,/github/workspace/logsheets/filtered/water_sampling.csv,XSDBoolean,False
missing value,ws,failure,344,,,,/github/workspace/logsheets/filtered/water_sampling.csv,XSDBoolean,False
missing value,ws,failure,345,,,,/github/workspace/logsheets/filtered/water_sampling.csv,XSDBoolean,False
missing value,ws,failure,346,,,,/github/workspace/logsheets/filtered/water_sampling.csv,XSDBoolean,False
missing value,ws,failure,347,,,,/github/workspace/logsheets/filtered/water_sampling.csv,XSDBoolean,False
missing value,ws,scientific_name,251,,,,/github/workspace/logsheets/filtered/water_sampling.csv,XSDString,False
missing value,ws,scientific_name,252,,,,/github/workspace/logsheets/filtered/water_sampling.csv,XSDString,False
missing value,ws,scientific_name,253,,,,/github/workspace/logsheets/filtered/water_sampling.csv,XSDString,False
missing value,ws,scientific_name,254,,,,/github/workspace/logsheets/filtered/water_sampling.csv,XSDString,False
missing value,ws,scientific_name,255,,,,/github/workspace/logsheets/filtered/water_sampling.csv,XSDString,False
missing value,ws,scientific_name,256,,,,/github/workspace/logsheets/filtered/water_sampling.csv,XSDString,False
missing value,ws,scientific_name,257,,,,/github/workspace/logsheets/filtered/water_sampling.csv,XSDString,False
missing value,ws,scientific_name,258,,,,/github/workspace/logsheets/filtered/water_sampling.csv,XSDString,False
missing value,ws,scientific_name,259,,,,/github/workspace/logsheets/filtered/water_sampling.csv,XSDString,False
missing value,ws,scientific_name,260,,,,/github/workspace/logsheets/filtered/water_sampling.csv,XSDString,False
missing value,ws,scientific_name,261,,,,/github/workspace/logsheets/filtered/water_sampling.csv,XSDString,False
missing value,ws,scientific_name,262,,,,/github/workspace/logsheets/filtered/water_sampling.csv,XSDString,False
missing value,ws,scientific_name,263,,,,/github/workspace/logsheets/filtered/water_sampling.csv,XSDString,False
missing value,ws,scientific_name,264,,,,/github/workspace/logsheets/filtered/water_sampling.csv,XSDString,False
missing value,ws,scientific_name,265,,,,/github/workspace/logsheets/filtered/water_sampling.csv,XSDString,False
missing value,ws,scientific_name,266,,,,/github/workspace/logsheets/filtered/water_sampling.csv,XSDString,False
missing value,ws,scientific_name,267,,,,/github/workspace/logsheets/filtered/water_sampling.csv,XSDString,False
missing value,ws,scientific_name,268,,,,/github/workspace/logsheets/filtered/water_sampling.csv,XSDString,False
missing value,ws,scientific_name,269,,,,/github/workspace/logsheets/filtered/water_sampling.csv,XSDString,False
missing value,ws,scientific_name,270,,,,/github/workspace/logsheets/filtered/water_sampling.csv,XSDString,False
missing value,ws,scientific_name,271,,,,/github/workspace/logsheets/filtered/water_sampling.csv,XSDString,False
missing value,ws,scientific_name,272,,,,/github/workspace/logsheets/filtered/water_sampling.csv,XSDString,False
missing value,ws,scientific_name,273,,,,/github/workspace/logsheets/filtered/water_sampling.csv,XSDString,False
missing value,ws,scientific_name,274,,,,/github/workspace/logsheets/filtered/water_sampling.csv,XSDString,False
missing value,ws,scientific_name,275,,,,/github/workspace/logsheets/filtered/water_sampling.csv,XSDString,False
missing value,ws,scientific_name,276,,,,/github/workspace/logsheets/filtered/water_sampling.csv,XSDString,False
missing value,ws,scientific_name,277,,,,/github/workspace/logsheets/filtered/water_sampling.csv,XSDString,False
missing value,ws,scientific_name,278,,,,/github/workspace/logsheets/filtered/water_sampling.csv,XSDString,False
missing value,ws,scientific_name,279,,,,/github/workspace/logsheets/filtered/water_sampling.csv,XSDString,False
missing value,ws,scientific_name,280,,,,/github/workspace/logsheets/filtered/water_sampling.csv,XSDString,False
missing value,ws,scientific_name,281,,,,/github/workspace/logsheets/filtered/water_sampling.csv,XSDString,False
missing value,ws,scientific_name,282,,,,/github/workspace/logsheets/filtered/water_sampling.csv,XSDString,False
missing value,ws,scientific_name,283,,,,/github/workspace/logsheets/filtered/water_sampling.csv,XSDString,False
missing value,ws,scientific_name,284,,,,/github/workspace/logsheets/filtered/water_sampling.csv,XSDString,False
missing value,ws,scientific_name,285,,,,/github/workspace/logsheets/filtered/water_sampling.csv,XSDString,False
missing value,ws,scientific_name,286,,,,/github/workspace/logsheets/filtered/water_sampling.csv,XSDString,False
missing value,ws,scientific_name,287,,,,/github/workspace/logsheets/filtered/water_sampling.csv,XSDString,False
missing value,ws,scientific_name,288,,,,/github/workspace/logsheets/filtered/water_sampling.csv,XSDString,False
missing value,ws,scientific_name,289,,,,/github/workspace/logsheets/filtered/water_sampling.csv,XSDString,False
missing value,ws,scientific_name,290,,,,/github/workspace/logsheets/filtered/water_sampling.csv,XSDString,False
missing value,ws,scientific_name,291,,,,/github/workspace/logsheets/filtered/water_sampling.csv,XSDString,False
missing value,ws,scientific_name,292,,,,/github/workspace/logsheets/filtered/water_sampling.csv,XSDString,False
missing value,ws,scientific_name,293,,,,/github/workspace/logsheets/filtered/water_sampling.csv,XSDString,False
missing value,ws,scientific_name,294,,,,/github/workspace/logsheets/filtered/water_sampling.csv,XSDString,False
missing value,ws,scientific_name,295,,,,/github/workspace/logsheets/filtered/water_sampling.csv,XSDString,False
missing value,ws,scientific_name,296,,,,/github/workspace/logsheets/filtered/water_sampling.csv,XSDString,False
missing value,ws,scientific_name,297,,,,/github/workspace/logsheets/filtered/water_sampling.csv,XSDString,False
missing value,ws,scientific_name,298,,,,/github/workspace/logsheets/filtered/water_sampling.csv,XSDString,False
missing value,ws,scientific_name,299,,,,/github/workspace/logsheets/filtered/water_sampling.csv,XSDString,False
missing value,ws,scientific_name,300,,,,/github/workspace/logsheets/filtered/water_sampling.csv,XSDString,False
missing value,ws,scientific_name,301,,,,/github/workspace/logsheets/filtered/water_sampling.csv,XSDString,False
missing value,ws,scientific_name,302,,,,/github/workspace/logsheets/filtered/water_sampling.csv,XSDString,False
missing value,ws,scientific_name,303,,,,/github/workspace/logsheets/filtered/water_sampling.csv,XSDString,False
missing value,ws,scientific_name,304,,,,/github/workspace/logsheets/filtered/water_sampling.csv,XSDString,False
missing value,ws,scientific_name,305,,,,/github/workspace/logsheets/filtered/water_sampling.csv,XSDString,False
missing value,ws,scientific_name,306,,,,/github/workspace/logsheets/filtered/water_sampling.csv,XSDString,False
missing value,ws,scientific_name,307,,,,/github/workspace/logsheets/filtered/water_sampling.csv,XSDString,False
missing value,ws,scientific_name,308,,,,/github/workspace/logsheets/filtered/water_sampling.csv,XSDString,False
missing value,ws,scientific_name,309,,,,/github/workspace/logsheets/filtered/water_sampling.csv,XSDString,False
missing value,ws,scientific_name,310,,,,/github/workspace/logsheets/filtered/water_sampling.csv,XSDString,False
missing value,ws,scientific_name,311,,,,/github/workspace/logsheets/filtered/water_sampling.csv,XSDString,False
missing value,ws,scientific_name,312,,,,/github/workspace/logsheets/filtered/water_sampling.csv,XSDString,False
missing value,ws,scientific_name,313,,,,/github/workspace/logsheets/filtered/water_sampling.csv,XSDString,False
missing value,ws,scientific_name,314,,,,/github/workspace/logsheets/filtered/water_sampling.csv,XSDString,False
missing value,ws,scientific_name,315,,,,/github/workspace/logsheets/filtered/water_sampling.csv,XSDString,False
missing value,ws,scientific_name,316,,,,/github/workspace/logsheets/filtered/water_sampling.csv,XSDString,False
missing value,ws,scientific_name,317,,,,/github/workspace/logsheets/filtered/water_sampling.csv,XSDString,False
missing value,ws,scientific_name,318,,,,/github/workspace/logsheets/filtered/water_sampling.csv,XSDString,False
missing value,ws,scientific_name,319,,,,/github/workspace/logsheets/filtered/water_sampling.csv,XSDString,False
missing value,ws,scientific_name,320,,,,/github/workspace/logsheets/filtered/water_sampling.csv,XSDString,False
missing value,ws,scientific_name,321,,,,/github/workspace/logsheets/filtered/water_sampling.csv,XSDString,False
missing value,ws,scientific_name,322,,,,/github/workspace/logsheets/filtered/water_sampling.csv,XSDString,False
missing value,ws,scientific_name,323,,,,/github/workspace/logsheets/filtered/water_sampling.csv,XSDString,False
missing value,ws,scientific_name,324,,,,/github/workspace/logsheets/filtered/water_sampling.csv,XSDString,False
missing value,ws,scientific_name,325,,,,/github/workspace/logsheets/filtered/water_sampling.csv,XSDString,False
missing value,ws,scientific_name,326,,,,/github/workspace/logsheets/filtered/water_sampling.csv,XSDString,False
missing value,ws,scientific_name,327,,,,/github/workspace/logsheets/filtered/water_sampling.csv,XSDString,False
missing value,ws,scientific_name,328,,,,/github/workspace/logsheets/filtered/water_sampling.csv,XSDString,False
missing value,ws,scientific_name,329,,,,/github/workspace/logsheets/filtered/water_sampling.csv,XSDString,False
missing value,ws,scientific_name,330,,,,/github/workspace/logsheets/filtered/water_sampling.csv,XSDString,False
missing value,ws,scientific_name,331,,,,/github/workspace/logsheets/filtered/water_sampling.csv,XSDString,False
missing value,ws,scientific_name,332,,,,/github/workspace/logsheets/filtered/water_sampling.csv,XSDString,False
missing value,ws,scientific_name,333,,,,/github/workspace/logsheets/filtered/water_sampling.csv,XSDString,False
missing value,ws,scientific_name,334,,,,/github/workspace/logsheets/filtered/water_sampling.csv,XSDString,False
missing value,ws,scientific_name,335,,,,/github/workspace/logsheets/filtered/water_sampling.csv,XSDString,False
missing value,ws,scientific_name,336,,,,/github/workspace/logsheets/filtered/water_sampling.csv,XSDString,False
missing value,ws,scientific_name,337,,,,/github/workspace/logsheets/filtered/water_sampling.csv,XSDString,False
missing value,ws,scientific_name,338,,,,/github/workspace/logsheets/filtered/water_sampling.csv,XSDString,False
missing value,ws,scientific_name,339,,,,/github/workspace/logsheets/filtered/water_sampling.csv,XSDString,False
missing value,ws,scientific_name,340,,,,/github/workspace/logsheets/filtered/water_sampling.csv,XSDString,False
missing value,ws,scientific_name,341,,,,/github/workspace/logsheets/filtered/water_sampling.csv,XSDString,False
missing value,ws,scientific_name,342,,,,/github/workspace/logsheets/filtered/water_sampling.csv,XSDString,False
missing value,ws,scientific_name,343,,,,/github/workspace/logsheets/filtered/water_sampling.csv,XSDString,False
missing value,ws,scientific_name,344,,,,/github/workspace/logsheets/filtered/water_sampling.csv,XSDString,False
missing value,ws,scientific_name,345,,,,/github/workspace/logsheets/filtered/water_sampling.csv,XSDString,False
missing value,ws,scientific_name,346,,,,/github/workspace/logsheets/filtered/water_sampling.csv,XSDString,False
missing value,ws,scientific_name,347,,,,/github/workspace/logsheets/filtered/water_sampling.csv,XSDString,False
missing value,ws,source_mat_id_orig,261,,,,/github/workspace/logsheets/filtered/water_sampling.csv,XSDString,False
missing value,ws,source_mat_id_orig,262,,,,/github/workspace/logsheets/filtered/water_sampling.csv,XSDString,False
missing value,ws,source_mat_id_orig,263,,,,/github/workspace/logsheets/filtered/water_sampling.csv,XSDString,False
missing value,ws,source_mat_id_orig,264,,,,/github/workspace/logsheets/filtered/water_sampling.csv,XSDString,False
missing value,ws,source_mat_id_orig,265,,,,/github/workspace/logsheets/filtered/water_sampling.csv,XSDString,False
missing value,ws,source_mat_id_orig,266,,,,/github/workspace/logsheets/filtered/water_sampling.csv,XSDString,False
missing value,ws,source_mat_id_orig,267,,,,/github/workspace/logsheets/filtered/water_sampling.csv,XSDString,False
missing value,ws,source_mat_id_orig,268,,,,/github/workspace/logsheets/filtered/water_sampling.csv,XSDString,False
missing value,ws,source_mat_id_orig,269,,,,/github/workspace/logsheets/filtered/water_sampling.csv,XSDString,False
missing value,ws,source_mat_id_orig,270,,,,/github/workspace/logsheets/filtered/water_sampling.csv,XSDString,False
missing value,ws,source_mat_id_orig,271,,,,/github/workspace/logsheets/filtered/water_sampling.csv,XSDString,False
missing value,ws,source_mat_id_orig,272,,,,/github/workspace/logsheets/filtered/water_sampling.csv,XSDString,False
missing value,ws,source_mat_id_orig,273,,,,/github/workspace/logsheets/filtered/water_sampling.csv,XSDString,False
missing value,ws,source_mat_id_orig,274,,,,/github/workspace/logsheets/filtered/water_sampling.csv,XSDString,False
missing value,ws,source_mat_id_orig,275,,,,/github/workspace/logsheets/filtered/water_sampling.csv,XSDString,False
missing value,ws,source_mat_id_orig,276,,,,/github/workspace/logsheets/filtered/water_sampling.csv,XSDString,False
missing value,ws,source_mat_id_orig,277,,,,/github/workspace/logsheets/filtered/water_sampling.csv,XSDString,False
missing value,ws,source_mat_id_orig,278,,,,/github/workspace/logsheets/filtered/water_sampling.csv,XSDString,False
missing value,ws,source_mat_id_orig,279,,,,/github/workspace/logsheets/filtered/water_sampling.csv,XSDString,False
missing value,ws,source_mat_id_orig,280,,,,/github/workspace/logsheets/filtered/water_sampling.csv,XSDString,False
missing value,ws,source_mat_id_orig,281,,,,/github/workspace/logsheets/filtered/water_sampling.csv,XSDString,False
missing value,ws,source_mat_id_orig,282,,,,/github/workspace/logsheets/filtered/water_sampling.csv,XSDString,False
missing value,ws,source_mat_id_orig,283,,,,/github/workspace/logsheets/filtered/water_sampling.csv,XSDString,False
missing value,ws,source_mat_id_orig,284,,,,/github/workspace/logsheets/filtered/water_sampling.csv,XSDString,False
missing value,ws,source_mat_id_orig,285,,,,/github/workspace/logsheets/filtered/water_sampling.csv,XSDString,False
missing value,ws,source_mat_id_orig,286,,,,/github/workspace/logsheets/filtered/water_sampling.csv,XSDString,False
missing value,ws,source_mat_id_orig,287,,,,/github/workspace/logsheets/filtered/water_sampling.csv,XSDString,False
missing value,ws,source_mat_id_orig,288,,,,/github/workspace/logsheets/filtered/water_sampling.csv,XSDString,False
missing value,ws,source_mat_id_orig,289,,,,/github/workspace/logsheets/filtered/water_sampling.csv,XSDString,False
missing value,ws,source_mat_id_orig,290,,,,/github/workspace/logsheets/filtered/water_sampling.csv,XSDString,False
missing value,ws,source_mat_id_orig,291,,,,/github/workspace/logsheets/filtered/water_sampling.csv,XSDString,False
missing value,ws,source_mat_id_orig,292,,,,/github/workspace/logsheets/filtered/water_sampling.csv,XSDString,False
missing value,ws,source_mat_id_orig,293,,,,/github/workspace/logsheets/filtered/water_sampling.csv,XSDString,False
missing value,ws,source_mat_id_orig,294,,,,/github/workspace/logsheets/filtered/water_sampling.csv,XSDString,False
missing value,ws,source_mat_id_orig,295,,,,/github/workspace/logsheets/filtered/water_sampling.csv,XSDString,False
missing value,ws,source_mat_id_orig,296,,,,/github/workspace/logsheets/filtered/water_sampling.csv,XSDString,False
missing value,ws,source_mat_id_orig,297,,,,/github/workspace/logsheets/filtered/water_sampling.csv,XSDString,False
missing value,ws,source_mat_id_orig,298,,,,/github/workspace/logsheets/filtered/water_sampling.csv,XSDString,False
missing value,ws,source_mat_id_orig,299,,,,/github/workspace/logsheets/filtered/water_sampling.csv,XSDString,False
missing value,ws,source_mat_id_orig,300,,,,/github/workspace/logsheets/filtered/water_sampling.csv,XSDString,False
missing value,ws,source_mat_id_orig,301,,,,/github/workspace/logsheets/filtered/water_sampling.csv,XSDString,False
missing value,ws,source_mat_id_orig,302,,,,/github/workspace/logsheets/filtered/water_sampling.csv,XSDString,False
missing value,ws,source_mat_id_orig,303,,,,/github/workspace/logsheets/filtered/water_sampling.csv,XSDString,False
missing value,ws,source_mat_id_orig,304,,,,/github/workspace/logsheets/filtered/water_sampling.csv,XSDString,False
missing value,ws,source_mat_id_orig,305,,,,/github/workspace/logsheets/filtered/water_sampling.csv,XSDString,False
missing value,ws,source_mat_id_orig,306,,,,/github/workspace/logsheets/filtered/water_sampling.csv,XSDString,False
missing value,ws,source_mat_id_orig,307,,,,/github/workspace/logsheets/filtered/water_sampling.csv,XSDString,False
missing value,ws,source_mat_id_orig,308,,,,/github/workspace/logsheets/filtered/water_sampling.csv,XSDString,False
missing value,ws,source_mat_id_orig,309,,,,/github/workspace/logsheets/filtered/water_sampling.csv,XSDString,False
missing value,ws,source_mat_id_orig,310,,,,/github/workspace/logsheets/filtered/water_sampling.csv,XSDString,False
missing value,ws,source_mat_id_orig,311,,,,/github/workspace/logsheets/filtered/water_sampling.csv,XSDString,False
missing value,ws,source_mat_id_orig,312,,,,/github/workspace/logsheets/filtered/water_sampling.csv,XSDString,False
missing value,ws,source_mat_id_orig,313,,,,/github/workspace/logsheets/filtered/water_sampling.csv,XSDString,False
missing value,ws,source_mat_id_orig,314,,,,/github/workspace/logsheets/filtered/water_sampling.csv,XSDString,False
missing value,ws,source_mat_id_orig,315,,,,/github/workspace/logsheets/filtered/water_sampling.csv,XSDString,False
missing value,ws,source_mat_id_orig,316,,,,/github/workspace/logsheets/filtered/water_sampling.csv,XSDString,False
missing value,ws,source_mat_id_orig,317,,,,/github/workspace/logsheets/filtered/water_sampling.csv,XSDString,False
missing value,ws,source_mat_id_orig,318,,,,/github/workspace/logsheets/filtered/water_sampling.csv,XSDString,False
missing value,ws,source_mat_id_orig,319,,,,/github/workspace/logsheets/filtered/water_sampling.csv,XSDString,False
missing value,ws,source_mat_id_orig,320,,,,/github/workspace/logsheets/filtered/water_sampling.csv,XSDString,False
missing value,ws,source_mat_id_orig,321,,,,/github/workspace/logsheets/filtered/water_sampling.csv,XSDString,False
missing value,ws,source_mat_id_orig,322,,,,/github/workspace/logsheets/filtered/water_sampling.csv,XSDString,False
missing value,ws,source_mat_id_orig,323,,,,/github/workspace/logsheets/filtered/water_sampling.csv,XSDString,False
missing value,ws,source_mat_id_orig,324,,,,/github/workspace/logsheets/filtered/water_sampling.csv,XSDString,False
missing value,ws,source_mat_id_orig,325,,,,/github/workspace/logsheets/filtered/water_sampling.csv,XSDString,False
missing value,ws,source_mat_id_orig,326,,,,/github/workspace/logsheets/filtered/water_sampling.csv,XSDString,False
missing value,ws,source_mat_id_orig,327,,,,/github/workspace/logsheets/filtered/water_sampling.csv,XSDString,False
missing value,ws,source_mat_id_orig,328,,,,/github/workspace/logsheets/filtered/water_sampling.csv,XSDString,False
missing value,ws,source_mat_id_orig,329,,,,/github/workspace/logsheets/filtered/water_sampling.csv,XSDString,False
missing value,ws,source_mat_id_orig,330,,,,/github/workspace/logsheets/filtered/water_sampling.csv,XSDString,False
missing value,ws,source_mat_id_orig,331,,,,/github/workspace/logsheets/filtered/water_sampling.csv,XSDString,False
missing value,ws,source_mat_id_orig,332,,,,/github/workspace/logsheets/filtered/water_sampling.csv,XSDString,False
missing value,ws,source_mat_id_orig,333,,,,/github/workspace/logsheets/filtered/water_sampling.csv,XSDString,False
missing value,ws,source_mat_id_orig,334,,,,/github/workspace/logsheets/filtered/water_sampling.csv,XSDString,False
missing value,ws,source_mat_id_orig,335,,,,/github/workspace/logsheets/filtered/water_sampling.csv,XSDString,False
missing value,ws,source_mat_id_orig,336,,,,/github/workspace/logsheets/filtered/water_sampling.csv,XSDString,False
missing value,ws,source_mat_id_orig,337,,,,/github/workspace/logsheets/filtered/water_sampling.csv,XSDString,False
missing value,ws,source_mat_id_orig,338,,,,/github/workspace/logsheets/filtered/water_sampling.csv,XSDString,False
missing value,ws,source_mat_id_orig,339,,,,/github/workspace/logsheets/filtered/water_sampling.csv,XSDString,False
missing value,ws,source_mat_id_orig,340,,,,/github/workspace/logsheets/filtered/water_sampling.csv,XSDString,False
missing value,ws,source_mat_id_orig,341,,,,/github/workspace/logsheets/filtered/water_sampling.csv,XSDString,False
missing value,ws,source_mat_id_orig,342,,,,/github/workspace/logsheets/filtered/water_sampling.csv,XSDString,False
missing value,ws,source_mat_id_orig,343,,,,/github/workspace/logsheets/filtered/water_sampling.csv,XSDString,False
missing value,ws,source_mat_id_orig,344,,,,/github/workspace/logsheets/filtered/water_sampling.csv,XSDString,False
missing value,ws,source_mat_id_orig,345,,,,/github/workspace/logsheets/filtered/water_sampling.csv,XSDString,False
missing value,ws,source_mat_id_orig,346,,,,/github/workspace/logsheets/filtered/water_sampling.csv,XSDString,False
missing value,ws,source_mat_id_orig,347,,,,/github/workspace/logsheets/filtered/water_sampling.csv,XSDString,False
datatype mismatch,ws,samp_store_date,1,2021-08-05 00:00:00,2021-08-05,,/github/workspace/logsheets/filtered/water_sampling.csv,XSDDate,False
datatype mismatch,ws,samp_store_date,2,2021-08-05 00:00:00,2021-08-05,,/github/workspace/logsheets/filtered/water_sampling.csv,XSDDate,False
datatype mismatch,ws,samp_store_date,3,2021-08-05 00:00:00,2021-08-05,,/github/workspace/logsheets/filtered/water_sampling.csv,XSDDate,False
datatype mismatch,ws,samp_store_date,4,2021-08-05 00:00:00,2021-08-05,,/github/workspace/logsheets/filtered/water_sampling.csv,XSDDate,False
datatype mismatch,ws,samp_store_date,5,2021-08-05 00:00:00,2021-08-05,,/github/workspace/logsheets/filtered/water_sampling.csv,XSDDate,False
datatype mismatch,ws,samp_store_date,6,2021-08-05 00:00:00,2021-08-05,,/github/workspace/logsheets/filtered/water_sampling.csv,XSDDate,False
datatype mismatch,ws,samp_store_date,7,2021-08-05 00:00:00,2021-08-05,,/github/workspace/logsheets/filtered/water_sampling.csv,XSDDate,False
datatype mismatch,ws,samp_store_date,8,2021-08-05 00:00:00,2021-08-05,,/github/workspace/logsheets/filtered/water_sampling.csv,XSDDate,False
datatype mismatch,ws,samp_store_date,9,2021-08-05 00:00:00,2021-08-05,,/github/workspace/logsheets/filtered/water_sampling.csv,XSDDate,False
datatype mismatch,ws,samp_store_date,10,2021-08-05 00:00:00,2021-08-05,,/github/workspace/logsheets/filtered/water_sampling.csv,XSDDate,False
datatype mismatch,ws,samp_store_date,11,2021-10-22 00:00:00,2021-10-22,,/github/workspace/logsheets/filtered/water_sampling.csv,XSDDate,False
datatype mismatch,ws,samp_store_date,12,2021-10-22 00:00:00,2021-10-22,,/github/workspace/logsheets/filtered/water_sampling.csv,XSDDate,False
datatype mismatch,ws,samp_store_date,13,2021-10-22 00:00:00,2021-10-22,,/github/workspace/logsheets/filtered/water_sampling.csv,XSDDate,False
datatype mismatch,ws,samp_store_date,14,2021-10-22 00:00:00,2021-10-22,,/github/workspace/logsheets/filtered/water_sampling.csv,XSDDate,False
datatype mismatch,ws,samp_store_date,15,2021-10-22 00:00:00,2021-10-22,,/github/workspace/logsheets/filtered/water_sampling.csv,XSDDate,False
datatype mismatch,ws,samp_store_date,16,2021-10-22 00:00:00,2021-10-22,,/github/workspace/logsheets/filtered/water_sampling.csv,XSDDate,False
datatype mismatch,ws,samp_store_date,17,2021-10-22 00:00:00,2021-10-22,,/github/workspace/logsheets/filtered/water_sampling.csv,XSDDate,False
datatype mismatch,ws,samp_store_date,18,2021-10-22 00:00:00,2021-10-22,,/github/workspace/logsheets/filtered/water_sampling.csv,XSDDate,False
datatype mismatch,ws,samp_store_date,19,2021-10-22 00:00:00,2021-10-22,,/github/workspace/logsheets/filtered/water_sampling.csv,XSDDate,False
datatype mismatch,ws,samp_store_date,20,2021-10-22 00:00:00,2021-10-22,,/github/workspace/logsheets/filtered/water_sampling.csv,XSDDate,False
datatype mismatch,ws,samp_store_date,21,2021-12-20 00:00:00,2021-12-20,,/github/workspace/logsheets/filtered/water_sampling.csv,XSDDate,False
datatype mismatch,ws,samp_store_date,22,2021-12-20 00:00:00,2021-12-20,,/github/workspace/logsheets/filtered/water_sampling.csv,XSDDate,False
datatype mismatch,ws,samp_store_date,23,2021-12-20 00:00:00,2021-12-20,,/github/workspace/logsheets/filtered/water_sampling.csv,XSDDate,False
datatype mismatch,ws,samp_store_date,24,2021-12-20 00:00:00,2021-12-20,,/github/workspace/logsheets/filtered/water_sampling.csv,XSDDate,False
datatype mismatch,ws,samp_store_date,25,2021-12-20 00:00:00,2021-12-20,,/github/workspace/logsheets/filtered/water_sampling.csv,XSDDate,False
datatype mismatch,ws,samp_store_date,26,2021-12-20 00:00:00,2021-12-20,,/github/workspace/logsheets/filtered/water_sampling.csv,XSDDate,False
datatype mismatch,ws,samp_store_date,27,2021-12-20 00:00:00,2021-12-20,,/github/workspace/logsheets/filtered/water_sampling.csv,XSDDate,False
datatype mismatch,ws,samp_store_date,28,2021-12-20 00:00:00,2021-12-20,,/github/workspace/logsheets/filtered/water_sampling.csv,XSDDate,False
datatype mismatch,ws,samp_store_date,29,2021-12-20 00:00:00,2021-12-20,,/github/workspace/logsheets/filtered/water_sampling.csv,XSDDate,False
datatype mismatch,ws,samp_store_date,30,2021-12-20 00:00:00,2021-12-20,,/github/workspace/logsheets/filtered/water_sampling.csv,XSDDate,False
datatype mismatch,ws,samp_store_date,31,2022-02-24 00:00:00,2022-02-24,,/github/workspace/logsheets/filtered/water_sampling.csv,XSDDate,False
datatype mismatch,ws,samp_store_date,32,2022-02-24 00:00:00,2022-02-24,,/github/workspace/logsheets/filtered/water_sampling.csv,XSDDate,False
datatype mismatch,ws,samp_store_date,33,2022-02-24 00:00:00,2022-02-24,,/github/workspace/logsheets/filtered/water_sampling.csv,XSDDate,False
datatype mismatch,ws,samp_store_date,34,2022-02-24 00:00:00,2022-02-24,,/github/workspace/logsheets/filtered/water_sampling.csv,XSDDate,False
datatype mismatch,ws,samp_store_date,35,2022-02-24 00:00:00,2022-02-24,,/github/workspace/logsheets/filtered/water_sampling.csv,XSDDate,False
datatype mismatch,ws,samp_store_date,36,2022-02-24 00:00:00,2022-02-24,,/github/workspace/logsheets/filtered/water_sampling.csv,XSDDate,False
datatype mismatch,ws,samp_store_date,37,2022-02-24 00:00:00,2022-02-24,,/github/workspace/logsheets/filtered/water_sampling.csv,XSDDate,False
datatype mismatch,ws,samp_store_date,38,2022-02-24 00:00:00,2022-02-24,,/github/workspace/logsheets/filtered/water_sampling.csv,XSDDate,False
datatype mismatch,ws,samp_store_date,39,2022-02-24 00:00:00,2022-02-24,,/github/workspace/logsheets/filtered/water_sampling.csv,XSDDate,False
datatype mismatch,ws,samp_store_date,40,2022-02-24 00:00:00,2022-02-24,,/github/workspace/logsheets/filtered/water_sampling.csv,XSDDate,False
datatype mismatch,ws,samp_store_date,41,2022-02-24 00:00:00,2022-02-24,,/github/workspace/logsheets/filtered/water_sampling.csv,XSDDate,False
datatype mismatch,ws,samp_store_date,42,2022-04-28 00:00:00,2022-04-28,,/github/workspace/logsheets/filtered/water_sampling.csv,XSDDate,False
datatype mismatch,ws,samp_store_date,43,2022-04-28 00:00:00,2022-04-28,,/github/workspace/logsheets/filtered/water_sampling.csv,XSDDate,False
datatype mismatch,ws,samp_store_date,44,2022-04-28 00:00:00,2022-04-28,,/github/workspace/logsheets/filtered/water_sampling.csv,XSDDate,False
datatype mismatch,ws,samp_store_date,45,2022-04-28 00:00:00,2022-04-28,,/github/workspace/logsheets/filtered/water_sampling.csv,XSDDate,False
datatype mismatch,ws,samp_store_date,46,2022-04-28 00:00:00,2022-04-28,,/github/workspace/logsheets/filtered/water_sampling.csv,XSDDate,False
datatype mismatch,ws,samp_store_date,47,2022-04-28 00:00:00,2022-04-28,,/github/workspace/logsheets/filtered/water_sampling.csv,XSDDate,False
datatype mismatch,ws,samp_store_date,48,2022-04-28 00:00:00,2022-04-28,,/github/workspace/logsheets/filtered/water_sampling.csv,XSDDate,False
datatype mismatch,ws,samp_store_date,49,2022-04-28 00:00:00,2022-04-28,,/github/workspace/logsheets/filtered/water_sampling.csv,XSDDate,False
datatype mismatch,ws,samp_store_date,50,2022-04-28 00:00:00,2022-04-28,,/github/workspace/logsheets/filtered/water_sampling.csv,XSDDate,False
datatype mismatch,ws,samp_store_date,51,2022-06-29 00:00:00,2022-06-29,,/github/workspace/logsheets/filtered/water_sampling.csv,XSDDate,False
datatype mismatch,ws,samp_store_date,52,2022-06-29 00:00:00,2022-06-29,,/github/workspace/logsheets/filtered/water_sampling.csv,XSDDate,False
datatype mismatch,ws,samp_store_date,53,2022-06-29 00:00:00,2022-06-29,,/github/workspace/logsheets/filtered/water_sampling.csv,XSDDate,False
datatype mismatch,ws,samp_store_date,54,2022-06-29 00:00:00,2022-06-29,,/github/workspace/logsheets/filtered/water_sampling.csv,XSDDate,False
datatype mismatch,ws,samp_store_date,55,2022-06-29 00:00:00,2022-06-29,,/github/workspace/logsheets/filtered/water_sampling.csv,XSDDate,False
datatype mismatch,ws,samp_store_date,56,2022-06-29 00:00:00,2022-06-29,,/github/workspace/logsheets/filtered/water_sampling.csv,XSDDate,False
datatype mismatch,ws,samp_store_date,57,2022-06-29 00:00:00,2022-06-29,,/github/workspace/logsheets/filtered/water_sampling.csv,XSDDate,False
datatype mismatch,ws,samp_store_date,58,2022-06-29 00:00:00,2022-06-29,,/github/workspace/logsheets/filtered/water_sampling.csv,XSDDate,False
datatype mismatch,ws,samp_store_date,59,2022-06-29 00:00:00,2022-06-29,,/github/workspace/logsheets/filtered/water_sampling.csv,XSDDate,False
datatype mismatch,ws,samp_store_date,60,2022-06-29 00:00:00,2022-06-29,,/github/workspace/logsheets/filtered/water_sampling.csv,XSDDate,False
datatype mismatch,ws,samp_store_date,61,2022-09-09 00:00:00,2022-09-09,,/github/workspace/logsheets/filtered/water_sampling.csv,XSDDate,False
datatype mismatch,ws,samp_store_date,62,2022-09-09 00:00:00,2022-09-09,,/github/workspace/logsheets/filtered/water_sampling.csv,XSDDate,False
datatype mismatch,ws,samp_store_date,63,2022-09-09 00:00:00,2022-09-09,,/github/workspace/logsheets/filtered/water_sampling.csv,XSDDate,False
datatype mismatch,ws,samp_store_date,64,2022-09-09 00:00:00,2022-09-09,,/github/workspace/logsheets/filtered/water_sampling.csv,XSDDate,False
datatype mismatch,ws,samp_store_date,65,2022-09-09 00:00:00,2022-09-09,,/github/workspace/logsheets/filtered/water_sampling.csv,XSDDate,False
datatype mismatch,ws,samp_store_date,66,2022-09-09 00:00:00,2022-09-09,,/github/workspace/logsheets/filtered/water_sampling.csv,XSDDate,False
datatype mismatch,ws,samp_store_date,67,2022-09-09 00:00:00,2022-09-09,,/github/workspace/logsheets/filtered/water_sampling.csv,XSDDate,False
datatype mismatch,ws,samp_store_date,68,2022-09-09 00:00:00,2022-09-09,,/github/workspace/logsheets/filtered/water_sampling.csv,XSDDate,False
datatype mismatch,ws,samp_store_date,69,2022-09-09 00:00:00,2022-09-09,,/github/workspace/logsheets/filtered/water_sampling.csv,XSDDate,False
datatype mismatch,ws,samp_store_date,70,2022-09-09 00:00:00,2022-09-09,,/github/workspace/logsheets/filtered/water_sampling.csv,XSDDate,False
datatype mismatch,ws,samp_store_date,71,2022-10-21 00:00:00,2022-10-21,,/github/workspace/logsheets/filtered/water_sampling.csv,XSDDate,False
datatype mismatch,ws,samp_store_date,72,2022-10-21 00:00:00,2022-10-21,,/github/workspace/logsheets/filtered/water_sampling.csv,XSDDate,False
datatype mismatch,ws,samp_store_date,73,2022-10-21 00:00:00,2022-10-21,,/github/workspace/logsheets/filtered/water_sampling.csv,XSDDate,False
datatype mismatch,ws,samp_store_date,74,2022-10-21 00:00:00,2022-10-21,,/github/workspace/logsheets/filtered/water_sampling.csv,XSDDate,False
datatype mismatch,ws,samp_store_date,75,2022-10-21 00:00:00,2022-10-21,,/github/workspace/logsheets/filtered/water_sampling.csv,XSDDate,False
datatype mismatch,ws,samp_store_date,76,2022-10-21 00:00:00,2022-10-21,,/github/workspace/logsheets/filtered/water_sampling.csv,XSDDate,False
datatype mismatch,ws,samp_store_date,77,2022-10-21 00:00:00,2022-10-21,,/github/workspace/logsheets/filtered/water_sampling.csv,XSDDate,False
datatype mismatch,ws,samp_store_date,78,2022-10-21 00:00:00,2022-10-21,,/github/workspace/logsheets/filtered/water_sampling.csv,XSDDate,False
datatype mismatch,ws,samp_store_date,79,2022-10-21 00:00:00,2022-10-21,,/github/workspace/logsheets/filtered/water_sampling.csv,XSDDate,False
datatype mismatch,ws,samp_store_date,80,2022-10-21 00:00:00,2022-10-21,,/github/workspace/logsheets/filtered/water_sampling.csv,XSDDate,False
datatype mismatch,ws,samp_store_date,81,2022-12-16 00:00:00,2022-12-16,,/github/workspace/logsheets/filtered/water_sampling.csv,XSDDate,False
datatype mismatch,ws,samp_store_date,82,2022-12-16 00:00:00,2022-12-16,,/github/workspace/logsheets/filtered/water_sampling.csv,XSDDate,False
datatype mismatch,ws,samp_store_date,83,2022-12-16 00:00:00,2022-12-16,,/github/workspace/logsheets/filtered/water_sampling.csv,XSDDate,False
datatype mismatch,ws,samp_store_date,84,2022-12-16 00:00:00,2022-12-16,,/github/workspace/logsheets/filtered/water_sampling.csv,XSDDate,False
datatype mismatch,ws,samp_store_date,85,2022-12-16 00:00:00,2022-12-16,,/github/workspace/logsheets/filtered/water_sampling.csv,XSDDate,False
datatype mismatch,ws,samp_store_date,86,2022-12-16 00:00:00,2022-12-16,,/github/workspace/logsheets/filtered/water_sampling.csv,XSDDate,False
datatype mismatch,ws,samp_store_date,87,2022-12-16 00:00:00,2022-12-16,,/github/workspace/logsheets/filtered/water_sampling.csv,XSDDate,False
datatype mismatch,ws,samp_store_date,88,2022-12-16 00:00:00,2022-12-16,,/github/workspace/logsheets/filtered/water_sampling.csv,XSDDate,False
datatype mismatch,ws,samp_store_date,89,2022-12-16 00:00:00,2022-12-16,,/github/workspace/logsheets/filtered/water_sampling.csv,XSDDate,False
datatype mismatch,ws,samp_store_date,90,2022-12-16 00:00:00,2022-12-16,,/github/workspace/logsheets/filtered/water_sampling.csv,XSDDate,False
missing value,ws,samp_store_date,251,,,,/github/workspace/logsheets/filtered/water_sampling.csv,XSDDate,False
missing value,ws,samp_store_date,252,,,,/github/workspace/logsheets/filtered/water_sampling.csv,XSDDate,False
missing value,ws,samp_store_date,253,,,,/github/workspace/logsheets/filtered/water_sampling.csv,XSDDate,False
missing value,ws,samp_store_date,254,,,,/github/workspace/logsheets/filtered/water_sampling.csv,XSDDate,False
missing value,ws,samp_store_date,255,,,,/github/workspace/logsheets/filtered/water_sampling.csv,XSDDate,False
missing value,ws,samp_store_date,256,,,,/github/workspace/logsheets/filtered/water_sampling.csv,XSDDate,False
missing value,ws,samp_store_date,257,,,,/github/workspace/logsheets/filtered/water_sampling.csv,XSDDate,False
missing value,ws,samp_store_date,258,,,,/github/workspace/logsheets/filtered/water_sampling.csv,XSDDate,False
missing value,ws,samp_store_date,259,,,,/github/workspace/logsheets/filtered/water_sampling.csv,XSDDate,False
missing value,ws,samp_store_date,260,,,,/github/workspace/logsheets/filtered/water_sampling.csv,XSDDate,False
missing value,ws,samp_store_date,261,,,,/github/workspace/logsheets/filtered/water_sampling.csv,XSDDate,False
missing value,ws,samp_store_date,262,,,,/github/workspace/logsheets/filtered/water_sampling.csv,XSDDate,False
missing value,ws,samp_store_date,263,,,,/github/workspace/logsheets/filtered/water_sampling.csv,XSDDate,False
missing value,ws,samp_store_date,264,,,,/github/workspace/logsheets/filtered/water_sampling.csv,XSDDate,False
missing value,ws,samp_store_date,265,,,,/github/workspace/logsheets/filtered/water_sampling.csv,XSDDate,False
missing value,ws,samp_store_date,266,,,,/github/workspace/logsheets/filtered/water_sampling.csv,XSDDate,False
missing value,ws,samp_store_date,267,,,,/github/workspace/logsheets/filtered/water_sampling.csv,XSDDate,False
missing value,ws,samp_store_date,268,,,,/github/workspace/logsheets/filtered/water_sampling.csv,XSDDate,False
missing value,ws,samp_store_date,269,,,,/github/workspace/logsheets/filtered/water_sampling.csv,XSDDate,False
missing value,ws,samp_store_date,270,,,,/github/workspace/logsheets/filtered/water_sampling.csv,XSDDate,False
missing value,ws,samp_store_date,271,,,,/github/workspace/logsheets/filtered/water_sampling.csv,XSDDate,False
missing value,ws,samp_store_date,272,,,,/github/workspace/logsheets/filtered/water_sampling.csv,XSDDate,False
missing value,ws,samp_store_date,273,,,,/github/workspace/logsheets/filtered/water_sampling.csv,XSDDate,False
missing value,ws,samp_store_date,274,,,,/github/workspace/logsheets/filtered/water_sampling.csv,XSDDate,False
missing value,ws,samp_store_date,275,,,,/github/workspace/logsheets/filtered/water_sampling.csv,XSDDate,False
missing value,ws,samp_store_date,276,,,,/github/workspace/logsheets/filtered/water_sampling.csv,XSDDate,False
missing value,ws,samp_store_date,277,,,,/github/workspace/logsheets/filtered/water_sampling.csv,XSDDate,False
missing value,ws,samp_store_date,278,,,,/github/workspace/logsheets/filtered/water_sampling.csv,XSDDate,False
missing value,ws,samp_store_date,279,,,,/github/workspace/logsheets/filtered/water_sampling.csv,XSDDate,False
missing value,ws,samp_store_date,280,,,,/github/workspace/logsheets/filtered/water_sampling.csv,XSDDate,False
missing value,ws,samp_store_date,281,,,,/github/workspace/logsheets/filtered/water_sampling.csv,XSDDate,False
missing value,ws,samp_store_date,282,,,,/github/workspace/logsheets/filtered/water_sampling.csv,XSDDate,False
missing value,ws,samp_store_date,283,,,,/github/workspace/logsheets/filtered/water_sampling.csv,XSDDate,False
missing value,ws,samp_store_date,284,,,,/github/workspace/logsheets/filtered/water_sampling.csv,XSDDate,False
missing value,ws,samp_store_date,285,,,,/github/workspace/logsheets/filtered/water_sampling.csv,XSDDate,False
missing value,ws,samp_store_date,286,,,,/github/workspace/logsheets/filtered/water_sampling.csv,XSDDate,False
missing value,ws,samp_store_date,287,,,,/github/workspace/logsheets/filtered/water_sampling.csv,XSDDate,False
missing value,ws,samp_store_date,288,,,,/github/workspace/logsheets/filtered/water_sampling.csv,XSDDate,False
missing value,ws,samp_store_date,289,,,,/github/workspace/logsheets/filtered/water_sampling.csv,XSDDate,False
missing value,ws,samp_store_date,290,,,,/github/workspace/logsheets/filtered/water_sampling.csv,XSDDate,False
missing value,ws,samp_store_date,291,,,,/github/workspace/logsheets/filtered/water_sampling.csv,XSDDate,False
missing value,ws,samp_store_date,292,,,,/github/workspace/logsheets/filtered/water_sampling.csv,XSDDate,False
missing value,ws,samp_store_date,293,,,,/github/workspace/logsheets/filtered/water_sampling.csv,XSDDate,False
missing value,ws,samp_store_date,294,,,,/github/workspace/logsheets/filtered/water_sampling.csv,XSDDate,False
missing value,ws,samp_store_date,295,,,,/github/workspace/logsheets/filtered/water_sampling.csv,XSDDate,False
missing value,ws,samp_store_date,296,,,,/github/workspace/logsheets/filtered/water_sampling.csv,XSDDate,False
missing value,ws,samp_store_date,297,,,,/github/workspace/logsheets/filtered/water_sampling.csv,XSDDate,False
missing value,ws,samp_store_date,298,,,,/github/workspace/logsheets/filtered/water_sampling.csv,XSDDate,False
missing value,ws,samp_store_date,299,,,,/github/workspace/logsheets/filtered/water_sampling.csv,XSDDate,False
missing value,ws,samp_store_date,300,,,,/github/workspace/logsheets/filtered/water_sampling.csv,XSDDate,False
missing value,ws,samp_store_date,301,,,,/github/workspace/logsheets/filtered/water_sampling.csv,XSDDate,False
missing value,ws,samp_store_date,302,,,,/github/workspace/logsheets/filtered/water_sampling.csv,XSDDate,False
missing value,ws,samp_store_date,303,,,,/github/workspace/logsheets/filtered/water_sampling.csv,XSDDate,False
missing value,ws,samp_store_date,304,,,,/github/workspace/logsheets/filtered/water_sampling.csv,XSDDate,False
missing value,ws,samp_store_date,305,,,,/github/workspace/logsheets/filtered/water_sampling.csv,XSDDate,False
missing value,ws,samp_store_date,306,,,,/github/workspace/logsheets/filtered/water_sampling.csv,XSDDate,False
missing value,ws,samp_store_date,307,,,,/github/workspace/logsheets/filtered/water_sampling.csv,XSDDate,False
missing value,ws,samp_store_date,308,,,,/github/workspace/logsheets/filtered/water_sampling.csv,XSDDate,False
missing value,ws,samp_store_date,309,,,,/github/workspace/logsheets/filtered/water_sampling.csv,XSDDate,False
missing value,ws,samp_store_date,310,,,,/github/workspace/logsheets/filtered/water_sampling.csv,XSDDate,False
missing value,ws,samp_store_date,311,,,,/github/workspace/logsheets/filtered/water_sampling.csv,XSDDate,False
missing value,ws,samp_store_date,312,,,,/github/workspace/logsheets/filtered/water_sampling.csv,XSDDate,False
missing value,ws,samp_store_date,313,,,,/github/workspace/logsheets/filtered/water_sampling.csv,XSDDate,False
missing value,ws,samp_store_date,314,,,,/github/workspace/logsheets/filtered/water_sampling.csv,XSDDate,False
missing value,ws,samp_store_date,315,,,,/github/workspace/logsheets/filtered/water_sampling.csv,XSDDate,False
missing value,ws,samp_store_date,316,,,,/github/workspace/logsheets/filtered/water_sampling.csv,XSDDate,False
missing value,ws,samp_store_date,317,,,,/github/workspace/logsheets/filtered/water_sampling.csv,XSDDate,False
missing value,ws,samp_store_date,318,,,,/github/workspace/logsheets/filtered/water_sampling.csv,XSDDate,False
missing value,ws,samp_store_date,319,,,,/github/workspace/logsheets/filtered/water_sampling.csv,XSDDate,False
missing value,ws,samp_store_date,320,,,,/github/workspace/logsheets/filtered/water_sampling.csv,XSDDate,False
missing value,ws,samp_store_date,321,,,,/github/workspace/logsheets/filtered/water_sampling.csv,XSDDate,False
missing value,ws,samp_store_date,322,,,,/github/workspace/logsheets/filtered/water_sampling.csv,XSDDate,False
missing value,ws,samp_store_date,323,,,,/github/workspace/logsheets/filtered/water_sampling.csv,XSDDate,False
missing value,ws,samp_store_date,324,,,,/github/workspace/logsheets/filtered/water_sampling.csv,XSDDate,False
missing value,ws,samp_store_date,325,,,,/github/workspace/logsheets/filtered/water_sampling.csv,XSDDate,False
missing value,ws,samp_store_date,326,,,,/github/workspace/logsheets/filtered/water_sampling.csv,XSDDate,False
missing value,ws,samp_store_date,327,,,,/github/workspace/logsheets/filtered/water_sampling.csv,XSDDate,False
missing value,ws,samp_store_date,328,,,,/github/workspace/logsheets/filtered/water_sampling.csv,XSDDate,False
missing value,ws,samp_store_date,329,,,,/github/workspace/logsheets/filtered/water_sampling.csv,XSDDate,False
missing value,ws,samp_store_date,330,,,,/github/workspace/logsheets/filtered/water_sampling.csv,XSDDate,False
missing value,ws,samp_store_date,331,,,,/github/workspace/logsheets/filtered/water_sampling.csv,XSDDate,False
missing value,ws,samp_store_date,332,,,,/github/workspace/logsheets/filtered/water_sampling.csv,XSDDate,False
missing value,ws,samp_store_date,333,,,,/github/workspace/logsheets/filtered/water_sampling.csv,XSDDate,False
missing value,ws,samp_store_date,334,,,,/github/workspace/logsheets/filtered/water_sampling.csv,XSDDate,False
missing value,ws,samp_store_date,335,,,,/github/workspace/logsheets/filtered/water_sampling.csv,XSDDate,False
missing value,ws,samp_store_date,336,,,,/github/workspace/logsheets/filtered/water_sampling.csv,XSDDate,False
missing value,ws,samp_store_date,337,,,,/github/workspace/logsheets/filtered/water_sampling.csv,XSDDate,False
missing value,ws,samp_store_date,338,,,,/github/workspace/logsheets/filtered/water_sampling.csv,XSDDate,False
missing value,ws,samp_store_date,339,,,,/github/workspace/logsheets/filtered/water_sampling.csv,XSDDate,False
missing value,ws,samp_store_date,340,,,,/github/workspace/logsheets/filtered/water_sampling.csv,XSDDate,False
missing value,ws,samp_store_date,341,,,,/github/workspace/logsheets/filtered/water_sampling.csv,XSDDate,False
missing value,ws,samp_store_date,342,,,,/github/workspace/logsheets/filtered/water_sampling.csv,XSDDate,False
missing value,ws,samp_store_date,343,,,,/github/workspace/logsheets/filtered/water_sampling.csv,XSDDate,False
missing value,ws,samp_store_date,344,,,,/github/workspace/logsheets/filtered/water_sampling.csv,XSDDate,False
missing value,ws,samp_store_date,345,,,,/github/workspace/logsheets/filtered/water_sampling.csv,XSDDate,False
missing value,ws,samp_store_date,346,,,,/github/workspace/logsheets/filtered/water_sampling.csv,XSDDate,False
missing value,ws,samp_store_date,347,,,,/github/workspace/logsheets/filtered/water_sampling.csv,XSDDate,False
missing value,ws,replicate,251,,,,/github/workspace/logsheets/filtered/water_sampling.csv,XSDString,False
missing value,ws,replicate,252,,,,/github/workspace/logsheets/filtered/water_sampling.csv,XSDString,False
missing value,ws,replicate,253,,,,/github/workspace/logsheets/filtered/water_sampling.csv,XSDString,False
missing value,ws,replicate,254,,,,/github/workspace/logsheets/filtered/water_sampling.csv,XSDString,False
missing value,ws,replicate,255,,,,/github/workspace/logsheets/filtered/water_sampling.csv,XSDString,False
missing value,ws,replicate,256,,,,/github/workspace/logsheets/filtered/water_sampling.csv,XSDString,False
missing value,ws,replicate,257,,,,/github/workspace/logsheets/filtered/water_sampling.csv,XSDString,False
missing value,ws,replicate,258,,,,/github/workspace/logsheets/filtered/water_sampling.csv,XSDString,False
missing value,ws,replicate,259,,,,/github/workspace/logsheets/filtered/water_sampling.csv,XSDString,False
missing value,ws,replicate,260,,,,/github/workspace/logsheets/filtered/water_sampling.csv,XSDString,False
missing value,ws,replicate,261,,,,/github/workspace/logsheets/filtered/water_sampling.csv,XSDString,False
missing value,ws,replicate,262,,,,/github/workspace/logsheets/filtered/water_sampling.csv,XSDString,False
missing value,ws,replicate,263,,,,/github/workspace/logsheets/filtered/water_sampling.csv,XSDString,False
missing value,ws,replicate,264,,,,/github/workspace/logsheets/filtered/water_sampling.csv,XSDString,False
missing value,ws,replicate,265,,,,/github/workspace/logsheets/filtered/water_sampling.csv,XSDString,False
missing value,ws,replicate,266,,,,/github/workspace/logsheets/filtered/water_sampling.csv,XSDString,False
missing value,ws,replicate,267,,,,/github/workspace/logsheets/filtered/water_sampling.csv,XSDString,False
missing value,ws,replicate,268,,,,/github/workspace/logsheets/filtered/water_sampling.csv,XSDString,False
missing value,ws,replicate,269,,,,/github/workspace/logsheets/filtered/water_sampling.csv,XSDString,False
missing value,ws,replicate,270,,,,/github/workspace/logsheets/filtered/water_sampling.csv,XSDString,False
missing value,ws,replicate,271,,,,/github/workspace/logsheets/filtered/water_sampling.csv,XSDString,False
missing value,ws,replicate,272,,,,/github/workspace/logsheets/filtered/water_sampling.csv,XSDString,False
missing value,ws,replicate,273,,,,/github/workspace/logsheets/filtered/water_sampling.csv,XSDString,False
missing value,ws,replicate,274,,,,/github/workspace/logsheets/filtered/water_sampling.csv,XSDString,False
missing value,ws,replicate,275,,,,/github/workspace/logsheets/filtered/water_sampling.csv,XSDString,False
missing value,ws,replicate,276,,,,/github/workspace/logsheets/filtered/water_sampling.csv,XSDString,False
missing value,ws,replicate,277,,,,/github/workspace/logsheets/filtered/water_sampling.csv,XSDString,False
missing value,ws,replicate,278,,,,/github/workspace/logsheets/filtered/water_sampling.csv,XSDString,False
missing value,ws,replicate,279,,,,/github/workspace/logsheets/filtered/water_sampling.csv,XSDString,False
missing value,ws,replicate,280,,,,/github/workspace/logsheets/filtered/water_sampling.csv,XSDString,False
missing value,ws,replicate,281,,,,/github/workspace/logsheets/filtered/water_sampling.csv,XSDString,False
missing value,ws,replicate,282,,,,/github/workspace/logsheets/filtered/water_sampling.csv,XSDString,False
missing value,ws,replicate,283,,,,/github/workspace/logsheets/filtered/water_sampling.csv,XSDString,False
missing value,ws,replicate,284,,,,/github/workspace/logsheets/filtered/water_sampling.csv,XSDString,False
missing value,ws,replicate,285,,,,/github/workspace/logsheets/filtered/water_sampling.csv,XSDString,False
missing value,ws,replicate,286,,,,/github/workspace/logsheets/filtered/water_sampling.csv,XSDString,False
missing value,ws,replicate,287,,,,/github/workspace/logsheets/filtered/water_sampling.csv,XSDString,False
missing value,ws,replicate,288,,,,/github/workspace/logsheets/filtered/water_sampling.csv,XSDString,False
missing value,ws,replicate,289,,,,/github/workspace/logsheets/filtered/water_sampling.csv,XSDString,False
missing value,ws,replicate,290,,,,/github/workspace/logsheets/filtered/water_sampling.csv,XSDString,False
missing value,ws,replicate,291,,,,/github/workspace/logsheets/filtered/water_sampling.csv,XSDString,False
missing value,ws,replicate,292,,,,/github/workspace/logsheets/filtered/water_sampling.csv,XSDString,False
missing value,ws,replicate,293,,,,/github/workspace/logsheets/filtered/water_sampling.csv,XSDString,False
missing value,ws,replicate,294,,,,/github/workspace/logsheets/filtered/water_sampling.csv,XSDString,False
missing value,ws,replicate,295,,,,/github/workspace/logsheets/filtered/water_sampling.csv,XSDString,False
missing value,ws,replicate,296,,,,/github/workspace/logsheets/filtered/water_sampling.csv,XSDString,False
missing value,ws,replicate,297,,,,/github/workspace/logsheets/filtered/water_sampling.csv,XSDString,False
missing value,ws,replicate,298,,,,/github/workspace/logsheets/filtered/water_sampling.csv,XSDString,False
missing value,ws,replicate,299,,,,/github/workspace/logsheets/filtered/water_sampling.csv,XSDString,False
missing value,ws,replicate,300,,,,/github/workspace/logsheets/filtered/water_sampling.csv,XSDString,False
missing value,ws,replicate,301,,,,/github/workspace/logsheets/filtered/water_sampling.csv,XSDString,False
missing value,ws,replicate,302,,,,/github/workspace/logsheets/filtered/water_sampling.csv,XSDString,False
missing value,ws,replicate,303,,,,/github/workspace/logsheets/filtered/water_sampling.csv,XSDString,False
missing value,ws,replicate,304,,,,/github/workspace/logsheets/filtered/water_sampling.csv,XSDString,False
missing value,ws,replicate,305,,,,/github/workspace/logsheets/filtered/water_sampling.csv,XSDString,False
missing value,ws,replicate,306,,,,/github/workspace/logsheets/filtered/water_sampling.csv,XSDString,False
missing value,ws,replicate,307,,,,/github/workspace/logsheets/filtered/water_sampling.csv,XSDString,False
missing value,ws,replicate,308,,,,/github/workspace/logsheets/filtered/water_sampling.csv,XSDString,False
missing value,ws,replicate,309,,,,/github/workspace/logsheets/filtered/water_sampling.csv,XSDString,False
missing value,ws,replicate,310,,,,/github/workspace/logsheets/filtered/water_sampling.csv,XSDString,False
missing value,ws,replicate,311,,,,/github/workspace/logsheets/filtered/water_sampling.csv,XSDString,False
missing value,ws,replicate,312,,,,/github/workspace/logsheets/filtered/water_sampling.csv,XSDString,False
missing value,ws,replicate,313,,,,/github/workspace/logsheets/filtered/water_sampling.csv,XSDString,False
missing value,ws,replicate,314,,,,/github/workspace/logsheets/filtered/water_sampling.csv,XSDString,False
missing value,ws,replicate,315,,,,/github/workspace/logsheets/filtered/water_sampling.csv,XSDString,False
missing value,ws,replicate,316,,,,/github/workspace/logsheets/filtered/water_sampling.csv,XSDString,False
missing value,ws,replicate,317,,,,/github/workspace/logsheets/filtered/water_sampling.csv,XSDString,False
missing value,ws,replicate,318,,,,/github/workspace/logsheets/filtered/water_sampling.csv,XSDString,False
missing value,ws,replicate,319,,,,/github/workspace/logsheets/filtered/water_sampling.csv,XSDString,False
missing value,ws,replicate,320,,,,/github/workspace/logsheets/filtered/water_sampling.csv,XSDString,False
missing value,ws,replicate,321,,,,/github/workspace/logsheets/filtered/water_sampling.csv,XSDString,False
missing value,ws,replicate,322,,,,/github/workspace/logsheets/filtered/water_sampling.csv,XSDString,False
missing value,ws,replicate,323,,,,/github/workspace/logsheets/filtered/water_sampling.csv,XSDString,False
missing value,ws,replicate,324,,,,/github/workspace/logsheets/filtered/water_sampling.csv,XSDString,False
missing value,ws,replicate,325,,,,/github/workspace/logsheets/filtered/water_sampling.csv,XSDString,False
missing value,ws,replicate,326,,,,/github/workspace/logsheets/filtered/water_sampling.csv,XSDString,False
missing value,ws,replicate,327,,,,/github/workspace/logsheets/filtered/water_sampling.csv,XSDString,False
missing value,ws,replicate,328,,,,/github/workspace/logsheets/filtered/water_sampling.csv,XSDString,False
missing value,ws,replicate,329,,,,/github/workspace/logsheets/filtered/water_sampling.csv,XSDString,False
missing value,ws,replicate,330,,,,/github/workspace/logsheets/filtered/water_sampling.csv,XSDString,False
missing value,ws,replicate,331,,,,/github/workspace/logsheets/filtered/water_sampling.csv,XSDString,False
missing value,ws,replicate,332,,,,/github/workspace/logsheets/filtered/water_sampling.csv,XSDString,False
missing value,ws,replicate,333,,,,/github/workspace/logsheets/filtered/water_sampling.csv,XSDString,False
missing value,ws,replicate,334,,,,/github/workspace/logsheets/filtered/water_sampling.csv,XSDString,False
missing value,ws,replicate,335,,,,/github/workspace/logsheets/filtered/water_sampling.csv,XSDString,False
missing value,ws,replicate,336,,,,/github/workspace/logsheets/filtered/water_sampling.csv,XSDString,False
missing value,ws,replicate,337,,,,/github/workspace/logsheets/filtered/water_sampling.csv,XSDString,False
missing value,ws,replicate,338,,,,/github/workspace/logsheets/filtered/water_sampling.csv,XSDString,False
missing value,ws,replicate,339,,,,/github/workspace/logsheets/filtered/water_sampling.csv,XSDString,False
missing value,ws,replicate,340,,,,/github/workspace/logsheets/filtered/water_sampling.csv,XSDString,False
missing value,ws,replicate,341,,,,/github/workspace/logsheets/filtered/water_sampling.csv,XSDString,False
missing value,ws,replicate,342,,,,/github/workspace/logsheets/filtered/water_sampling.csv,XSDString,False
missing value,ws,replicate,343,,,,/github/workspace/logsheets/filtered/water_sampling.csv,XSDString,False
missing value,ws,replicate,344,,,,/github/workspace/logsheets/filtered/water_sampling.csv,XSDString,False
missing value,ws,replicate,345,,,,/github/workspace/logsheets/filtered/water_sampling.csv,XSDString,False
missing value,ws,replicate,346,,,,/github/workspace/logsheets/filtered/water_sampling.csv,XSDString,False
missing value,ws,replicate,347,,,,/github/workspace/logsheets/filtered/water_sampling.csv,XSDString,False
missing value,ws,failure_comment,1,,,,/github/workspace/logsheets/filtered/water_sampling.csv,XSDString,False
missing value,ws,failure_comment,2,,,,/github/workspace/logsheets/filtered/water_sampling.csv,XSDString,False
missing value,ws,failure_comment,3,,,,/github/workspace/logsheets/filtered/water_sampling.csv,XSDString,False
missing value,ws,failure_comment,4,,,,/github/workspace/logsheets/filtered/water_sampling.csv,XSDString,False
missing value,ws,failure_comment,5,,,,/github/workspace/logsheets/filtered/water_sampling.csv,XSDString,False
missing value,ws,failure_comment,6,,,,/github/workspace/logsheets/filtered/water_sampling.csv,XSDString,False
missing value,ws,failure_comment,7,,,,/github/workspace/logsheets/filtered/water_sampling.csv,XSDString,False
missing value,ws,failure_comment,8,,,,/github/workspace/logsheets/filtered/water_sampling.csv,XSDString,False
missing value,ws,failure_comment,9,,,,/github/workspace/logsheets/filtered/water_sampling.csv,XSDString,False
missing value,ws,failure_comment,10,,,,/github/workspace/logsheets/filtered/water_sampling.csv,XSDString,False
missing value,ws,failure_comment,11,,,,/github/workspace/logsheets/filtered/water_sampling.csv,XSDString,False
missing value,ws,failure_comment,12,,,,/github/workspace/logsheets/filtered/water_sampling.csv,XSDString,False
missing value,ws,failure_comment,13,,,,/github/workspace/logsheets/filtered/water_sampling.csv,XSDString,False
missing value,ws,failure_comment,14,,,,/github/workspace/logsheets/filtered/water_sampling.csv,XSDString,False
missing value,ws,failure_comment,15,,,,/github/workspace/logsheets/filtered/water_sampling.csv,XSDString,False
missing value,ws,failure_comment,16,,,,/github/workspace/logsheets/filtered/water_sampling.csv,XSDString,False
missing value,ws,failure_comment,17,,,,/github/workspace/logsheets/filtered/water_sampling.csv,XSDString,False
missing value,ws,failure_comment,18,,,,/github/workspace/logsheets/filtered/water_sampling.csv,XSDString,False
missing value,ws,failure_comment,19,,,,/github/workspace/logsheets/filtered/water_sampling.csv,XSDString,False
missing value,ws,failure_comment,20,,,,/github/workspace/logsheets/filtered/water_sampling.csv,XSDString,False
missing value,ws,failure_comment,21,,,,/github/workspace/logsheets/filtered/water_sampling.csv,XSDString,False
missing value,ws,failure_comment,22,,,,/github/workspace/logsheets/filtered/water_sampling.csv,XSDString,False
missing value,ws,failure_comment,23,,,,/github/workspace/logsheets/filtered/water_sampling.csv,XSDString,False
missing value,ws,failure_comment,24,,,,/github/workspace/logsheets/filtered/water_sampling.csv,XSDString,False
missing value,ws,failure_comment,25,,,,/github/workspace/logsheets/filtered/water_sampling.csv,XSDString,False
missing value,ws,failure_comment,26,,,,/github/workspace/logsheets/filtered/water_sampling.csv,XSDString,False
missing value,ws,failure_comment,27,,,,/github/workspace/logsheets/filtered/water_sampling.csv,XSDString,False
missing value,ws,failure_comment,28,,,,/github/workspace/logsheets/filtered/water_sampling.csv,XSDString,False
missing value,ws,failure_comment,31,,,,/github/workspace/logsheets/filtered/water_sampling.csv,XSDString,False
missing value,ws,failure_comment,32,,,,/github/workspace/logsheets/filtered/water_sampling.csv,XSDString,False
missing value,ws,failure_comment,33,,,,/github/workspace/logsheets/filtered/water_sampling.csv,XSDString,False
missing value,ws,failure_comment,34,,,,/github/workspace/logsheets/filtered/water_sampling.csv,XSDString,False
missing value,ws,failure_comment,35,,,,/github/workspace/logsheets/filtered/water_sampling.csv,XSDString,False
missing value,ws,failure_comment,36,,,,/github/workspace/logsheets/filtered/water_sampling.csv,XSDString,False
missing value,ws,failure_comment,37,,,,/github/workspace/logsheets/filtered/water_sampling.csv,XSDString,False
missing value,ws,failure_comment,38,,,,/github/workspace/logsheets/filtered/water_sampling.csv,XSDString,False
missing value,ws,failure_comment,39,,,,/github/workspace/logsheets/filtered/water_sampling.csv,XSDString,False
missing value,ws,failure_comment,40,,,,/github/workspace/logsheets/filtered/water_sampling.csv,XSDString,False
missing value,ws,failure_comment,41,,,,/github/workspace/logsheets/filtered/water_sampling.csv,XSDString,False
missing value,ws,failure_comment,42,,,,/github/workspace/logsheets/filtered/water_sampling.csv,XSDString,False
missing value,ws,failure_comment,43,,,,/github/workspace/logsheets/filtered/water_sampling.csv,XSDString,False
missing value,ws,failure_comment,44,,,,/github/workspace/logsheets/filtered/water_sampling.csv,XSDString,False
missing value,ws,failure_comment,45,,,,/github/workspace/logsheets/filtered/water_sampling.csv,XSDString,False
missing value,ws,failure_comment,46,,,,/github/workspace/logsheets/filtered/water_sampling.csv,XSDString,False
missing value,ws,failure_comment,47,,,,/github/workspace/logsheets/filtered/water_sampling.csv,XSDString,False
missing value,ws,failure_comment,48,,,,/github/workspace/logsheets/filtered/water_sampling.csv,XSDString,False
missing value,ws,failure_comment,49,,,,/github/workspace/logsheets/filtered/water_sampling.csv,XSDString,False
missing value,ws,failure_comment,50,,,,/github/workspace/logsheets/filtered/water_sampling.csv,XSDString,False
missing value,ws,failure_comment,51,,,,/github/workspace/logsheets/filtered/water_sampling.csv,XSDString,False
missing value,ws,failure_comment,52,,,,/github/workspace/logsheets/filtered/water_sampling.csv,XSDString,False
missing value,ws,failure_comment,53,,,,/github/workspace/logsheets/filtered/water_sampling.csv,XSDString,False
missing value,ws,failure_comment,54,,,,/github/workspace/logsheets/filtered/water_sampling.csv,XSDString,False
missing value,ws,failure_comment,55,,,,/github/workspace/logsheets/filtered/water_sampling.csv,XSDString,False
missing value,ws,failure_comment,56,,,,/github/workspace/logsheets/filtered/water_sampling.csv,XSDString,False
missing value,ws,failure_comment,57,,,,/github/workspace/logsheets/filtered/water_sampling.csv,XSDString,False
missing value,ws,failure_comment,58,,,,/github/workspace/logsheets/filtered/water_sampling.csv,XSDString,False
missing value,ws,failure_comment,59,,,,/github/workspace/logsheets/filtered/water_sampling.csv,XSDString,False
missing value,ws,failure_comment,60,,,,/github/workspace/logsheets/filtered/water_sampling.csv,XSDString,False
missing value,ws,failure_comment,61,,,,/github/workspace/logsheets/filtered/water_sampling.csv,XSDString,False
missing value,ws,failure_comment,62,,,,/github/workspace/logsheets/filtered/water_sampling.csv,XSDString,False
missing value,ws,failure_comment,63,,,,/github/workspace/logsheets/filtered/water_sampling.csv,XSDString,False
missing value,ws,failure_comment,64,,,,/github/workspace/logsheets/filtered/water_sampling.csv,XSDString,False
missing value,ws,failure_comment,65,,,,/github/workspace/logsheets/filtered/water_sampling.csv,XSDString,False
missing value,ws,failure_comment,66,,,,/github/workspace/logsheets/filtered/water_sampling.csv,XSDString,False
missing value,ws,failure_comment,67,,,,/github/workspace/logsheets/filtered/water_sampling.csv,XSDString,False
missing value,ws,failure_comment,68,,,,/github/workspace/logsheets/filtered/water_sampling.csv,XSDString,False
missing value,ws,failure_comment,69,,,,/github/workspace/logsheets/filtered/water_sampling.csv,XSDString,False
missing value,ws,failure_comment,70,,,,/github/workspace/logsheets/filtered/water_sampling.csv,XSDString,False
missing value,ws,failure_comment,71,,,,/github/workspace/logsheets/filtered/water_sampling.csv,XSDString,False
missing value,ws,failure_comment,72,,,,/github/workspace/logsheets/filtered/water_sampling.csv,XSDString,False
missing value,ws,failure_comment,73,,,,/github/workspace/logsheets/filtered/water_sampling.csv,XSDString,False
missing value,ws,failure_comment,74,,,,/github/workspace/logsheets/filtered/water_sampling.csv,XSDString,False
missing value,ws,failure_comment,75,,,,/github/workspace/logsheets/filtered/water_sampling.csv,XSDString,False
missing value,ws,failure_comment,76,,,,/github/workspace/logsheets/filtered/water_sampling.csv,XSDString,False
missing value,ws,failure_comment,77,,,,/github/workspace/logsheets/filtered/water_sampling.csv,XSDString,False
missing value,ws,failure_comment,78,,,,/github/workspace/logsheets/filtered/water_sampling.csv,XSDString,False
missing value,ws,failure_comment,79,,,,/github/workspace/logsheets/filtered/water_sampling.csv,XSDString,False
missing value,ws,failure_comment,80,,,,/github/workspace/logsheets/filtered/water_sampling.csv,XSDString,False
missing value,ws,failure_comment,83,,,,/github/workspace/logsheets/filtered/water_sampling.csv,XSDString,False
missing value,ws,failure_comment,84,,,,/github/workspace/logsheets/filtered/water_sampling.csv,XSDString,False
missing value,ws,failure_comment,85,,,,/github/workspace/logsheets/filtered/water_sampling.csv,XSDString,False
missing value,ws,failure_comment,86,,,,/github/workspace/logsheets/filtered/water_sampling.csv,XSDString,False
missing value,ws,failure_comment,87,,,,/github/workspace/logsheets/filtered/water_sampling.csv,XSDString,False
missing value,ws,failure_comment,88,,,,/github/workspace/logsheets/filtered/water_sampling.csv,XSDString,False
missing value,ws,failure_comment,89,,,,/github/workspace/logsheets/filtered/water_sampling.csv,XSDString,False
missing value,ws,failure_comment,90,,,,/github/workspace/logsheets/filtered/water_sampling.csv,XSDString,False
missing value,ws,failure_comment,251,,,,/github/workspace/logsheets/filtered/water_sampling.csv,XSDString,False
missing value,ws,failure_comment,252,,,,/github/workspace/logsheets/filtered/water_sampling.csv,XSDString,False
missing value,ws,failure_comment,253,,,,/github/workspace/logsheets/filtered/water_sampling.csv,XSDString,False
missing value,ws,failure_comment,254,,,,/github/workspace/logsheets/filtered/water_sampling.csv,XSDString,False
missing value,ws,failure_comment,255,,,,/github/workspace/logsheets/filtered/water_sampling.csv,XSDString,False
missing value,ws,failure_comment,256,,,,/github/workspace/logsheets/filtered/water_sampling.csv,XSDString,False
missing value,ws,failure_comment,257,,,,/github/workspace/logsheets/filtered/water_sampling.csv,XSDString,False
missing value,ws,failure_comment,258,,,,/github/workspace/logsheets/filtered/water_sampling.csv,XSDString,False
missing value,ws,failure_comment,259,,,,/github/workspace/logsheets/filtered/water_sampling.csv,XSDString,False
missing value,ws,failure_comment,260,,,,/github/workspace/logsheets/filtered/water_sampling.csv,XSDString,False
missing value,ws,failure_comment,261,,,,/github/workspace/logsheets/filtered/water_sampling.csv,XSDString,False
missing value,ws,failure_comment,262,,,,/github/workspace/logsheets/filtered/water_sampling.csv,XSDString,False
missing value,ws,failure_comment,263,,,,/github/workspace/logsheets/filtered/water_sampling.csv,XSDString,False
missing value,ws,failure_comment,264,,,,/github/workspace/logsheets/filtered/water_sampling.csv,XSDString,False
missing value,ws,failure_comment,265,,,,/github/workspace/logsheets/filtered/water_sampling.csv,XSDString,False
missing value,ws,failure_comment,266,,,,/github/workspace/logsheets/filtered/water_sampling.csv,XSDString,False
missing value,ws,failure_comment,267,,,,/github/workspace/logsheets/filtered/water_sampling.csv,XSDString,False
missing value,ws,failure_comment,268,,,,/github/workspace/logsheets/filtered/water_sampling.csv,XSDString,False
missing value,ws,failure_comment,269,,,,/github/workspace/logsheets/filtered/water_sampling.csv,XSDString,False
missing value,ws,failure_comment,270,,,,/github/workspace/logsheets/filtered/water_sampling.csv,XSDString,False
missing value,ws,failure_comment,271,,,,/github/workspace/logsheets/filtered/water_sampling.csv,XSDString,False
missing value,ws,failure_comment,272,,,,/github/workspace/logsheets/filtered/water_sampling.csv,XSDString,False
missing value,ws,failure_comment,273,,,,/github/workspace/logsheets/filtered/water_sampling.csv,XSDString,False
missing value,ws,failure_comment,274,,,,/github/workspace/logsheets/filtered/water_sampling.csv,XSDString,False
missing value,ws,failure_comment,275,,,,/github/workspace/logsheets/filtered/water_sampling.csv,XSDString,False
missing value,ws,failure_comment,276,,,,/github/workspace/logsheets/filtered/water_sampling.csv,XSDString,False
missing value,ws,failure_comment,277,,,,/github/workspace/logsheets/filtered/water_sampling.csv,XSDString,False
missing value,ws,failure_comment,278,,,,/github/workspace/logsheets/filtered/water_sampling.csv,XSDString,False
missing value,ws,failure_comment,279,,,,/github/workspace/logsheets/filtered/water_sampling.csv,XSDString,False
missing value,ws,failure_comment,280,,,,/github/workspace/logsheets/filtered/water_sampling.csv,XSDString,False
missing value,ws,failure_comment,281,,,,/github/workspace/logsheets/filtered/water_sampling.csv,XSDString,False
missing value,ws,failure_comment,282,,,,/github/workspace/logsheets/filtered/water_sampling.csv,XSDString,False
missing value,ws,failure_comment,283,,,,/github/workspace/logsheets/filtered/water_sampling.csv,XSDString,False
missing value,ws,failure_comment,284,,,,/github/workspace/logsheets/filtered/water_sampling.csv,XSDString,False
missing value,ws,failure_comment,285,,,,/github/workspace/logsheets/filtered/water_sampling.csv,XSDString,False
missing value,ws,failure_comment,286,,,,/github/workspace/logsheets/filtered/water_sampling.csv,XSDString,False
missing value,ws,failure_comment,287,,,,/github/workspace/logsheets/filtered/water_sampling.csv,XSDString,False
missing value,ws,failure_comment,288,,,,/github/workspace/logsheets/filtered/water_sampling.csv,XSDString,False
missing value,ws,failure_comment,289,,,,/github/workspace/logsheets/filtered/water_sampling.csv,XSDString,False
missing value,ws,failure_comment,290,,,,/github/workspace/logsheets/filtered/water_sampling.csv,XSDString,False
missing value,ws,failure_comment,291,,,,/github/workspace/logsheets/filtered/water_sampling.csv,XSDString,False
missing value,ws,failure_comment,292,,,,/github/workspace/logsheets/filtered/water_sampling.csv,XSDString,False
missing value,ws,failure_comment,293,,,,/github/workspace/logsheets/filtered/water_sampling.csv,XSDString,False
missing value,ws,failure_comment,294,,,,/github/workspace/logsheets/filtered/water_sampling.csv,XSDString,False
missing value,ws,failure_comment,295,,,,/github/workspace/logsheets/filtered/water_sampling.csv,XSDString,False
missing value,ws,failure_comment,296,,,,/github/workspace/logsheets/filtered/water_sampling.csv,XSDString,False
missing value,ws,failure_comment,297,,,,/github/workspace/logsheets/filtered/water_sampling.csv,XSDString,False
missing value,ws,failure_comment,298,,,,/github/workspace/logsheets/filtered/water_sampling.csv,XSDString,False
missing value,ws,failure_comment,299,,,,/github/workspace/logsheets/filtered/water_sampling.csv,XSDString,False
missing value,ws,failure_comment,300,,,,/github/workspace/logsheets/filtered/water_sampling.csv,XSDString,False
missing value,ws,failure_comment,301,,,,/github/workspace/logsheets/filtered/water_sampling.csv,XSDString,False
missing value,ws,failure_comment,302,,,,/github/workspace/logsheets/filtered/water_sampling.csv,XSDString,False
missing value,ws,failure_comment,303,,,,/github/workspace/logsheets/filtered/water_sampling.csv,XSDString,False
missing value,ws,failure_comment,304,,,,/github/workspace/logsheets/filtered/water_sampling.csv,XSDString,False
missing value,ws,failure_comment,305,,,,/github/workspace/logsheets/filtered/water_sampling.csv,XSDString,False
missing value,ws,failure_comment,306,,,,/github/workspace/logsheets/filtered/water_sampling.csv,XSDString,False
missing value,ws,failure_comment,307,,,,/github/workspace/logsheets/filtered/water_sampling.csv,XSDString,False
missing value,ws,failure_comment,308,,,,/github/workspace/logsheets/filtered/water_sampling.csv,XSDString,False
missing value,ws,failure_comment,309,,,,/github/workspace/logsheets/filtered/water_sampling.csv,XSDString,False
missing value,ws,failure_comment,310,,,,/github/workspace/logsheets/filtered/water_sampling.csv,XSDString,False
missing value,ws,failure_comment,311,,,,/github/workspace/logsheets/filtered/water_sampling.csv,XSDString,False
missing value,ws,failure_comment,312,,,,/github/workspace/logsheets/filtered/water_sampling.csv,XSDString,False
missing value,ws,failure_comment,313,,,,/github/workspace/logsheets/filtered/water_sampling.csv,XSDString,False
missing value,ws,failure_comment,314,,,,/github/workspace/logsheets/filtered/water_sampling.csv,XSDString,False
missing value,ws,failure_comment,315,,,,/github/workspace/logsheets/filtered/water_sampling.csv,XSDString,False
missing value,ws,failure_comment,316,,,,/github/workspace/logsheets/filtered/water_sampling.csv,XSDString,False
missing value,ws,failure_comment,317,,,,/github/workspace/logsheets/filtered/water_sampling.csv,XSDString,False
missing value,ws,failure_comment,318,,,,/github/workspace/logsheets/filtered/water_sampling.csv,XSDString,False
missing value,ws,failure_comment,319,,,,/github/workspace/logsheets/filtered/water_sampling.csv,XSDString,False
missing value,ws,failure_comment,320,,,,/github/workspace/logsheets/filtered/water_sampling.csv,XSDString,False
missing value,ws,failure_comment,321,,,,/github/workspace/logsheets/filtered/water_sampling.csv,XSDString,False
missing value,ws,failure_comment,322,,,,/github/workspace/logsheets/filtered/water_sampling.csv,XSDString,False
missing value,ws,failure_comment,323,,,,/github/workspace/logsheets/filtered/water_sampling.csv,XSDString,False
missing value,ws,failure_comment,324,,,,/github/workspace/logsheets/filtered/water_sampling.csv,XSDString,False
missing value,ws,failure_comment,325,,,,/github/workspace/logsheets/filtered/water_sampling.csv,XSDString,False
missing value,ws,failure_comment,326,,,,/github/workspace/logsheets/filtered/water_sampling.csv,XSDString,False
missing value,ws,failure_comment,327,,,,/github/workspace/logsheets/filtered/water_sampling.csv,XSDString,False
missing value,ws,failure_comment,328,,,,/github/workspace/logsheets/filtered/water_sampling.csv,XSDString,False
missing value,ws,failure_comment,329,,,,/github/workspace/logsheets/filtered/water_sampling.csv,XSDString,False
missing value,ws,failure_comment,330,,,,/github/workspace/logsheets/filtered/water_sampling.csv,XSDString,False
missing value,ws,failure_comment,331,,,,/github/workspace/logsheets/filtered/water_sampling.csv,XSDString,False
missing value,ws,failure_comment,332,,,,/github/workspace/logsheets/filtered/water_sampling.csv,XSDString,False
missing value,ws,failure_comment,333,,,,/github/workspace/logsheets/filtered/water_sampling.csv,XSDString,False
missing value,ws,failure_comment,334,,,,/github/workspace/logsheets/filtered/water_sampling.csv,XSDString,False
missing value,ws,failure_comment,335,,,,/github/workspace/logsheets/filtered/water_sampling.csv,XSDString,False
missing value,ws,failure_comment,336,,,,/github/workspace/logsheets/filtered/water_sampling.csv,XSDString,False
missing value,ws,failure_comment,337,,,,/github/workspace/logsheets/filtered/water_sampling.csv,XSDString,False
missing value,ws,failure_comment,338,,,,/github/workspace/logsheets/filtered/water_sampling.csv,XSDString,False
missing value,ws,failure_comment,339,,,,/github/workspace/logsheets/filtered/water_sampling.csv,XSDString,False
missing value,ws,failure_comment,340,,,,/github/workspace/logsheets/filtered/water_sampling.csv,XSDString,False
missing value,ws,failure_comment,341,,,,/github/workspace/logsheets/filtered/water_sampling.csv,XSDString,False
missing value,ws,failure_comment,342,,,,/github/workspace/logsheets/filtered/water_sampling.csv,XSDString,False
missing value,ws,failure_comment,343,,,,/github/workspace/logsheets/filtered/water_sampling.csv,XSDString,False
missing value,ws,failure_comment,344,,,,/github/workspace/logsheets/filtered/water_sampling.csv,XSDString,False
missing value,ws,failure_comment,345,,,,/github/workspace/logsheets/filtered/water_sampling.csv,XSDString,False
missing value,ws,failure_comment,346,,,,/github/workspace/logsheets/filtered/water_sampling.csv,XSDString,False
missing value,ws,failure_comment,347,,,,/github/workspace/logsheets/filtered/water_sampling.csv,XSDString,False
