Diagnosis,LogsheetType,LogsheetTab,Column,Row,Value,ExtendedDiagnosis,FilePath,DataType,Requirement
envo term error,sediment,observatory,env_broad_biome,1,marine biome [ENVO:00000447];marine benthic biome[ENVO_01000024],envo term should be a list of URIs,/github/workspace/logsheets/filtered/sediment_observatory.csv,EMOBONList,mandatory
envo term error,sediment,observatory,env_local,1,lagoon [ENVO_00000038];shallow_marine_sediment [ENVO:03000034],envo term should be a list of URIs,/github/workspace/logsheets/filtered/sediment_observatory.csv,EMOBONList,mandatory
envo term error,water,observatory,env_local,1,lagoon [ENVO_00000038];marine water body [ENVO:00001999],envo term should be a list of URIs,/github/workspace/logsheets/filtered/water_observatory.csv,EMOBONList,mandatory
envo term error,sediment,sampling,env_material,1,lagoon [ENVO_00000038]; sediment [ENVO:00002007],envo term should be a list of URIs,/github/workspace/logsheets/filtered/sediment_sampling.csv,EMOBONList,mandatory
envo term error,sediment,sampling,env_material,2,lagoon [ENVO_00000038]; sediment [ENVO:00002007],envo term should be a list of URIs,/github/workspace/logsheets/filtered/sediment_sampling.csv,EMOBONList,mandatory
envo term error,sediment,sampling,env_material,3,lagoon [ENVO_00000038]; sediment [ENVO:00002007],envo term should be a list of URIs,/github/workspace/logsheets/filtered/sediment_sampling.csv,EMOBONList,mandatory
envo term error,sediment,sampling,env_material,4,lagoon [ENVO_00000038]; sediment [ENVO:00002007],envo term should be a list of URIs,/github/workspace/logsheets/filtered/sediment_sampling.csv,EMOBONList,mandatory
envo term error,sediment,sampling,env_material,6,lagoon [ENVO_00000038]; sediment [ENVO:00002007],envo term should be a list of URIs,/github/workspace/logsheets/filtered/sediment_sampling.csv,EMOBONList,mandatory
envo term error,sediment,sampling,env_material,7,lagoon [ENVO_00000038]; sediment [ENVO:00002007],envo term should be a list of URIs,/github/workspace/logsheets/filtered/sediment_sampling.csv,EMOBONList,mandatory
envo term error,sediment,sampling,env_material,8,lagoon [ENVO_00000038]; sediment [ENVO:00002007],envo term should be a list of URIs,/github/workspace/logsheets/filtered/sediment_sampling.csv,EMOBONList,mandatory
envo term error,sediment,sampling,env_material,9,lagoon [ENVO_00000038]; sediment [ENVO:00002007],envo term should be a list of URIs,/github/workspace/logsheets/filtered/sediment_sampling.csv,EMOBONList,mandatory
envo term error,sediment,sampling,env_material,11,lagoon [ENVO_00000038]; sediment [ENVO:00002007],envo term should be a list of URIs,/github/workspace/logsheets/filtered/sediment_sampling.csv,EMOBONList,mandatory
envo term error,sediment,sampling,env_material,12,lagoon [ENVO_00000038]; sediment [ENVO:00002007],envo term should be a list of URIs,/github/workspace/logsheets/filtered/sediment_sampling.csv,EMOBONList,mandatory
envo term error,sediment,sampling,env_material,13,lagoon [ENVO_00000038]; sediment [ENVO:00002007],envo term should be a list of URIs,/github/workspace/logsheets/filtered/sediment_sampling.csv,EMOBONList,mandatory
envo term error,sediment,sampling,env_material,14,lagoon [ENVO_00000038]; sediment [ENVO:00002007],envo term should be a list of URIs,/github/workspace/logsheets/filtered/sediment_sampling.csv,EMOBONList,mandatory
envo term error,sediment,sampling,env_material,16,lagoon [ENVO_00000038]; sediment [ENVO:00002007],envo term should be a list of URIs,/github/workspace/logsheets/filtered/sediment_sampling.csv,EMOBONList,mandatory
envo term error,sediment,sampling,env_material,17,lagoon [ENVO_00000038]; sediment [ENVO:00002007],envo term should be a list of URIs,/github/workspace/logsheets/filtered/sediment_sampling.csv,EMOBONList,mandatory
envo term error,sediment,sampling,env_material,18,lagoon [ENVO_00000038]; sediment [ENVO:00002007],envo term should be a list of URIs,/github/workspace/logsheets/filtered/sediment_sampling.csv,EMOBONList,mandatory
envo term error,sediment,sampling,env_material,19,lagoon [ENVO_00000038]; sediment [ENVO:00002007],envo term should be a list of URIs,/github/workspace/logsheets/filtered/sediment_sampling.csv,EMOBONList,mandatory
envo term error,sediment,sampling,env_material,21,lagoon [ENVO_00000038]; sediment [ENVO:00002007],envo term should be a list of URIs,/github/workspace/logsheets/filtered/sediment_sampling.csv,EMOBONList,mandatory
envo term error,sediment,sampling,env_material,22,lagoon [ENVO_00000038]; sediment [ENVO:00002007],envo term should be a list of URIs,/github/workspace/logsheets/filtered/sediment_sampling.csv,EMOBONList,mandatory
envo term error,sediment,sampling,env_material,23,lagoon [ENVO_00000038]; sediment [ENVO:00002007],envo term should be a list of URIs,/github/workspace/logsheets/filtered/sediment_sampling.csv,EMOBONList,mandatory
envo term error,sediment,sampling,env_material,24,lagoon [ENVO_00000038]; sediment [ENVO:00002007],envo term should be a list of URIs,/github/workspace/logsheets/filtered/sediment_sampling.csv,EMOBONList,mandatory
envo term error,sediment,sampling,env_material,26,lagoon [ENVO_00000038]; sediment [ENVO:00002007],envo term should be a list of URIs,/github/workspace/logsheets/filtered/sediment_sampling.csv,EMOBONList,mandatory
envo term error,sediment,sampling,env_material,27,lagoon [ENVO_00000038]; sediment [ENVO:00002007],envo term should be a list of URIs,/github/workspace/logsheets/filtered/sediment_sampling.csv,EMOBONList,mandatory
envo term error,sediment,sampling,env_material,28,lagoon [ENVO_00000038]; sediment [ENVO:00002007],envo term should be a list of URIs,/github/workspace/logsheets/filtered/sediment_sampling.csv,EMOBONList,mandatory
envo term error,sediment,sampling,env_material,29,lagoon [ENVO_00000038]; sediment [ENVO:00002007],envo term should be a list of URIs,/github/workspace/logsheets/filtered/sediment_sampling.csv,EMOBONList,mandatory
envo term error,sediment,sampling,env_material,31,lagoon [ENVO_00000038]; sediment [ENVO:00002007],envo term should be a list of URIs,/github/workspace/logsheets/filtered/sediment_sampling.csv,EMOBONList,mandatory
envo term error,sediment,sampling,env_material,32,lagoon [ENVO_00000038]; sediment [ENVO:00002007],envo term should be a list of URIs,/github/workspace/logsheets/filtered/sediment_sampling.csv,EMOBONList,mandatory
envo term error,sediment,sampling,env_material,33,lagoon [ENVO_00000038]; sediment [ENVO:00002007],envo term should be a list of URIs,/github/workspace/logsheets/filtered/sediment_sampling.csv,EMOBONList,mandatory
envo term error,sediment,sampling,env_material,34,lagoon [ENVO_00000038]; sediment [ENVO:00002007],envo term should be a list of URIs,/github/workspace/logsheets/filtered/sediment_sampling.csv,EMOBONList,mandatory
envo term error,sediment,sampling,env_material,36,lagoon [ENVO_00000038]; sediment [ENVO:00002007],envo term should be a list of URIs,/github/workspace/logsheets/filtered/sediment_sampling.csv,EMOBONList,mandatory
envo term error,sediment,sampling,env_material,37,lagoon [ENVO_00000038]; sediment [ENVO:00002007],envo term should be a list of URIs,/github/workspace/logsheets/filtered/sediment_sampling.csv,EMOBONList,mandatory
envo term error,sediment,sampling,env_material,38,lagoon [ENVO_00000038]; sediment [ENVO:00002007],envo term should be a list of URIs,/github/workspace/logsheets/filtered/sediment_sampling.csv,EMOBONList,mandatory
envo term error,sediment,sampling,env_material,39,lagoon [ENVO_00000038]; sediment [ENVO:00002007],envo term should be a list of URIs,/github/workspace/logsheets/filtered/sediment_sampling.csv,EMOBONList,mandatory
envo term error,sediment,sampling,env_material,41,lagoon [ENVO_00000038]; sediment [ENVO:00002007],envo term should be a list of URIs,/github/workspace/logsheets/filtered/sediment_sampling.csv,EMOBONList,mandatory
envo term error,sediment,sampling,env_material,42,lagoon [ENVO_00000038]; sediment [ENVO:00002007],envo term should be a list of URIs,/github/workspace/logsheets/filtered/sediment_sampling.csv,EMOBONList,mandatory
envo term error,sediment,sampling,env_material,43,lagoon [ENVO_00000038]; sediment [ENVO:00002007],envo term should be a list of URIs,/github/workspace/logsheets/filtered/sediment_sampling.csv,EMOBONList,mandatory
envo term error,sediment,sampling,env_material,44,lagoon [ENVO_00000038]; sediment [ENVO:00002007],envo term should be a list of URIs,/github/workspace/logsheets/filtered/sediment_sampling.csv,EMOBONList,mandatory
envo term error,water,sampling,env_material,1,lagoon [ENVO_00000038];marine water body [ENVO:00001999]; surface water [ENVO:00002042],envo term should be a list of URIs,/github/workspace/logsheets/filtered/water_sampling.csv,EMOBONList,mandatory
envo term error,water,sampling,env_material,2,lagoon [ENVO_00000038];marine water body [ENVO:00001999]; surface water [ENVO:00002042],envo term should be a list of URIs,/github/workspace/logsheets/filtered/water_sampling.csv,EMOBONList,mandatory
envo term error,water,sampling,env_material,3,lagoon [ENVO_00000038];marine water body [ENVO:00001999]; surface water [ENVO:00002042],envo term should be a list of URIs,/github/workspace/logsheets/filtered/water_sampling.csv,EMOBONList,mandatory
envo term error,water,sampling,env_material,4,lagoon [ENVO_00000038];marine water body [ENVO:00001999]; surface water [ENVO:00002042],envo term should be a list of URIs,/github/workspace/logsheets/filtered/water_sampling.csv,EMOBONList,mandatory
envo term error,water,sampling,env_material,5,lagoon [ENVO_00000038];marine water body [ENVO:00001999]; surface water [ENVO:00002042],envo term should be a list of URIs,/github/workspace/logsheets/filtered/water_sampling.csv,EMOBONList,mandatory
envo term error,water,sampling,env_material,6,lagoon [ENVO_00000038];marine water body [ENVO:00001999]; surface water [ENVO:00002042],envo term should be a list of URIs,/github/workspace/logsheets/filtered/water_sampling.csv,EMOBONList,mandatory
envo term error,water,sampling,env_material,7,lagoon [ENVO_00000038];marine water body [ENVO:00001999]; surface water [ENVO:00002042],envo term should be a list of URIs,/github/workspace/logsheets/filtered/water_sampling.csv,EMOBONList,mandatory
envo term error,water,sampling,env_material,8,lagoon [ENVO_00000038];marine water body [ENVO:00001999]; surface water [ENVO:00002042],envo term should be a list of URIs,/github/workspace/logsheets/filtered/water_sampling.csv,EMOBONList,mandatory
envo term error,water,sampling,env_material,9,lagoon [ENVO_00000038];marine water body [ENVO:00001999]; surface water [ENVO:00002042],envo term should be a list of URIs,/github/workspace/logsheets/filtered/water_sampling.csv,EMOBONList,mandatory
envo term error,water,sampling,env_material,10,lagoon [ENVO_00000038];marine water body [ENVO:00001999]; surface water [ENVO:00002042],envo term should be a list of URIs,/github/workspace/logsheets/filtered/water_sampling.csv,EMOBONList,mandatory
envo term error,water,sampling,env_material,11,lagoon [ENVO_00000038];marine water body [ENVO:00001999]; surface water [ENVO:00002042],envo term should be a list of URIs,/github/workspace/logsheets/filtered/water_sampling.csv,EMOBONList,mandatory
envo term error,water,sampling,env_material,12,lagoon [ENVO_00000038];marine water body [ENVO:00001999]; surface water [ENVO:00002042],envo term should be a list of URIs,/github/workspace/logsheets/filtered/water_sampling.csv,EMOBONList,mandatory
envo term error,water,sampling,env_material,13,lagoon [ENVO_00000038];marine water body [ENVO:00001999]; surface water [ENVO:00002042],envo term should be a list of URIs,/github/workspace/logsheets/filtered/water_sampling.csv,EMOBONList,mandatory
envo term error,water,sampling,env_material,14,lagoon [ENVO_00000038];marine water body [ENVO:00001999]; surface water [ENVO:00002042],envo term should be a list of URIs,/github/workspace/logsheets/filtered/water_sampling.csv,EMOBONList,mandatory
envo term error,water,sampling,env_material,15,lagoon [ENVO_00000038];marine water body [ENVO:00001999]; surface water [ENVO:00002042],envo term should be a list of URIs,/github/workspace/logsheets/filtered/water_sampling.csv,EMOBONList,mandatory
envo term error,water,sampling,env_material,16,lagoon [ENVO_00000038];marine water body [ENVO:00001999]; surface water [ENVO:00002042],envo term should be a list of URIs,/github/workspace/logsheets/filtered/water_sampling.csv,EMOBONList,mandatory
envo term error,water,sampling,env_material,17,lagoon [ENVO_00000038];marine water body [ENVO:00001999]; surface water [ENVO:00002042],envo term should be a list of URIs,/github/workspace/logsheets/filtered/water_sampling.csv,EMOBONList,mandatory
envo term error,water,sampling,env_material,18,lagoon [ENVO_00000038];marine water body [ENVO:00001999]; surface water [ENVO:00002042],envo term should be a list of URIs,/github/workspace/logsheets/filtered/water_sampling.csv,EMOBONList,mandatory
envo term error,water,sampling,env_material,19,lagoon [ENVO_00000038];marine water body [ENVO:00001999]; surface water [ENVO:00002042],envo term should be a list of URIs,/github/workspace/logsheets/filtered/water_sampling.csv,EMOBONList,mandatory
envo term error,water,sampling,env_material,20,lagoon [ENVO_00000038];marine water body [ENVO:00001999]; surface water [ENVO:00002042],envo term should be a list of URIs,/github/workspace/logsheets/filtered/water_sampling.csv,EMOBONList,mandatory
envo term error,water,sampling,env_material,21,lagoon [ENVO_00000038];marine water body [ENVO:00001999]; surface water [ENVO:00002042],envo term should be a list of URIs,/github/workspace/logsheets/filtered/water_sampling.csv,EMOBONList,mandatory
envo term error,water,sampling,env_material,22,lagoon [ENVO_00000038];marine water body [ENVO:00001999]; surface water [ENVO:00002042],envo term should be a list of URIs,/github/workspace/logsheets/filtered/water_sampling.csv,EMOBONList,mandatory
envo term error,water,sampling,env_material,23,lagoon [ENVO_00000038];marine water body [ENVO:00001999]; surface water [ENVO:00002042],envo term should be a list of URIs,/github/workspace/logsheets/filtered/water_sampling.csv,EMOBONList,mandatory
envo term error,water,sampling,env_material,24,lagoon [ENVO_00000038];marine water body [ENVO:00001999]; surface water [ENVO:00002042],envo term should be a list of URIs,/github/workspace/logsheets/filtered/water_sampling.csv,EMOBONList,mandatory
envo term error,water,sampling,env_material,25,lagoon [ENVO_00000038];marine water body [ENVO:00001999]; surface water [ENVO:00002042],envo term should be a list of URIs,/github/workspace/logsheets/filtered/water_sampling.csv,EMOBONList,mandatory
envo term error,water,sampling,env_material,26,lagoon [ENVO_00000038];marine water body [ENVO:00001999]; surface water [ENVO:00002042],envo term should be a list of URIs,/github/workspace/logsheets/filtered/water_sampling.csv,EMOBONList,mandatory
envo term error,water,sampling,env_material,27,lagoon [ENVO_00000038];marine water body [ENVO:00001999]; surface water [ENVO:00002042],envo term should be a list of URIs,/github/workspace/logsheets/filtered/water_sampling.csv,EMOBONList,mandatory
envo term error,water,sampling,env_material,28,lagoon [ENVO_00000038];marine water body [ENVO:00001999]; surface water [ENVO:00002042],envo term should be a list of URIs,/github/workspace/logsheets/filtered/water_sampling.csv,EMOBONList,mandatory
envo term error,water,sampling,env_material,29,lagoon [ENVO_00000038];marine water body [ENVO:00001999]; surface water [ENVO:00002042],envo term should be a list of URIs,/github/workspace/logsheets/filtered/water_sampling.csv,EMOBONList,mandatory
envo term error,water,sampling,env_material,30,lagoon [ENVO_00000038];marine water body [ENVO:00001999]; surface water [ENVO:00002042],envo term should be a list of URIs,/github/workspace/logsheets/filtered/water_sampling.csv,EMOBONList,mandatory
envo term error,water,sampling,env_material,31,lagoon [ENVO_00000038];marine water body [ENVO:00001999]; surface water [ENVO:00002042],envo term should be a list of URIs,/github/workspace/logsheets/filtered/water_sampling.csv,EMOBONList,mandatory
envo term error,water,sampling,env_material,32,lagoon [ENVO_00000038];marine water body [ENVO:00001999]; surface water [ENVO:00002042],envo term should be a list of URIs,/github/workspace/logsheets/filtered/water_sampling.csv,EMOBONList,mandatory
envo term error,water,sampling,env_material,33,lagoon [ENVO_00000038];marine water body [ENVO:00001999]; surface water [ENVO:00002042],envo term should be a list of URIs,/github/workspace/logsheets/filtered/water_sampling.csv,EMOBONList,mandatory
envo term error,water,sampling,env_material,34,lagoon [ENVO_00000038];marine water body [ENVO:00001999]; surface water [ENVO:00002042],envo term should be a list of URIs,/github/workspace/logsheets/filtered/water_sampling.csv,EMOBONList,mandatory
envo term error,water,sampling,env_material,35,lagoon [ENVO_00000038];marine water body [ENVO:00001999]; surface water [ENVO:00002042],envo term should be a list of URIs,/github/workspace/logsheets/filtered/water_sampling.csv,EMOBONList,mandatory
envo term error,water,sampling,env_material,36,lagoon [ENVO_00000038];marine water body [ENVO:00001999]; surface water [ENVO:00002042],envo term should be a list of URIs,/github/workspace/logsheets/filtered/water_sampling.csv,EMOBONList,mandatory
envo term error,water,sampling,env_material,37,lagoon [ENVO_00000038];marine water body [ENVO:00001999]; surface water [ENVO:00002042],envo term should be a list of URIs,/github/workspace/logsheets/filtered/water_sampling.csv,EMOBONList,mandatory
envo term error,water,sampling,env_material,38,lagoon [ENVO_00000038];marine water body [ENVO:00001999]; surface water [ENVO:00002042],envo term should be a list of URIs,/github/workspace/logsheets/filtered/water_sampling.csv,EMOBONList,mandatory
envo term error,water,sampling,env_material,39,lagoon [ENVO_00000038];marine water body [ENVO:00001999]; surface water [ENVO:00002042],envo term should be a list of URIs,/github/workspace/logsheets/filtered/water_sampling.csv,EMOBONList,mandatory
envo term error,water,sampling,env_material,40,lagoon [ENVO_00000038];marine water body [ENVO:00001999]; surface water [ENVO:00002042],envo term should be a list of URIs,/github/workspace/logsheets/filtered/water_sampling.csv,EMOBONList,mandatory
envo term error,water,sampling,env_material,41,lagoon [ENVO_00000038];marine water body [ENVO:00001999]; surface water [ENVO:00002042],envo term should be a list of URIs,/github/workspace/logsheets/filtered/water_sampling.csv,EMOBONList,mandatory
envo term error,water,sampling,env_material,42,lagoon [ENVO_00000038];marine water body [ENVO:00001999]; surface water [ENVO:00002042],envo term should be a list of URIs,/github/workspace/logsheets/filtered/water_sampling.csv,EMOBONList,mandatory
envo term error,water,sampling,env_material,43,lagoon [ENVO_00000038];marine water body [ENVO:00001999]; surface water [ENVO:00002042],envo term should be a list of URIs,/github/workspace/logsheets/filtered/water_sampling.csv,EMOBONList,mandatory
envo term error,water,sampling,env_material,44,lagoon [ENVO_00000038];marine water body [ENVO:00001999]; surface water [ENVO:00002042],envo term should be a list of URIs,/github/workspace/logsheets/filtered/water_sampling.csv,EMOBONList,mandatory
envo term error,water,sampling,env_material,45,lagoon [ENVO_00000038];marine water body [ENVO:00001999]; surface water [ENVO:00002042],envo term should be a list of URIs,/github/workspace/logsheets/filtered/water_sampling.csv,EMOBONList,mandatory
envo term error,water,sampling,env_material,46,lagoon [ENVO_00000038];marine water body [ENVO:00001999]; surface water [ENVO:00002042],envo term should be a list of URIs,/github/workspace/logsheets/filtered/water_sampling.csv,EMOBONList,mandatory
envo term error,water,sampling,env_material,47,lagoon [ENVO_00000038];marine water body [ENVO:00001999]; surface water [ENVO:00002042],envo term should be a list of URIs,/github/workspace/logsheets/filtered/water_sampling.csv,EMOBONList,mandatory
envo term error,water,sampling,env_material,48,lagoon [ENVO_00000038];marine water body [ENVO:00001999]; surface water [ENVO:00002042],envo term should be a list of URIs,/github/workspace/logsheets/filtered/water_sampling.csv,EMOBONList,mandatory
envo term error,water,sampling,env_material,49,lagoon [ENVO_00000038];marine water body [ENVO:00001999]; surface water [ENVO:00002042],envo term should be a list of URIs,/github/workspace/logsheets/filtered/water_sampling.csv,EMOBONList,mandatory
envo term error,water,sampling,env_material,50,lagoon [ENVO_00000038];marine water body [ENVO:00001999]; surface water [ENVO:00002042],envo term should be a list of URIs,/github/workspace/logsheets/filtered/water_sampling.csv,EMOBONList,mandatory
envo term error,water,sampling,env_material,51,lagoon [ENVO_00000038];marine water body [ENVO:00001999]; surface water [ENVO:00002042],envo term should be a list of URIs,/github/workspace/logsheets/filtered/water_sampling.csv,EMOBONList,mandatory
envo term error,water,sampling,env_material,52,lagoon [ENVO_00000038];marine water body [ENVO:00001999]; surface water [ENVO:00002042],envo term should be a list of URIs,/github/workspace/logsheets/filtered/water_sampling.csv,EMOBONList,mandatory
envo term error,water,sampling,env_material,53,lagoon [ENVO_00000038];marine water body [ENVO:00001999]; surface water [ENVO:00002042],envo term should be a list of URIs,/github/workspace/logsheets/filtered/water_sampling.csv,EMOBONList,mandatory
envo term error,water,sampling,env_material,54,lagoon [ENVO_00000038];marine water body [ENVO:00001999]; surface water [ENVO:00002042],envo term should be a list of URIs,/github/workspace/logsheets/filtered/water_sampling.csv,EMOBONList,mandatory
envo term error,water,sampling,env_material,55,lagoon [ENVO_00000038];marine water body [ENVO:00001999]; surface water [ENVO:00002042],envo term should be a list of URIs,/github/workspace/logsheets/filtered/water_sampling.csv,EMOBONList,mandatory
envo term error,water,sampling,env_material,56,lagoon [ENVO_00000038];marine water body [ENVO:00001999]; surface water [ENVO:00002042],envo term should be a list of URIs,/github/workspace/logsheets/filtered/water_sampling.csv,EMOBONList,mandatory
envo term error,water,sampling,env_material,57,lagoon [ENVO_00000038];marine water body [ENVO:00001999]; surface water [ENVO:00002042],envo term should be a list of URIs,/github/workspace/logsheets/filtered/water_sampling.csv,EMOBONList,mandatory
envo term error,water,sampling,env_material,58,lagoon [ENVO_00000038];marine water body [ENVO:00001999]; surface water [ENVO:00002042],envo term should be a list of URIs,/github/workspace/logsheets/filtered/water_sampling.csv,EMOBONList,mandatory
envo term error,water,sampling,env_material,59,lagoon [ENVO_00000038];marine water body [ENVO:00001999]; surface water [ENVO:00002042],envo term should be a list of URIs,/github/workspace/logsheets/filtered/water_sampling.csv,EMOBONList,mandatory
envo term error,water,sampling,env_material,60,lagoon [ENVO_00000038];marine water body [ENVO:00001999]; surface water [ENVO:00002042],envo term should be a list of URIs,/github/workspace/logsheets/filtered/water_sampling.csv,EMOBONList,mandatory
envo term error,water,sampling,env_material,61,lagoon [ENVO_00000038];marine water body [ENVO:00001999]; surface water [ENVO:00002042],envo term should be a list of URIs,/github/workspace/logsheets/filtered/water_sampling.csv,EMOBONList,mandatory
envo term error,water,sampling,env_material,62,lagoon [ENVO_00000038];marine water body [ENVO:00001999]; surface water [ENVO:00002042],envo term should be a list of URIs,/github/workspace/logsheets/filtered/water_sampling.csv,EMOBONList,mandatory
envo term error,water,sampling,env_material,63,lagoon [ENVO_00000038];marine water body [ENVO:00001999]; surface water [ENVO:00002042],envo term should be a list of URIs,/github/workspace/logsheets/filtered/water_sampling.csv,EMOBONList,mandatory
envo term error,water,sampling,env_material,64,lagoon [ENVO_00000038];marine water body [ENVO:00001999]; surface water [ENVO:00002042],envo term should be a list of URIs,/github/workspace/logsheets/filtered/water_sampling.csv,EMOBONList,mandatory
envo term error,water,sampling,env_material,65,lagoon [ENVO_00000038];marine water body [ENVO:00001999]; surface water [ENVO:00002042],envo term should be a list of URIs,/github/workspace/logsheets/filtered/water_sampling.csv,EMOBONList,mandatory
envo term error,water,sampling,env_material,66,lagoon [ENVO_00000038];marine water body [ENVO:00001999]; surface water [ENVO:00002042],envo term should be a list of URIs,/github/workspace/logsheets/filtered/water_sampling.csv,EMOBONList,mandatory
envo term error,water,sampling,env_material,67,lagoon [ENVO_00000038];marine water body [ENVO:00001999]; surface water [ENVO:00002042],envo term should be a list of URIs,/github/workspace/logsheets/filtered/water_sampling.csv,EMOBONList,mandatory
envo term error,water,sampling,env_material,68,lagoon [ENVO_00000038];marine water body [ENVO:00001999]; surface water [ENVO:00002042],envo term should be a list of URIs,/github/workspace/logsheets/filtered/water_sampling.csv,EMOBONList,mandatory
envo term error,water,sampling,env_material,69,lagoon [ENVO_00000038];marine water body [ENVO:00001999]; surface water [ENVO:00002042],envo term should be a list of URIs,/github/workspace/logsheets/filtered/water_sampling.csv,EMOBONList,mandatory
envo term error,water,sampling,env_material,70,lagoon [ENVO_00000038];marine water body [ENVO:00001999]; surface water [ENVO:00002042],envo term should be a list of URIs,/github/workspace/logsheets/filtered/water_sampling.csv,EMOBONList,mandatory
envo term error,water,sampling,env_material,71,lagoon [ENVO_00000038];marine water body [ENVO:00001999]; surface water [ENVO:00002042],envo term should be a list of URIs,/github/workspace/logsheets/filtered/water_sampling.csv,EMOBONList,mandatory
envo term error,water,sampling,env_material,72,lagoon [ENVO_00000038];marine water body [ENVO:00001999]; surface water [ENVO:00002042],envo term should be a list of URIs,/github/workspace/logsheets/filtered/water_sampling.csv,EMOBONList,mandatory
envo term error,water,sampling,env_material,73,lagoon [ENVO_00000038];marine water body [ENVO:00001999]; surface water [ENVO:00002042],envo term should be a list of URIs,/github/workspace/logsheets/filtered/water_sampling.csv,EMOBONList,mandatory
envo term error,water,sampling,env_material,74,lagoon [ENVO_00000038];marine water body [ENVO:00001999]; surface water [ENVO:00002042],envo term should be a list of URIs,/github/workspace/logsheets/filtered/water_sampling.csv,EMOBONList,mandatory
envo term error,water,sampling,env_material,75,lagoon [ENVO_00000038];marine water body [ENVO:00001999]; surface water [ENVO:00002042],envo term should be a list of URIs,/github/workspace/logsheets/filtered/water_sampling.csv,EMOBONList,mandatory
envo term error,water,sampling,env_material,76,lagoon [ENVO_00000038];marine water body [ENVO:00001999]; surface water [ENVO:00002042],envo term should be a list of URIs,/github/workspace/logsheets/filtered/water_sampling.csv,EMOBONList,mandatory
envo term error,water,sampling,env_material,77,lagoon [ENVO_00000038];marine water body [ENVO:00001999]; surface water [ENVO:00002042],envo term should be a list of URIs,/github/workspace/logsheets/filtered/water_sampling.csv,EMOBONList,mandatory
envo term error,water,sampling,env_material,78,lagoon [ENVO_00000038];marine water body [ENVO:00001999]; surface water [ENVO:00002042],envo term should be a list of URIs,/github/workspace/logsheets/filtered/water_sampling.csv,EMOBONList,mandatory
envo term error,water,sampling,env_material,79,lagoon [ENVO_00000038];marine water body [ENVO:00001999]; surface water [ENVO:00002042],envo term should be a list of URIs,/github/workspace/logsheets/filtered/water_sampling.csv,EMOBONList,mandatory
envo term error,water,sampling,env_material,80,lagoon [ENVO_00000038];marine water body [ENVO:00001999]; surface water [ENVO:00002042],envo term should be a list of URIs,/github/workspace/logsheets/filtered/water_sampling.csv,EMOBONList,mandatory
envo term error,water,sampling,env_material,81,lagoon [ENVO_00000038];marine water body [ENVO:00001999]; surface water [ENVO:00002042],envo term should be a list of URIs,/github/workspace/logsheets/filtered/water_sampling.csv,EMOBONList,mandatory
envo term error,water,sampling,env_material,82,lagoon [ENVO_00000038];marine water body [ENVO:00001999]; surface water [ENVO:00002042],envo term should be a list of URIs,/github/workspace/logsheets/filtered/water_sampling.csv,EMOBONList,mandatory
envo term error,water,sampling,env_material,83,lagoon [ENVO_00000038];marine water body [ENVO:00001999]; surface water [ENVO:00002042],envo term should be a list of URIs,/github/workspace/logsheets/filtered/water_sampling.csv,EMOBONList,mandatory
envo term error,water,sampling,env_material,84,lagoon [ENVO_00000038];marine water body [ENVO:00001999]; surface water [ENVO:00002042],envo term should be a list of URIs,/github/workspace/logsheets/filtered/water_sampling.csv,EMOBONList,mandatory
envo term error,water,sampling,env_material,85,lagoon [ENVO_00000038];marine water body [ENVO:00001999]; surface water [ENVO:00002042],envo term should be a list of URIs,/github/workspace/logsheets/filtered/water_sampling.csv,EMOBONList,mandatory
envo term error,water,sampling,env_material,86,lagoon [ENVO_00000038];marine water body [ENVO:00001999]; surface water [ENVO:00002042],envo term should be a list of URIs,/github/workspace/logsheets/filtered/water_sampling.csv,EMOBONList,mandatory
envo term error,water,sampling,env_material,87,lagoon [ENVO_00000038];marine water body [ENVO:00001999]; surface water [ENVO:00002042],envo term should be a list of URIs,/github/workspace/logsheets/filtered/water_sampling.csv,EMOBONList,mandatory
envo term error,water,sampling,env_material,88,lagoon [ENVO_00000038];marine water body [ENVO:00001999]; surface water [ENVO:00002042],envo term should be a list of URIs,/github/workspace/logsheets/filtered/water_sampling.csv,EMOBONList,mandatory
envo term error,water,sampling,env_material,89,lagoon [ENVO_00000038];marine water body [ENVO:00001999]; surface water [ENVO:00002042],envo term should be a list of URIs,/github/workspace/logsheets/filtered/water_sampling.csv,EMOBONList,mandatory
envo term error,water,sampling,env_material,90,lagoon [ENVO_00000038];marine water body [ENVO:00001999]; surface water [ENVO:00002042],envo term should be a list of URIs,/github/workspace/logsheets/filtered/water_sampling.csv,EMOBONList,mandatory
source_mat_id error,sediment,sampling,source_mat_id,1,EMOBON_RFormosa_So_1,source_mat_id should match ^EMOBON_RFormosa_So_210805_micro_1$,/github/workspace/logsheets/filtered/sediment_sampling.csv,XSDString,mandatory
source_mat_id error,sediment,sampling,source_mat_id,2,EMOBON_RFormosa_So_2,source_mat_id should match ^EMOBON_RFormosa_So_210805_micro_2$,/github/workspace/logsheets/filtered/sediment_sampling.csv,XSDString,mandatory
source_mat_id error,sediment,sampling,source_mat_id,3,EMOBON_RFormosa_So_3,source_mat_id should match ^EMOBON_RFormosa_So_210805_micro_3$,/github/workspace/logsheets/filtered/sediment_sampling.csv,XSDString,mandatory
source_mat_id error,sediment,sampling,source_mat_id,4,EMOBON_RFormosa_So_4,source_mat_id should match ^EMOBON_RFormosa_So_210805_micro_4$,/github/workspace/logsheets/filtered/sediment_sampling.csv,XSDString,mandatory
source_mat_id error,sediment,sampling,source_mat_id,5,EMOBON_RFormosa_So_5,source_mat_id should match ^EMOBON_RFormosa_So_210805_micro_blank_1$,/github/workspace/logsheets/filtered/sediment_sampling.csv,XSDString,mandatory
source_mat_id error,sediment,sampling,source_mat_id,6,EMOBON_RFormosa_So_6,source_mat_id should match ^EMOBON_RFormosa_So_211022_micro_1$,/github/workspace/logsheets/filtered/sediment_sampling.csv,XSDString,mandatory
source_mat_id error,sediment,sampling,source_mat_id,7,EMOBON_RFormosa_So_7,source_mat_id should match ^EMOBON_RFormosa_So_211022_micro_2$,/github/workspace/logsheets/filtered/sediment_sampling.csv,XSDString,mandatory
source_mat_id error,sediment,sampling,source_mat_id,8,EMOBON_RFormosa_So_8,source_mat_id should match ^EMOBON_RFormosa_So_211022_micro_3$,/github/workspace/logsheets/filtered/sediment_sampling.csv,XSDString,mandatory
source_mat_id error,sediment,sampling,source_mat_id,9,EMOBON_RFormosa_So_9,source_mat_id should match ^EMOBON_RFormosa_So_211022_micro_4$,/github/workspace/logsheets/filtered/sediment_sampling.csv,XSDString,mandatory
source_mat_id error,sediment,sampling,source_mat_id,10,EMOBON_RFormosa_So_10,source_mat_id should match ^EMOBON_RFormosa_So_211022_micro_blank_1$,/github/workspace/logsheets/filtered/sediment_sampling.csv,XSDString,mandatory
source_mat_id error,sediment,sampling,source_mat_id,11,EMOBON_RFormosa_So_11,source_mat_id should match ^EMOBON_RFormosa_So_211220_micro_1$,/github/workspace/logsheets/filtered/sediment_sampling.csv,XSDString,mandatory
source_mat_id error,sediment,sampling,source_mat_id,12,EMOBON_RFormosa_So_12,source_mat_id should match ^EMOBON_RFormosa_So_211220_micro_2$,/github/workspace/logsheets/filtered/sediment_sampling.csv,XSDString,mandatory
source_mat_id error,sediment,sampling,source_mat_id,13,EMOBON_RFormosa_So_13,source_mat_id should match ^EMOBON_RFormosa_So_211220_micro_3$,/github/workspace/logsheets/filtered/sediment_sampling.csv,XSDString,mandatory
source_mat_id error,sediment,sampling,source_mat_id,14,EMOBON_RFormosa_So_14,source_mat_id should match ^EMOBON_RFormosa_So_211220_micro_4$,/github/workspace/logsheets/filtered/sediment_sampling.csv,XSDString,mandatory
source_mat_id error,sediment,sampling,source_mat_id,15,EMOBON_RFormosa_So_15,source_mat_id should match ^EMOBON_RFormosa_So_211220_micro_blank_1$,/github/workspace/logsheets/filtered/sediment_sampling.csv,XSDString,mandatory
source_mat_id error,sediment,sampling,source_mat_id,16,EMOBON_RFormosa_So_16,source_mat_id should match ^EMOBON_RFormosa_So_220224_micro_1$,/github/workspace/logsheets/filtered/sediment_sampling.csv,XSDString,mandatory
source_mat_id error,sediment,sampling,source_mat_id,17,EMOBON_RFormosa_So_17,source_mat_id should match ^EMOBON_RFormosa_So_220224_micro_2$,/github/workspace/logsheets/filtered/sediment_sampling.csv,XSDString,mandatory
source_mat_id error,sediment,sampling,source_mat_id,18,EMOBON_RFormosa_So_18,source_mat_id should match ^EMOBON_RFormosa_So_220224_micro_3$,/github/workspace/logsheets/filtered/sediment_sampling.csv,XSDString,mandatory
source_mat_id error,sediment,sampling,source_mat_id,19,EMOBON_RFormosa_So_19,source_mat_id should match ^EMOBON_RFormosa_So_220224_micro_4$,/github/workspace/logsheets/filtered/sediment_sampling.csv,XSDString,mandatory
source_mat_id error,sediment,sampling,source_mat_id,20,EMOBON_RFormosa_So_20,source_mat_id should match ^EMOBON_RFormosa_So_220224_micro_blank_1$,/github/workspace/logsheets/filtered/sediment_sampling.csv,XSDString,mandatory
source_mat_id error,sediment,sampling,source_mat_id,21,EMOBON_RFormosa_So_21,source_mat_id should match ^EMOBON_RFormosa_So_220428_micro_1$,/github/workspace/logsheets/filtered/sediment_sampling.csv,XSDString,mandatory
source_mat_id error,sediment,sampling,source_mat_id,22,EMOBON_RFormosa_So_22,source_mat_id should match ^EMOBON_RFormosa_So_220428_micro_2$,/github/workspace/logsheets/filtered/sediment_sampling.csv,XSDString,mandatory
source_mat_id error,sediment,sampling,source_mat_id,23,EMOBON_RFormosa_So_23,source_mat_id should match ^EMOBON_RFormosa_So_220428_micro_3$,/github/workspace/logsheets/filtered/sediment_sampling.csv,XSDString,mandatory
source_mat_id error,sediment,sampling,source_mat_id,24,EMOBON_RFormosa_So_24,source_mat_id should match ^EMOBON_RFormosa_So_220428_micro_4$,/github/workspace/logsheets/filtered/sediment_sampling.csv,XSDString,mandatory
source_mat_id error,sediment,sampling,source_mat_id,25,EMOBON_RFormosa_So_25,source_mat_id should match ^EMOBON_RFormosa_So_220428_micro_blank_1$,/github/workspace/logsheets/filtered/sediment_sampling.csv,XSDString,mandatory
source_mat_id error,sediment,sampling,source_mat_id,26,EMOBON_RFormosa_So_26,source_mat_id should match ^EMOBON_RFormosa_So_220629_micro_1$,/github/workspace/logsheets/filtered/sediment_sampling.csv,XSDString,mandatory
source_mat_id error,sediment,sampling,source_mat_id,27,EMOBON_RFormosa_So_27,source_mat_id should match ^EMOBON_RFormosa_So_220629_micro_2$,/github/workspace/logsheets/filtered/sediment_sampling.csv,XSDString,mandatory
source_mat_id error,sediment,sampling,source_mat_id,28,EMOBON_RFormosa_So_28,source_mat_id should match ^EMOBON_RFormosa_So_220629_micro_3$,/github/workspace/logsheets/filtered/sediment_sampling.csv,XSDString,mandatory
source_mat_id error,sediment,sampling,source_mat_id,29,EMOBON_RFormosa_So_29,source_mat_id should match ^EMOBON_RFormosa_So_220629_micro_4$,/github/workspace/logsheets/filtered/sediment_sampling.csv,XSDString,mandatory
source_mat_id error,sediment,sampling,source_mat_id,30,EMOBON_RFormosa_So_30,source_mat_id should match ^EMOBON_RFormosa_So_220629_micro_blank_1$,/github/workspace/logsheets/filtered/sediment_sampling.csv,XSDString,mandatory
source_mat_id error,sediment,sampling,source_mat_id,31,EMOBON_RFormosa_So_31,source_mat_id should match ^EMOBON_RFormosa_So_220909_micro_1$,/github/workspace/logsheets/filtered/sediment_sampling.csv,XSDString,mandatory
source_mat_id error,sediment,sampling,source_mat_id,32,EMOBON_RFormosa_So_32,source_mat_id should match ^EMOBON_RFormosa_So_220909_micro_2$,/github/workspace/logsheets/filtered/sediment_sampling.csv,XSDString,mandatory
source_mat_id error,sediment,sampling,source_mat_id,33,EMOBON_RFormosa_So_33,source_mat_id should match ^EMOBON_RFormosa_So_220909_micro_3$,/github/workspace/logsheets/filtered/sediment_sampling.csv,XSDString,mandatory
source_mat_id error,sediment,sampling,source_mat_id,34,EMOBON_RFormosa_So_34,source_mat_id should match ^EMOBON_RFormosa_So_220909_micro_4$,/github/workspace/logsheets/filtered/sediment_sampling.csv,XSDString,mandatory
source_mat_id error,sediment,sampling,source_mat_id,35,EMOBON_RFormosa_So_35,source_mat_id should match ^EMOBON_RFormosa_So_220909_micro_blank_1$,/github/workspace/logsheets/filtered/sediment_sampling.csv,XSDString,mandatory
source_mat_id error,sediment,sampling,source_mat_id,36,EMOBON_RFormosa_So_36,source_mat_id should match ^EMOBON_RFormosa_So_221021_micro_1$,/github/workspace/logsheets/filtered/sediment_sampling.csv,XSDString,mandatory
source_mat_id error,sediment,sampling,source_mat_id,37,EMOBON_RFormosa_So_37,source_mat_id should match ^EMOBON_RFormosa_So_221021_micro_2$,/github/workspace/logsheets/filtered/sediment_sampling.csv,XSDString,mandatory
source_mat_id error,sediment,sampling,source_mat_id,38,EMOBON_RFormosa_So_38,source_mat_id should match ^EMOBON_RFormosa_So_221021_micro_3$,/github/workspace/logsheets/filtered/sediment_sampling.csv,XSDString,mandatory
source_mat_id error,sediment,sampling,source_mat_id,39,EMOBON_RFormosa_So_39,source_mat_id should match ^EMOBON_RFormosa_So_221021_micro_4$,/github/workspace/logsheets/filtered/sediment_sampling.csv,XSDString,mandatory
source_mat_id error,sediment,sampling,source_mat_id,40,EMOBON_RFormosa_So_40,source_mat_id should match ^EMOBON_RFormosa_So_221021_micro_blank_1$,/github/workspace/logsheets/filtered/sediment_sampling.csv,XSDString,mandatory
source_mat_id error,sediment,sampling,source_mat_id,41,EMOBON_RFormosa_So_41,source_mat_id should match ^EMOBON_RFormosa_So_221216_micro_1$,/github/workspace/logsheets/filtered/sediment_sampling.csv,XSDString,mandatory
source_mat_id error,sediment,sampling,source_mat_id,42,EMOBON_RFormosa_So_42,source_mat_id should match ^EMOBON_RFormosa_So_221216_micro_2$,/github/workspace/logsheets/filtered/sediment_sampling.csv,XSDString,mandatory
source_mat_id error,sediment,sampling,source_mat_id,43,EMOBON_RFormosa_So_43,source_mat_id should match ^EMOBON_RFormosa_So_221216_micro_3$,/github/workspace/logsheets/filtered/sediment_sampling.csv,XSDString,mandatory
source_mat_id error,sediment,sampling,source_mat_id,44,EMOBON_RFormosa_So_44,source_mat_id should match ^EMOBON_RFormosa_So_221216_micro_4$,/github/workspace/logsheets/filtered/sediment_sampling.csv,XSDString,mandatory
source_mat_id error,sediment,sampling,source_mat_id,45,EMOBON_RFormosa_So_45,source_mat_id should match ^EMOBON_RFormosa_So_221216_micro_blank_1$,/github/workspace/logsheets/filtered/sediment_sampling.csv,XSDString,mandatory
source_mat_id error,sediment,sampling,source_mat_id,116,EMOBON_RFormosa_So_116,source_mat_id should match ^EMOBON_RFormosa_So___$,/github/workspace/logsheets/filtered/sediment_sampling.csv,XSDString,mandatory
source_mat_id error,sediment,sampling,source_mat_id,117,EMOBON_RFormosa_So_117,source_mat_id should match ^EMOBON_RFormosa_So___$,/github/workspace/logsheets/filtered/sediment_sampling.csv,XSDString,mandatory
source_mat_id error,sediment,sampling,source_mat_id,118,EMOBON_RFormosa_So_118,source_mat_id should match ^EMOBON_RFormosa_So___$,/github/workspace/logsheets/filtered/sediment_sampling.csv,XSDString,mandatory
source_mat_id error,sediment,sampling,source_mat_id,119,EMOBON_RFormosa_So_119,source_mat_id should match ^EMOBON_RFormosa_So___$,/github/workspace/logsheets/filtered/sediment_sampling.csv,XSDString,mandatory
source_mat_id error,sediment,sampling,source_mat_id,120,EMOBON_RFormosa_So_120,source_mat_id should match ^EMOBON_RFormosa_So___$,/github/workspace/logsheets/filtered/sediment_sampling.csv,XSDString,mandatory
source_mat_id error,sediment,sampling,source_mat_id,121,EMOBON_RFormosa_So_121,source_mat_id should match ^EMOBON_RFormosa_So___$,/github/workspace/logsheets/filtered/sediment_sampling.csv,XSDString,mandatory
source_mat_id error,sediment,sampling,source_mat_id,122,EMOBON_RFormosa_So_122,source_mat_id should match ^EMOBON_RFormosa_So___$,/github/workspace/logsheets/filtered/sediment_sampling.csv,XSDString,mandatory
source_mat_id error,sediment,sampling,source_mat_id,123,EMOBON_RFormosa_So_123,source_mat_id should match ^EMOBON_RFormosa_So___$,/github/workspace/logsheets/filtered/sediment_sampling.csv,XSDString,mandatory
source_mat_id error,sediment,sampling,source_mat_id,124,EMOBON_RFormosa_So_124,source_mat_id should match ^EMOBON_RFormosa_So___$,/github/workspace/logsheets/filtered/sediment_sampling.csv,XSDString,mandatory
source_mat_id error,sediment,sampling,source_mat_id,125,EMOBON_RFormosa_So_125,source_mat_id should match ^EMOBON_RFormosa_So___$,/github/workspace/logsheets/filtered/sediment_sampling.csv,XSDString,mandatory
source_mat_id error,sediment,sampling,source_mat_id,126,EMOBON_RFormosa_So_126,source_mat_id should match ^EMOBON_RFormosa_So___$,/github/workspace/logsheets/filtered/sediment_sampling.csv,XSDString,mandatory
source_mat_id error,sediment,sampling,source_mat_id,127,EMOBON_RFormosa_So_127,source_mat_id should match ^EMOBON_RFormosa_So___$,/github/workspace/logsheets/filtered/sediment_sampling.csv,XSDString,mandatory
source_mat_id error,water,sampling,source_mat_id,1,EMOBON_RFormosa_Wa_1,source_mat_id should match ^EMOBON_RFormosa_Wa_210805_200um_1$,/github/workspace/logsheets/filtered/water_sampling.csv,XSDString,mandatory
source_mat_id error,water,sampling,source_mat_id,2,EMOBON_RFormosa_Wa_2,source_mat_id should match ^EMOBON_RFormosa_Wa_210805_200um_2$,/github/workspace/logsheets/filtered/water_sampling.csv,XSDString,mandatory
source_mat_id error,water,sampling,source_mat_id,3,EMOBON_RFormosa_Wa_3,source_mat_id should match ^EMOBON_RFormosa_Wa_210805_200um_3$,/github/workspace/logsheets/filtered/water_sampling.csv,XSDString,mandatory
source_mat_id error,water,sampling,source_mat_id,4,EMOBON_RFormosa_Wa_4,source_mat_id should match ^EMOBON_RFormosa_Wa_210805_200um_4$,/github/workspace/logsheets/filtered/water_sampling.csv,XSDString,mandatory
source_mat_id error,water,sampling,source_mat_id,5,EMOBON_RFormosa_Wa_5,source_mat_id should match ^EMOBON_RFormosa_Wa_210805_3um_1$,/github/workspace/logsheets/filtered/water_sampling.csv,XSDString,mandatory
source_mat_id error,water,sampling,source_mat_id,6,EMOBON_RFormosa_Wa_6,source_mat_id should match ^EMOBON_RFormosa_Wa_210805_3um_2$,/github/workspace/logsheets/filtered/water_sampling.csv,XSDString,mandatory
source_mat_id error,water,sampling,source_mat_id,7,EMOBON_RFormosa_Wa_7,source_mat_id should match ^EMOBON_RFormosa_Wa_210805_3um_3$,/github/workspace/logsheets/filtered/water_sampling.csv,XSDString,mandatory
source_mat_id error,water,sampling,source_mat_id,8,EMOBON_RFormosa_Wa_8,source_mat_id should match ^EMOBON_RFormosa_Wa_210805_3um_4$,/github/workspace/logsheets/filtered/water_sampling.csv,XSDString,mandatory
source_mat_id error,water,sampling,source_mat_id,9,EMOBON_RFormosa_Wa_9,source_mat_id should match ^EMOBON_RFormosa_Wa_210805_200um_blank_1$,/github/workspace/logsheets/filtered/water_sampling.csv,XSDString,mandatory
source_mat_id error,water,sampling,source_mat_id,10,EMOBON_RFormosa_Wa_10,source_mat_id should match ^EMOBON_RFormosa_Wa_210805_3um_blank_1$,/github/workspace/logsheets/filtered/water_sampling.csv,XSDString,mandatory
source_mat_id error,water,sampling,source_mat_id,11,EMOBON_RFormosa_Wa_11,source_mat_id should match ^EMOBON_RFormosa_Wa_211022_200um_1$,/github/workspace/logsheets/filtered/water_sampling.csv,XSDString,mandatory
source_mat_id error,water,sampling,source_mat_id,12,EMOBON_RFormosa_Wa_12,source_mat_id should match ^EMOBON_RFormosa_Wa_211022_200um_2$,/github/workspace/logsheets/filtered/water_sampling.csv,XSDString,mandatory
source_mat_id error,water,sampling,source_mat_id,13,EMOBON_RFormosa_Wa_13,source_mat_id should match ^EMOBON_RFormosa_Wa_211022_200um_3$,/github/workspace/logsheets/filtered/water_sampling.csv,XSDString,mandatory
source_mat_id error,water,sampling,source_mat_id,14,EMOBON_RFormosa_Wa_14,source_mat_id should match ^EMOBON_RFormosa_Wa_211022_200um_4$,/github/workspace/logsheets/filtered/water_sampling.csv,XSDString,mandatory
source_mat_id error,water,sampling,source_mat_id,15,EMOBON_RFormosa_Wa_15,source_mat_id should match ^EMOBON_RFormosa_Wa_211022_3um_1$,/github/workspace/logsheets/filtered/water_sampling.csv,XSDString,mandatory
source_mat_id error,water,sampling,source_mat_id,16,EMOBON_RFormosa_Wa_16,source_mat_id should match ^EMOBON_RFormosa_Wa_211022_3um_2$,/github/workspace/logsheets/filtered/water_sampling.csv,XSDString,mandatory
source_mat_id error,water,sampling,source_mat_id,17,EMOBON_RFormosa_Wa_17,source_mat_id should match ^EMOBON_RFormosa_Wa_211022_3um_3$,/github/workspace/logsheets/filtered/water_sampling.csv,XSDString,mandatory
source_mat_id error,water,sampling,source_mat_id,18,EMOBON_RFormosa_Wa_18,source_mat_id should match ^EMOBON_RFormosa_Wa_211022_3um_4$,/github/workspace/logsheets/filtered/water_sampling.csv,XSDString,mandatory
source_mat_id error,water,sampling,source_mat_id,19,EMOBON_RFormosa_Wa_19,source_mat_id should match ^EMOBON_RFormosa_Wa_211022_200um_blank_1$,/github/workspace/logsheets/filtered/water_sampling.csv,XSDString,mandatory
source_mat_id error,water,sampling,source_mat_id,20,EMOBON_RFormosa_Wa_20,source_mat_id should match ^EMOBON_RFormosa_Wa_211022_3um_blank_1$,/github/workspace/logsheets/filtered/water_sampling.csv,XSDString,mandatory
source_mat_id error,water,sampling,source_mat_id,21,EMOBON_RFormosa_Wa_21,source_mat_id should match ^EMOBON_RFormosa_Wa_211220_200um_1$,/github/workspace/logsheets/filtered/water_sampling.csv,XSDString,mandatory
source_mat_id error,water,sampling,source_mat_id,22,EMOBON_RFormosa_Wa_22,source_mat_id should match ^EMOBON_RFormosa_Wa_211220_200um_2$,/github/workspace/logsheets/filtered/water_sampling.csv,XSDString,mandatory
source_mat_id error,water,sampling,source_mat_id,23,EMOBON_RFormosa_Wa_23,source_mat_id should match ^EMOBON_RFormosa_Wa_211220_200um_3$,/github/workspace/logsheets/filtered/water_sampling.csv,XSDString,mandatory
source_mat_id error,water,sampling,source_mat_id,24,EMOBON_RFormosa_Wa_24,source_mat_id should match ^EMOBON_RFormosa_Wa_211220_200um_4$,/github/workspace/logsheets/filtered/water_sampling.csv,XSDString,mandatory
source_mat_id error,water,sampling,source_mat_id,25,EMOBON_RFormosa_Wa_25,source_mat_id should match ^EMOBON_RFormosa_Wa_211220_3um_1$,/github/workspace/logsheets/filtered/water_sampling.csv,XSDString,mandatory
source_mat_id error,water,sampling,source_mat_id,26,EMOBON_RFormosa_Wa_26,source_mat_id should match ^EMOBON_RFormosa_Wa_211220_3um_2$,/github/workspace/logsheets/filtered/water_sampling.csv,XSDString,mandatory
source_mat_id error,water,sampling,source_mat_id,27,EMOBON_RFormosa_Wa_27,source_mat_id should match ^EMOBON_RFormosa_Wa_211220_3um_3$,/github/workspace/logsheets/filtered/water_sampling.csv,XSDString,mandatory
source_mat_id error,water,sampling,source_mat_id,28,EMOBON_RFormosa_Wa_28,source_mat_id should match ^EMOBON_RFormosa_Wa_211220_3um_4$,/github/workspace/logsheets/filtered/water_sampling.csv,XSDString,mandatory
source_mat_id error,water,sampling,source_mat_id,29,EMOBON_RFormosa_Wa_29,source_mat_id should match ^EMOBON_RFormosa_Wa_211220_200um_blank_1$,/github/workspace/logsheets/filtered/water_sampling.csv,XSDString,mandatory
source_mat_id error,water,sampling,source_mat_id,30,EMOBON_RFormosa_Wa_30,source_mat_id should match ^EMOBON_RFormosa_Wa_211220_3um_blank_1$,/github/workspace/logsheets/filtered/water_sampling.csv,XSDString,mandatory
source_mat_id error,water,sampling,source_mat_id,31,EMOBON_RFormosa_Wa_31,source_mat_id should match ^EMOBON_RFormosa_Wa_220224_200um_1$,/github/workspace/logsheets/filtered/water_sampling.csv,XSDString,mandatory
source_mat_id error,water,sampling,source_mat_id,32,EMOBON_RFormosa_Wa_32,source_mat_id should match ^EMOBON_RFormosa_Wa_220224_200um_2$,/github/workspace/logsheets/filtered/water_sampling.csv,XSDString,mandatory
source_mat_id error,water,sampling,source_mat_id,33,EMOBON_RFormosa_Wa_33,source_mat_id should match ^EMOBON_RFormosa_Wa_220224_200um_3$,/github/workspace/logsheets/filtered/water_sampling.csv,XSDString,mandatory
source_mat_id error,water,sampling,source_mat_id,34,EMOBON_RFormosa_Wa_34,source_mat_id should match ^EMOBON_RFormosa_Wa_220224_200um_4$,/github/workspace/logsheets/filtered/water_sampling.csv,XSDString,mandatory
source_mat_id error,water,sampling,source_mat_id,35,EMOBON_RFormosa_Wa_35,source_mat_id should match ^EMOBON_RFormosa_Wa_220224_3um_1$,/github/workspace/logsheets/filtered/water_sampling.csv,XSDString,mandatory
source_mat_id error,water,sampling,source_mat_id,36,EMOBON_RFormosa_Wa_36,source_mat_id should match ^EMOBON_RFormosa_Wa_220224_3um_2$,/github/workspace/logsheets/filtered/water_sampling.csv,XSDString,mandatory
source_mat_id error,water,sampling,source_mat_id,37,EMOBON_RFormosa_Wa_37,source_mat_id should match ^EMOBON_RFormosa_Wa_220224_3um_3$,/github/workspace/logsheets/filtered/water_sampling.csv,XSDString,mandatory
source_mat_id error,water,sampling,source_mat_id,38,EMOBON_RFormosa_Wa_38,source_mat_id should match ^EMOBON_RFormosa_Wa_220224_3um_4$,/github/workspace/logsheets/filtered/water_sampling.csv,XSDString,mandatory
source_mat_id error,water,sampling,source_mat_id,39,EMOBON_RFormosa_Wa_39,source_mat_id should match ^EMOBON_RFormosa_Wa_220224_200um_blank_1$,/github/workspace/logsheets/filtered/water_sampling.csv,XSDString,mandatory
source_mat_id error,water,sampling,source_mat_id,40,EMOBON_RFormosa_Wa_40,source_mat_id should match ^EMOBON_RFormosa_Wa_220224_3um_blank_1$,/github/workspace/logsheets/filtered/water_sampling.csv,XSDString,mandatory
source_mat_id error,water,sampling,source_mat_id,41,EMOBON_RFormosa_Wa_41,source_mat_id should match ^EMOBON_RFormosa_Wa_220428_200um_1$,/github/workspace/logsheets/filtered/water_sampling.csv,XSDString,mandatory
source_mat_id error,water,sampling,source_mat_id,42,EMOBON_RFormosa_Wa_42,source_mat_id should match ^EMOBON_RFormosa_Wa_220428_200um_2$,/github/workspace/logsheets/filtered/water_sampling.csv,XSDString,mandatory
source_mat_id error,water,sampling,source_mat_id,43,EMOBON_RFormosa_Wa_43,source_mat_id should match ^EMOBON_RFormosa_Wa_220428_200um_3$,/github/workspace/logsheets/filtered/water_sampling.csv,XSDString,mandatory
source_mat_id error,water,sampling,source_mat_id,44,EMOBON_RFormosa_Wa_44,source_mat_id should match ^EMOBON_RFormosa_Wa_220428_200um_4$,/github/workspace/logsheets/filtered/water_sampling.csv,XSDString,mandatory
source_mat_id error,water,sampling,source_mat_id,45,EMOBON_RFormosa_Wa_45,source_mat_id should match ^EMOBON_RFormosa_Wa_220428_3um_1$,/github/workspace/logsheets/filtered/water_sampling.csv,XSDString,mandatory
source_mat_id error,water,sampling,source_mat_id,46,EMOBON_RFormosa_Wa_46,source_mat_id should match ^EMOBON_RFormosa_Wa_220428_3um_2$,/github/workspace/logsheets/filtered/water_sampling.csv,XSDString,mandatory
source_mat_id error,water,sampling,source_mat_id,47,EMOBON_RFormosa_Wa_47,source_mat_id should match ^EMOBON_RFormosa_Wa_220428_3um_3$,/github/workspace/logsheets/filtered/water_sampling.csv,XSDString,mandatory
source_mat_id error,water,sampling,source_mat_id,48,EMOBON_RFormosa_Wa_48,source_mat_id should match ^EMOBON_RFormosa_Wa_220428_3um_4$,/github/workspace/logsheets/filtered/water_sampling.csv,XSDString,mandatory
source_mat_id error,water,sampling,source_mat_id,49,EMOBON_RFormosa_Wa_49,source_mat_id should match ^EMOBON_RFormosa_Wa_220428_200um_blank_1$,/github/workspace/logsheets/filtered/water_sampling.csv,XSDString,mandatory
source_mat_id error,water,sampling,source_mat_id,50,EMOBON_RFormosa_Wa_50,source_mat_id should match ^EMOBON_RFormosa_Wa_220428_3um_blank_1$,/github/workspace/logsheets/filtered/water_sampling.csv,XSDString,mandatory
source_mat_id error,water,sampling,source_mat_id,51,EMOBON_RFormosa_Wa_51,source_mat_id should match ^EMOBON_RFormosa_Wa_220629_200um_1$,/github/workspace/logsheets/filtered/water_sampling.csv,XSDString,mandatory
source_mat_id error,water,sampling,source_mat_id,52,EMOBON_RFormosa_Wa_52,source_mat_id should match ^EMOBON_RFormosa_Wa_220629_200um_2$,/github/workspace/logsheets/filtered/water_sampling.csv,XSDString,mandatory
source_mat_id error,water,sampling,source_mat_id,53,EMOBON_RFormosa_Wa_53,source_mat_id should match ^EMOBON_RFormosa_Wa_220629_200um_3$,/github/workspace/logsheets/filtered/water_sampling.csv,XSDString,mandatory
source_mat_id error,water,sampling,source_mat_id,54,EMOBON_RFormosa_Wa_54,source_mat_id should match ^EMOBON_RFormosa_Wa_220629_200um_4$,/github/workspace/logsheets/filtered/water_sampling.csv,XSDString,mandatory
source_mat_id error,water,sampling,source_mat_id,55,EMOBON_RFormosa_Wa_55,source_mat_id should match ^EMOBON_RFormosa_Wa_220629_3um_1$,/github/workspace/logsheets/filtered/water_sampling.csv,XSDString,mandatory
source_mat_id error,water,sampling,source_mat_id,56,EMOBON_RFormosa_Wa_56,source_mat_id should match ^EMOBON_RFormosa_Wa_220629_3um_2$,/github/workspace/logsheets/filtered/water_sampling.csv,XSDString,mandatory
source_mat_id error,water,sampling,source_mat_id,57,EMOBON_RFormosa_Wa_57,source_mat_id should match ^EMOBON_RFormosa_Wa_220629_3um_3$,/github/workspace/logsheets/filtered/water_sampling.csv,XSDString,mandatory
source_mat_id error,water,sampling,source_mat_id,58,EMOBON_RFormosa_Wa_58,source_mat_id should match ^EMOBON_RFormosa_Wa_220629_3um_4$,/github/workspace/logsheets/filtered/water_sampling.csv,XSDString,mandatory
source_mat_id error,water,sampling,source_mat_id,59,EMOBON_RFormosa_Wa_59,source_mat_id should match ^EMOBON_RFormosa_Wa_220629_200um_blank_1$,/github/workspace/logsheets/filtered/water_sampling.csv,XSDString,mandatory
source_mat_id error,water,sampling,source_mat_id,60,EMOBON_RFormosa_Wa_60,source_mat_id should match ^EMOBON_RFormosa_Wa_220629_3um_blank_1$,/github/workspace/logsheets/filtered/water_sampling.csv,XSDString,mandatory
source_mat_id error,water,sampling,source_mat_id,61,EMOBON_RFormosa_Wa_61,source_mat_id should match ^EMOBON_RFormosa_Wa_220909_200um_1$,/github/workspace/logsheets/filtered/water_sampling.csv,XSDString,mandatory
source_mat_id error,water,sampling,source_mat_id,62,EMOBON_RFormosa_Wa_62,source_mat_id should match ^EMOBON_RFormosa_Wa_220909_200um_2$,/github/workspace/logsheets/filtered/water_sampling.csv,XSDString,mandatory
source_mat_id error,water,sampling,source_mat_id,63,EMOBON_RFormosa_Wa_63,source_mat_id should match ^EMOBON_RFormosa_Wa_220909_200um_3$,/github/workspace/logsheets/filtered/water_sampling.csv,XSDString,mandatory
source_mat_id error,water,sampling,source_mat_id,64,EMOBON_RFormosa_Wa_64,source_mat_id should match ^EMOBON_RFormosa_Wa_220909_200um_4$,/github/workspace/logsheets/filtered/water_sampling.csv,XSDString,mandatory
source_mat_id error,water,sampling,source_mat_id,65,EMOBON_RFormosa_Wa_65,source_mat_id should match ^EMOBON_RFormosa_Wa_220909_3um_1$,/github/workspace/logsheets/filtered/water_sampling.csv,XSDString,mandatory
source_mat_id error,water,sampling,source_mat_id,66,EMOBON_RFormosa_Wa_66,source_mat_id should match ^EMOBON_RFormosa_Wa_220909_3um_2$,/github/workspace/logsheets/filtered/water_sampling.csv,XSDString,mandatory
source_mat_id error,water,sampling,source_mat_id,67,EMOBON_RFormosa_Wa_67,source_mat_id should match ^EMOBON_RFormosa_Wa_220909_3um_3$,/github/workspace/logsheets/filtered/water_sampling.csv,XSDString,mandatory
source_mat_id error,water,sampling,source_mat_id,68,EMOBON_RFormosa_Wa_68,source_mat_id should match ^EMOBON_RFormosa_Wa_220909_3um_4$,/github/workspace/logsheets/filtered/water_sampling.csv,XSDString,mandatory
source_mat_id error,water,sampling,source_mat_id,69,EMOBON_RFormosa_Wa_69,source_mat_id should match ^EMOBON_RFormosa_Wa_220909_200um_blank_1$,/github/workspace/logsheets/filtered/water_sampling.csv,XSDString,mandatory
source_mat_id error,water,sampling,source_mat_id,70,EMOBON_RFormosa_Wa_70,source_mat_id should match ^EMOBON_RFormosa_Wa_220909_3um_blank_1$,/github/workspace/logsheets/filtered/water_sampling.csv,XSDString,mandatory
source_mat_id error,water,sampling,source_mat_id,71,EMOBON_RFormosa_Wa_71,source_mat_id should match ^EMOBON_RFormosa_Wa_221021_200um_1$,/github/workspace/logsheets/filtered/water_sampling.csv,XSDString,mandatory
source_mat_id error,water,sampling,source_mat_id,72,EMOBON_RFormosa_Wa_72,source_mat_id should match ^EMOBON_RFormosa_Wa_221021_200um_2$,/github/workspace/logsheets/filtered/water_sampling.csv,XSDString,mandatory
source_mat_id error,water,sampling,source_mat_id,73,EMOBON_RFormosa_Wa_73,source_mat_id should match ^EMOBON_RFormosa_Wa_221021_200um_3$,/github/workspace/logsheets/filtered/water_sampling.csv,XSDString,mandatory
source_mat_id error,water,sampling,source_mat_id,74,EMOBON_RFormosa_Wa_74,source_mat_id should match ^EMOBON_RFormosa_Wa_221021_200um_4$,/github/workspace/logsheets/filtered/water_sampling.csv,XSDString,mandatory
source_mat_id error,water,sampling,source_mat_id,75,EMOBON_RFormosa_Wa_75,source_mat_id should match ^EMOBON_RFormosa_Wa_221021_3um_1$,/github/workspace/logsheets/filtered/water_sampling.csv,XSDString,mandatory
source_mat_id error,water,sampling,source_mat_id,76,EMOBON_RFormosa_Wa_76,source_mat_id should match ^EMOBON_RFormosa_Wa_221021_3um_2$,/github/workspace/logsheets/filtered/water_sampling.csv,XSDString,mandatory
source_mat_id error,water,sampling,source_mat_id,77,EMOBON_RFormosa_Wa_77,source_mat_id should match ^EMOBON_RFormosa_Wa_221021_3um_3$,/github/workspace/logsheets/filtered/water_sampling.csv,XSDString,mandatory
source_mat_id error,water,sampling,source_mat_id,78,EMOBON_RFormosa_Wa_78,source_mat_id should match ^EMOBON_RFormosa_Wa_221021_3um_4$,/github/workspace/logsheets/filtered/water_sampling.csv,XSDString,mandatory
source_mat_id error,water,sampling,source_mat_id,79,EMOBON_RFormosa_Wa_79,source_mat_id should match ^EMOBON_RFormosa_Wa_221021_200um_blank_1$,/github/workspace/logsheets/filtered/water_sampling.csv,XSDString,mandatory
source_mat_id error,water,sampling,source_mat_id,80,EMOBON_RFormosa_Wa_80,source_mat_id should match ^EMOBON_RFormosa_Wa_221021_3um_blank_1$,/github/workspace/logsheets/filtered/water_sampling.csv,XSDString,mandatory
source_mat_id error,water,sampling,source_mat_id,81,EMOBON_RFormosa_Wa_81,source_mat_id should match ^EMOBON_RFormosa_Wa_221216_200um_1$,/github/workspace/logsheets/filtered/water_sampling.csv,XSDString,mandatory
source_mat_id error,water,sampling,source_mat_id,82,EMOBON_RFormosa_Wa_82,source_mat_id should match ^EMOBON_RFormosa_Wa_221216_200um_2$,/github/workspace/logsheets/filtered/water_sampling.csv,XSDString,mandatory
source_mat_id error,water,sampling,source_mat_id,83,EMOBON_RFormosa_Wa_83,source_mat_id should match ^EMOBON_RFormosa_Wa_221216_200um_3$,/github/workspace/logsheets/filtered/water_sampling.csv,XSDString,mandatory
source_mat_id error,water,sampling,source_mat_id,84,EMOBON_RFormosa_Wa_84,source_mat_id should match ^EMOBON_RFormosa_Wa_221216_200um_4$,/github/workspace/logsheets/filtered/water_sampling.csv,XSDString,mandatory
source_mat_id error,water,sampling,source_mat_id,85,EMOBON_RFormosa_Wa_85,source_mat_id should match ^EMOBON_RFormosa_Wa_221216_3um_1$,/github/workspace/logsheets/filtered/water_sampling.csv,XSDString,mandatory
source_mat_id error,water,sampling,source_mat_id,86,EMOBON_RFormosa_Wa_86,source_mat_id should match ^EMOBON_RFormosa_Wa_221216_3um_2$,/github/workspace/logsheets/filtered/water_sampling.csv,XSDString,mandatory
source_mat_id error,water,sampling,source_mat_id,87,EMOBON_RFormosa_Wa_87,source_mat_id should match ^EMOBON_RFormosa_Wa_221216_3um_3$,/github/workspace/logsheets/filtered/water_sampling.csv,XSDString,mandatory
source_mat_id error,water,sampling,source_mat_id,88,EMOBON_RFormosa_Wa_88,source_mat_id should match ^EMOBON_RFormosa_Wa_221216_3um_4$,/github/workspace/logsheets/filtered/water_sampling.csv,XSDString,mandatory
source_mat_id error,water,sampling,source_mat_id,89,EMOBON_RFormosa_Wa_89,source_mat_id should match ^EMOBON_RFormosa_Wa_221216_200um_blank_1$,/github/workspace/logsheets/filtered/water_sampling.csv,XSDString,mandatory
source_mat_id error,water,sampling,source_mat_id,90,EMOBON_RFormosa_Wa_90,source_mat_id should match ^EMOBON_RFormosa_Wa_221216_3um_blank_1$,/github/workspace/logsheets/filtered/water_sampling.csv,XSDString,mandatory
source_mat_id error,water,sampling,source_mat_id,231,<empty>,source_mat_id is missing,/github/workspace/logsheets/filtered/water_sampling.csv,XSDString,mandatory
source_mat_id error,water,sampling,source_mat_id,232,<empty>,source_mat_id is missing,/github/workspace/logsheets/filtered/water_sampling.csv,XSDString,mandatory
source_mat_id error,water,sampling,source_mat_id,233,<empty>,source_mat_id is missing,/github/workspace/logsheets/filtered/water_sampling.csv,XSDString,mandatory
source_mat_id error,water,sampling,source_mat_id,234,<empty>,source_mat_id is missing,/github/workspace/logsheets/filtered/water_sampling.csv,XSDString,mandatory
source_mat_id error,water,sampling,source_mat_id,235,<empty>,source_mat_id is missing,/github/workspace/logsheets/filtered/water_sampling.csv,XSDString,mandatory
source_mat_id error,water,sampling,source_mat_id,236,<empty>,source_mat_id is missing,/github/workspace/logsheets/filtered/water_sampling.csv,XSDString,mandatory
scientific name error,sediment,sampling,scientific_name,1,marine sediment metagenome,"scientific_name should be marine sediment metagenome)

   ",/github/workspace/logsheets/filtered/sediment_sampling.csv,XSDString,mandatory
scientific name error,sediment,sampling,scientific_name,2,marine sediment metagenome,"scientific_name should be marine sediment metagenome)

   ",/github/workspace/logsheets/filtered/sediment_sampling.csv,XSDString,mandatory
scientific name error,sediment,sampling,scientific_name,3,marine sediment metagenome,"scientific_name should be marine sediment metagenome)

   ",/github/workspace/logsheets/filtered/sediment_sampling.csv,XSDString,mandatory
scientific name error,sediment,sampling,scientific_name,4,marine sediment metagenome,"scientific_name should be marine sediment metagenome)

   ",/github/workspace/logsheets/filtered/sediment_sampling.csv,XSDString,mandatory
scientific name error,sediment,sampling,scientific_name,5,metagenome,"scientific_name should be metagenome)

   ",/github/workspace/logsheets/filtered/sediment_sampling.csv,XSDString,mandatory
scientific name error,sediment,sampling,scientific_name,6,marine sediment metagenome,"scientific_name should be marine sediment metagenome)

   ",/github/workspace/logsheets/filtered/sediment_sampling.csv,XSDString,mandatory
scientific name error,sediment,sampling,scientific_name,7,marine sediment metagenome,"scientific_name should be marine sediment metagenome)

   ",/github/workspace/logsheets/filtered/sediment_sampling.csv,XSDString,mandatory
scientific name error,sediment,sampling,scientific_name,8,marine sediment metagenome,"scientific_name should be marine sediment metagenome)

   ",/github/workspace/logsheets/filtered/sediment_sampling.csv,XSDString,mandatory
scientific name error,sediment,sampling,scientific_name,9,marine sediment metagenome,"scientific_name should be marine sediment metagenome)

   ",/github/workspace/logsheets/filtered/sediment_sampling.csv,XSDString,mandatory
scientific name error,sediment,sampling,scientific_name,10,metagenome,"scientific_name should be metagenome)

   ",/github/workspace/logsheets/filtered/sediment_sampling.csv,XSDString,mandatory
scientific name error,sediment,sampling,scientific_name,11,marine sediment metagenome,"scientific_name should be marine sediment metagenome)

   ",/github/workspace/logsheets/filtered/sediment_sampling.csv,XSDString,mandatory
scientific name error,sediment,sampling,scientific_name,12,marine sediment metagenome,"scientific_name should be marine sediment metagenome)

   ",/github/workspace/logsheets/filtered/sediment_sampling.csv,XSDString,mandatory
scientific name error,sediment,sampling,scientific_name,13,marine sediment metagenome,"scientific_name should be marine sediment metagenome)

   ",/github/workspace/logsheets/filtered/sediment_sampling.csv,XSDString,mandatory
scientific name error,sediment,sampling,scientific_name,14,marine sediment metagenome,"scientific_name should be marine sediment metagenome)

   ",/github/workspace/logsheets/filtered/sediment_sampling.csv,XSDString,mandatory
scientific name error,sediment,sampling,scientific_name,15,metagenome,"scientific_name should be metagenome)

   ",/github/workspace/logsheets/filtered/sediment_sampling.csv,XSDString,mandatory
scientific name error,sediment,sampling,scientific_name,16,marine sediment metagenome,"scientific_name should be marine sediment metagenome)

   ",/github/workspace/logsheets/filtered/sediment_sampling.csv,XSDString,mandatory
scientific name error,sediment,sampling,scientific_name,17,marine sediment metagenome,"scientific_name should be marine sediment metagenome)

   ",/github/workspace/logsheets/filtered/sediment_sampling.csv,XSDString,mandatory
scientific name error,sediment,sampling,scientific_name,18,marine sediment metagenome,"scientific_name should be marine sediment metagenome)

   ",/github/workspace/logsheets/filtered/sediment_sampling.csv,XSDString,mandatory
scientific name error,sediment,sampling,scientific_name,19,marine sediment metagenome,"scientific_name should be marine sediment metagenome)

   ",/github/workspace/logsheets/filtered/sediment_sampling.csv,XSDString,mandatory
scientific name error,sediment,sampling,scientific_name,20,metagenome,"scientific_name should be metagenome)

   ",/github/workspace/logsheets/filtered/sediment_sampling.csv,XSDString,mandatory
scientific name error,sediment,sampling,scientific_name,21,marine sediment metagenome,"scientific_name should be marine sediment metagenome)

   ",/github/workspace/logsheets/filtered/sediment_sampling.csv,XSDString,mandatory
scientific name error,sediment,sampling,scientific_name,22,marine sediment metagenome,"scientific_name should be marine sediment metagenome)

   ",/github/workspace/logsheets/filtered/sediment_sampling.csv,XSDString,mandatory
scientific name error,sediment,sampling,scientific_name,23,marine sediment metagenome,"scientific_name should be marine sediment metagenome)

   ",/github/workspace/logsheets/filtered/sediment_sampling.csv,XSDString,mandatory
scientific name error,sediment,sampling,scientific_name,24,marine sediment metagenome,"scientific_name should be marine sediment metagenome)

   ",/github/workspace/logsheets/filtered/sediment_sampling.csv,XSDString,mandatory
scientific name error,sediment,sampling,scientific_name,25,metagenome,"scientific_name should be metagenome)

   ",/github/workspace/logsheets/filtered/sediment_sampling.csv,XSDString,mandatory
scientific name error,sediment,sampling,scientific_name,26,marine sediment metagenome,"scientific_name should be marine sediment metagenome)

   ",/github/workspace/logsheets/filtered/sediment_sampling.csv,XSDString,mandatory
scientific name error,sediment,sampling,scientific_name,27,marine sediment metagenome,"scientific_name should be marine sediment metagenome)

   ",/github/workspace/logsheets/filtered/sediment_sampling.csv,XSDString,mandatory
scientific name error,sediment,sampling,scientific_name,28,marine sediment metagenome,"scientific_name should be marine sediment metagenome)

   ",/github/workspace/logsheets/filtered/sediment_sampling.csv,XSDString,mandatory
scientific name error,sediment,sampling,scientific_name,29,marine sediment metagenome,"scientific_name should be marine sediment metagenome)

   ",/github/workspace/logsheets/filtered/sediment_sampling.csv,XSDString,mandatory
scientific name error,sediment,sampling,scientific_name,30,metagenome,"scientific_name should be metagenome)

   ",/github/workspace/logsheets/filtered/sediment_sampling.csv,XSDString,mandatory
scientific name error,sediment,sampling,scientific_name,31,marine sediment metagenome,"scientific_name should be marine sediment metagenome)

   ",/github/workspace/logsheets/filtered/sediment_sampling.csv,XSDString,mandatory
scientific name error,sediment,sampling,scientific_name,32,marine sediment metagenome,"scientific_name should be marine sediment metagenome)

   ",/github/workspace/logsheets/filtered/sediment_sampling.csv,XSDString,mandatory
scientific name error,sediment,sampling,scientific_name,33,marine sediment metagenome,"scientific_name should be marine sediment metagenome)

   ",/github/workspace/logsheets/filtered/sediment_sampling.csv,XSDString,mandatory
scientific name error,sediment,sampling,scientific_name,34,marine sediment metagenome,"scientific_name should be marine sediment metagenome)

   ",/github/workspace/logsheets/filtered/sediment_sampling.csv,XSDString,mandatory
scientific name error,sediment,sampling,scientific_name,35,metagenome,"scientific_name should be metagenome)

   ",/github/workspace/logsheets/filtered/sediment_sampling.csv,XSDString,mandatory
scientific name error,sediment,sampling,scientific_name,36,marine sediment metagenome,"scientific_name should be marine sediment metagenome)

   ",/github/workspace/logsheets/filtered/sediment_sampling.csv,XSDString,mandatory
scientific name error,sediment,sampling,scientific_name,37,marine sediment metagenome,"scientific_name should be marine sediment metagenome)

   ",/github/workspace/logsheets/filtered/sediment_sampling.csv,XSDString,mandatory
scientific name error,sediment,sampling,scientific_name,38,marine sediment metagenome,"scientific_name should be marine sediment metagenome)

   ",/github/workspace/logsheets/filtered/sediment_sampling.csv,XSDString,mandatory
scientific name error,sediment,sampling,scientific_name,39,marine sediment metagenome,"scientific_name should be marine sediment metagenome)

   ",/github/workspace/logsheets/filtered/sediment_sampling.csv,XSDString,mandatory
scientific name error,sediment,sampling,scientific_name,40,metagenome,"scientific_name should be metagenome)

   ",/github/workspace/logsheets/filtered/sediment_sampling.csv,XSDString,mandatory
scientific name error,sediment,sampling,scientific_name,41,marine sediment metagenome,"scientific_name should be marine sediment metagenome)

   ",/github/workspace/logsheets/filtered/sediment_sampling.csv,XSDString,mandatory
scientific name error,sediment,sampling,scientific_name,42,marine sediment metagenome,"scientific_name should be marine sediment metagenome)

   ",/github/workspace/logsheets/filtered/sediment_sampling.csv,XSDString,mandatory
scientific name error,sediment,sampling,scientific_name,43,marine sediment metagenome,"scientific_name should be marine sediment metagenome)

   ",/github/workspace/logsheets/filtered/sediment_sampling.csv,XSDString,mandatory
scientific name error,sediment,sampling,scientific_name,44,marine sediment metagenome,"scientific_name should be marine sediment metagenome)

   ",/github/workspace/logsheets/filtered/sediment_sampling.csv,XSDString,mandatory
scientific name error,sediment,sampling,scientific_name,45,metagenome,"scientific_name should be metagenome)

   ",/github/workspace/logsheets/filtered/sediment_sampling.csv,XSDString,mandatory
scientific name error,water,sampling,scientific_name,1,marine plankton metagenome,"scientific_name should be marine plankton metagenome)

   ",/github/workspace/logsheets/filtered/water_sampling.csv,XSDString,mandatory
scientific name error,water,sampling,scientific_name,2,marine plankton metagenome,"scientific_name should be marine plankton metagenome)

   ",/github/workspace/logsheets/filtered/water_sampling.csv,XSDString,mandatory
scientific name error,water,sampling,scientific_name,3,marine plankton metagenome,"scientific_name should be marine plankton metagenome)

   ",/github/workspace/logsheets/filtered/water_sampling.csv,XSDString,mandatory
scientific name error,water,sampling,scientific_name,4,marine plankton metagenome,"scientific_name should be marine plankton metagenome)

   ",/github/workspace/logsheets/filtered/water_sampling.csv,XSDString,mandatory
scientific name error,water,sampling,scientific_name,5,marine plankton metagenome,"scientific_name should be marine plankton metagenome)

   ",/github/workspace/logsheets/filtered/water_sampling.csv,XSDString,mandatory
scientific name error,water,sampling,scientific_name,6,marine plankton metagenome,"scientific_name should be marine plankton metagenome)

   ",/github/workspace/logsheets/filtered/water_sampling.csv,XSDString,mandatory
scientific name error,water,sampling,scientific_name,7,marine plankton metagenome,"scientific_name should be marine plankton metagenome)

   ",/github/workspace/logsheets/filtered/water_sampling.csv,XSDString,mandatory
scientific name error,water,sampling,scientific_name,8,marine plankton metagenome,"scientific_name should be marine plankton metagenome)

   ",/github/workspace/logsheets/filtered/water_sampling.csv,XSDString,mandatory
scientific name error,water,sampling,scientific_name,9,metagenome,"scientific_name should be metagenome)

   ",/github/workspace/logsheets/filtered/water_sampling.csv,XSDString,mandatory
scientific name error,water,sampling,scientific_name,10,metagenome,"scientific_name should be metagenome)

   ",/github/workspace/logsheets/filtered/water_sampling.csv,XSDString,mandatory
scientific name error,water,sampling,scientific_name,11,marine plankton metagenome,"scientific_name should be marine plankton metagenome)

   ",/github/workspace/logsheets/filtered/water_sampling.csv,XSDString,mandatory
scientific name error,water,sampling,scientific_name,12,marine plankton metagenome,"scientific_name should be marine plankton metagenome)

   ",/github/workspace/logsheets/filtered/water_sampling.csv,XSDString,mandatory
scientific name error,water,sampling,scientific_name,13,marine plankton metagenome,"scientific_name should be marine plankton metagenome)

   ",/github/workspace/logsheets/filtered/water_sampling.csv,XSDString,mandatory
scientific name error,water,sampling,scientific_name,14,marine plankton metagenome,"scientific_name should be marine plankton metagenome)

   ",/github/workspace/logsheets/filtered/water_sampling.csv,XSDString,mandatory
scientific name error,water,sampling,scientific_name,15,marine plankton metagenome,"scientific_name should be marine plankton metagenome)

   ",/github/workspace/logsheets/filtered/water_sampling.csv,XSDString,mandatory
scientific name error,water,sampling,scientific_name,16,marine plankton metagenome,"scientific_name should be marine plankton metagenome)

   ",/github/workspace/logsheets/filtered/water_sampling.csv,XSDString,mandatory
scientific name error,water,sampling,scientific_name,17,marine plankton metagenome,"scientific_name should be marine plankton metagenome)

   ",/github/workspace/logsheets/filtered/water_sampling.csv,XSDString,mandatory
scientific name error,water,sampling,scientific_name,18,marine plankton metagenome,"scientific_name should be marine plankton metagenome)

   ",/github/workspace/logsheets/filtered/water_sampling.csv,XSDString,mandatory
scientific name error,water,sampling,scientific_name,19,metagenome,"scientific_name should be metagenome)

   ",/github/workspace/logsheets/filtered/water_sampling.csv,XSDString,mandatory
scientific name error,water,sampling,scientific_name,20,metagenome,"scientific_name should be metagenome)

   ",/github/workspace/logsheets/filtered/water_sampling.csv,XSDString,mandatory
scientific name error,water,sampling,scientific_name,21,marine plankton metagenome,"scientific_name should be marine plankton metagenome)

   ",/github/workspace/logsheets/filtered/water_sampling.csv,XSDString,mandatory
scientific name error,water,sampling,scientific_name,22,marine plankton metagenome,"scientific_name should be marine plankton metagenome)

   ",/github/workspace/logsheets/filtered/water_sampling.csv,XSDString,mandatory
scientific name error,water,sampling,scientific_name,23,marine plankton metagenome,"scientific_name should be marine plankton metagenome)

   ",/github/workspace/logsheets/filtered/water_sampling.csv,XSDString,mandatory
scientific name error,water,sampling,scientific_name,24,marine plankton metagenome,"scientific_name should be marine plankton metagenome)

   ",/github/workspace/logsheets/filtered/water_sampling.csv,XSDString,mandatory
scientific name error,water,sampling,scientific_name,25,marine plankton metagenome,"scientific_name should be marine plankton metagenome)

   ",/github/workspace/logsheets/filtered/water_sampling.csv,XSDString,mandatory
scientific name error,water,sampling,scientific_name,26,marine plankton metagenome,"scientific_name should be marine plankton metagenome)

   ",/github/workspace/logsheets/filtered/water_sampling.csv,XSDString,mandatory
scientific name error,water,sampling,scientific_name,27,marine plankton metagenome,"scientific_name should be marine plankton metagenome)

   ",/github/workspace/logsheets/filtered/water_sampling.csv,XSDString,mandatory
scientific name error,water,sampling,scientific_name,28,marine plankton metagenome,"scientific_name should be marine plankton metagenome)

   ",/github/workspace/logsheets/filtered/water_sampling.csv,XSDString,mandatory
scientific name error,water,sampling,scientific_name,29,metagenome,"scientific_name should be metagenome)

   ",/github/workspace/logsheets/filtered/water_sampling.csv,XSDString,mandatory
scientific name error,water,sampling,scientific_name,30,metagenome,"scientific_name should be metagenome)

   ",/github/workspace/logsheets/filtered/water_sampling.csv,XSDString,mandatory
scientific name error,water,sampling,scientific_name,31,marine plankton metagenome,"scientific_name should be marine plankton metagenome)

   ",/github/workspace/logsheets/filtered/water_sampling.csv,XSDString,mandatory
scientific name error,water,sampling,scientific_name,32,marine plankton metagenome,"scientific_name should be marine plankton metagenome)

   ",/github/workspace/logsheets/filtered/water_sampling.csv,XSDString,mandatory
scientific name error,water,sampling,scientific_name,33,marine plankton metagenome,"scientific_name should be marine plankton metagenome)

   ",/github/workspace/logsheets/filtered/water_sampling.csv,XSDString,mandatory
scientific name error,water,sampling,scientific_name,34,marine plankton metagenome,"scientific_name should be marine plankton metagenome)

   ",/github/workspace/logsheets/filtered/water_sampling.csv,XSDString,mandatory
scientific name error,water,sampling,scientific_name,35,marine plankton metagenome,"scientific_name should be marine plankton metagenome)

   ",/github/workspace/logsheets/filtered/water_sampling.csv,XSDString,mandatory
scientific name error,water,sampling,scientific_name,36,marine plankton metagenome,"scientific_name should be marine plankton metagenome)

   ",/github/workspace/logsheets/filtered/water_sampling.csv,XSDString,mandatory
scientific name error,water,sampling,scientific_name,37,marine plankton metagenome,"scientific_name should be marine plankton metagenome)

   ",/github/workspace/logsheets/filtered/water_sampling.csv,XSDString,mandatory
scientific name error,water,sampling,scientific_name,38,marine plankton metagenome,"scientific_name should be marine plankton metagenome)

   ",/github/workspace/logsheets/filtered/water_sampling.csv,XSDString,mandatory
scientific name error,water,sampling,scientific_name,39,metagenome,"scientific_name should be metagenome)

   ",/github/workspace/logsheets/filtered/water_sampling.csv,XSDString,mandatory
scientific name error,water,sampling,scientific_name,40,metagenome,"scientific_name should be metagenome)

   ",/github/workspace/logsheets/filtered/water_sampling.csv,XSDString,mandatory
scientific name error,water,sampling,scientific_name,41,marine plankton metagenome,"scientific_name should be marine plankton metagenome)

   ",/github/workspace/logsheets/filtered/water_sampling.csv,XSDString,mandatory
scientific name error,water,sampling,scientific_name,42,marine plankton metagenome,"scientific_name should be marine plankton metagenome)

   ",/github/workspace/logsheets/filtered/water_sampling.csv,XSDString,mandatory
scientific name error,water,sampling,scientific_name,43,marine plankton metagenome,"scientific_name should be marine plankton metagenome)

   ",/github/workspace/logsheets/filtered/water_sampling.csv,XSDString,mandatory
scientific name error,water,sampling,scientific_name,44,marine plankton metagenome,"scientific_name should be marine plankton metagenome)

   ",/github/workspace/logsheets/filtered/water_sampling.csv,XSDString,mandatory
scientific name error,water,sampling,scientific_name,45,marine plankton metagenome,"scientific_name should be marine plankton metagenome)

   ",/github/workspace/logsheets/filtered/water_sampling.csv,XSDString,mandatory
scientific name error,water,sampling,scientific_name,46,marine plankton metagenome,"scientific_name should be marine plankton metagenome)

   ",/github/workspace/logsheets/filtered/water_sampling.csv,XSDString,mandatory
scientific name error,water,sampling,scientific_name,47,marine plankton metagenome,"scientific_name should be marine plankton metagenome)

   ",/github/workspace/logsheets/filtered/water_sampling.csv,XSDString,mandatory
scientific name error,water,sampling,scientific_name,48,marine plankton metagenome,"scientific_name should be marine plankton metagenome)

   ",/github/workspace/logsheets/filtered/water_sampling.csv,XSDString,mandatory
scientific name error,water,sampling,scientific_name,49,metagenome,"scientific_name should be metagenome)

   ",/github/workspace/logsheets/filtered/water_sampling.csv,XSDString,mandatory
scientific name error,water,sampling,scientific_name,50,metagenome,"scientific_name should be metagenome)

   ",/github/workspace/logsheets/filtered/water_sampling.csv,XSDString,mandatory
scientific name error,water,sampling,scientific_name,51,marine plankton metagenome,"scientific_name should be marine plankton metagenome)

   ",/github/workspace/logsheets/filtered/water_sampling.csv,XSDString,mandatory
scientific name error,water,sampling,scientific_name,52,marine plankton metagenome,"scientific_name should be marine plankton metagenome)

   ",/github/workspace/logsheets/filtered/water_sampling.csv,XSDString,mandatory
scientific name error,water,sampling,scientific_name,53,marine plankton metagenome,"scientific_name should be marine plankton metagenome)

   ",/github/workspace/logsheets/filtered/water_sampling.csv,XSDString,mandatory
scientific name error,water,sampling,scientific_name,54,marine plankton metagenome,"scientific_name should be marine plankton metagenome)

   ",/github/workspace/logsheets/filtered/water_sampling.csv,XSDString,mandatory
scientific name error,water,sampling,scientific_name,55,marine plankton metagenome,"scientific_name should be marine plankton metagenome)

   ",/github/workspace/logsheets/filtered/water_sampling.csv,XSDString,mandatory
scientific name error,water,sampling,scientific_name,56,marine plankton metagenome,"scientific_name should be marine plankton metagenome)

   ",/github/workspace/logsheets/filtered/water_sampling.csv,XSDString,mandatory
scientific name error,water,sampling,scientific_name,57,marine plankton metagenome,"scientific_name should be marine plankton metagenome)

   ",/github/workspace/logsheets/filtered/water_sampling.csv,XSDString,mandatory
scientific name error,water,sampling,scientific_name,58,marine plankton metagenome,"scientific_name should be marine plankton metagenome)

   ",/github/workspace/logsheets/filtered/water_sampling.csv,XSDString,mandatory
scientific name error,water,sampling,scientific_name,59,metagenome,"scientific_name should be metagenome)

   ",/github/workspace/logsheets/filtered/water_sampling.csv,XSDString,mandatory
scientific name error,water,sampling,scientific_name,60,metagenome,"scientific_name should be metagenome)

   ",/github/workspace/logsheets/filtered/water_sampling.csv,XSDString,mandatory
scientific name error,water,sampling,scientific_name,61,marine plankton metagenome,"scientific_name should be marine plankton metagenome)

   ",/github/workspace/logsheets/filtered/water_sampling.csv,XSDString,mandatory
scientific name error,water,sampling,scientific_name,62,marine plankton metagenome,"scientific_name should be marine plankton metagenome)

   ",/github/workspace/logsheets/filtered/water_sampling.csv,XSDString,mandatory
scientific name error,water,sampling,scientific_name,63,marine plankton metagenome,"scientific_name should be marine plankton metagenome)

   ",/github/workspace/logsheets/filtered/water_sampling.csv,XSDString,mandatory
scientific name error,water,sampling,scientific_name,64,marine plankton metagenome,"scientific_name should be marine plankton metagenome)

   ",/github/workspace/logsheets/filtered/water_sampling.csv,XSDString,mandatory
scientific name error,water,sampling,scientific_name,65,marine plankton metagenome,"scientific_name should be marine plankton metagenome)

   ",/github/workspace/logsheets/filtered/water_sampling.csv,XSDString,mandatory
scientific name error,water,sampling,scientific_name,66,marine plankton metagenome,"scientific_name should be marine plankton metagenome)

   ",/github/workspace/logsheets/filtered/water_sampling.csv,XSDString,mandatory
scientific name error,water,sampling,scientific_name,67,marine plankton metagenome,"scientific_name should be marine plankton metagenome)

   ",/github/workspace/logsheets/filtered/water_sampling.csv,XSDString,mandatory
scientific name error,water,sampling,scientific_name,68,marine plankton metagenome,"scientific_name should be marine plankton metagenome)

   ",/github/workspace/logsheets/filtered/water_sampling.csv,XSDString,mandatory
scientific name error,water,sampling,scientific_name,69,metagenome,"scientific_name should be metagenome)

   ",/github/workspace/logsheets/filtered/water_sampling.csv,XSDString,mandatory
scientific name error,water,sampling,scientific_name,70,metagenome,"scientific_name should be metagenome)

   ",/github/workspace/logsheets/filtered/water_sampling.csv,XSDString,mandatory
scientific name error,water,sampling,scientific_name,71,marine plankton metagenome,"scientific_name should be marine plankton metagenome)

   ",/github/workspace/logsheets/filtered/water_sampling.csv,XSDString,mandatory
scientific name error,water,sampling,scientific_name,72,marine plankton metagenome,"scientific_name should be marine plankton metagenome)

   ",/github/workspace/logsheets/filtered/water_sampling.csv,XSDString,mandatory
scientific name error,water,sampling,scientific_name,73,marine plankton metagenome,"scientific_name should be marine plankton metagenome)

   ",/github/workspace/logsheets/filtered/water_sampling.csv,XSDString,mandatory
scientific name error,water,sampling,scientific_name,74,marine plankton metagenome,"scientific_name should be marine plankton metagenome)

   ",/github/workspace/logsheets/filtered/water_sampling.csv,XSDString,mandatory
scientific name error,water,sampling,scientific_name,75,marine plankton metagenome,"scientific_name should be marine plankton metagenome)

   ",/github/workspace/logsheets/filtered/water_sampling.csv,XSDString,mandatory
scientific name error,water,sampling,scientific_name,76,marine plankton metagenome,"scientific_name should be marine plankton metagenome)

   ",/github/workspace/logsheets/filtered/water_sampling.csv,XSDString,mandatory
scientific name error,water,sampling,scientific_name,77,marine plankton metagenome,"scientific_name should be marine plankton metagenome)

   ",/github/workspace/logsheets/filtered/water_sampling.csv,XSDString,mandatory
scientific name error,water,sampling,scientific_name,78,marine plankton metagenome,"scientific_name should be marine plankton metagenome)

   ",/github/workspace/logsheets/filtered/water_sampling.csv,XSDString,mandatory
scientific name error,water,sampling,scientific_name,79,metagenome,"scientific_name should be metagenome)

   ",/github/workspace/logsheets/filtered/water_sampling.csv,XSDString,mandatory
scientific name error,water,sampling,scientific_name,80,metagenome,"scientific_name should be metagenome)

   ",/github/workspace/logsheets/filtered/water_sampling.csv,XSDString,mandatory
scientific name error,water,sampling,scientific_name,81,marine plankton metagenome,"scientific_name should be marine plankton metagenome)

   ",/github/workspace/logsheets/filtered/water_sampling.csv,XSDString,mandatory
scientific name error,water,sampling,scientific_name,82,marine plankton metagenome,"scientific_name should be marine plankton metagenome)

   ",/github/workspace/logsheets/filtered/water_sampling.csv,XSDString,mandatory
scientific name error,water,sampling,scientific_name,83,marine plankton metagenome,"scientific_name should be marine plankton metagenome)

   ",/github/workspace/logsheets/filtered/water_sampling.csv,XSDString,mandatory
scientific name error,water,sampling,scientific_name,84,marine plankton metagenome,"scientific_name should be marine plankton metagenome)

   ",/github/workspace/logsheets/filtered/water_sampling.csv,XSDString,mandatory
scientific name error,water,sampling,scientific_name,85,marine plankton metagenome,"scientific_name should be marine plankton metagenome)

   ",/github/workspace/logsheets/filtered/water_sampling.csv,XSDString,mandatory
scientific name error,water,sampling,scientific_name,86,marine plankton metagenome,"scientific_name should be marine plankton metagenome)

   ",/github/workspace/logsheets/filtered/water_sampling.csv,XSDString,mandatory
scientific name error,water,sampling,scientific_name,87,marine plankton metagenome,"scientific_name should be marine plankton metagenome)

   ",/github/workspace/logsheets/filtered/water_sampling.csv,XSDString,mandatory
scientific name error,water,sampling,scientific_name,88,marine plankton metagenome,"scientific_name should be marine plankton metagenome)

   ",/github/workspace/logsheets/filtered/water_sampling.csv,XSDString,mandatory
scientific name error,water,sampling,scientific_name,89,metagenome,"scientific_name should be metagenome)

   ",/github/workspace/logsheets/filtered/water_sampling.csv,XSDString,mandatory
scientific name error,water,sampling,scientific_name,90,metagenome,"scientific_name should be metagenome)

   ",/github/workspace/logsheets/filtered/water_sampling.csv,XSDString,mandatory
membership violation,sediment,sampling,comm_samp,116,<empty>,"comm_samp must be in ['micro', 'meio', 'macro', 'blank']",/github/workspace/logsheets/filtered/sediment_sampling.csv,XSDString,mandatory
membership violation,sediment,sampling,comm_samp,117,<empty>,"comm_samp must be in ['micro', 'meio', 'macro', 'blank']",/github/workspace/logsheets/filtered/sediment_sampling.csv,XSDString,mandatory
membership violation,sediment,sampling,comm_samp,118,<empty>,"comm_samp must be in ['micro', 'meio', 'macro', 'blank']",/github/workspace/logsheets/filtered/sediment_sampling.csv,XSDString,mandatory
membership violation,sediment,sampling,comm_samp,119,<empty>,"comm_samp must be in ['micro', 'meio', 'macro', 'blank']",/github/workspace/logsheets/filtered/sediment_sampling.csv,XSDString,mandatory
membership violation,sediment,sampling,comm_samp,120,<empty>,"comm_samp must be in ['micro', 'meio', 'macro', 'blank']",/github/workspace/logsheets/filtered/sediment_sampling.csv,XSDString,mandatory
membership violation,sediment,sampling,comm_samp,121,<empty>,"comm_samp must be in ['micro', 'meio', 'macro', 'blank']",/github/workspace/logsheets/filtered/sediment_sampling.csv,XSDString,mandatory
membership violation,sediment,sampling,comm_samp,122,<empty>,"comm_samp must be in ['micro', 'meio', 'macro', 'blank']",/github/workspace/logsheets/filtered/sediment_sampling.csv,XSDString,mandatory
membership violation,sediment,sampling,comm_samp,123,<empty>,"comm_samp must be in ['micro', 'meio', 'macro', 'blank']",/github/workspace/logsheets/filtered/sediment_sampling.csv,XSDString,mandatory
membership violation,sediment,sampling,comm_samp,124,<empty>,"comm_samp must be in ['micro', 'meio', 'macro', 'blank']",/github/workspace/logsheets/filtered/sediment_sampling.csv,XSDString,mandatory
membership violation,sediment,sampling,comm_samp,125,<empty>,"comm_samp must be in ['micro', 'meio', 'macro', 'blank']",/github/workspace/logsheets/filtered/sediment_sampling.csv,XSDString,mandatory
membership violation,sediment,sampling,comm_samp,126,<empty>,"comm_samp must be in ['micro', 'meio', 'macro', 'blank']",/github/workspace/logsheets/filtered/sediment_sampling.csv,XSDString,mandatory
membership violation,sediment,sampling,comm_samp,127,<empty>,"comm_samp must be in ['micro', 'meio', 'macro', 'blank']",/github/workspace/logsheets/filtered/sediment_sampling.csv,XSDString,mandatory
missing value,sediment,measured,ph,116,<empty>,\,/github/workspace/logsheets/filtered/sediment_measured.csv,XSDDouble,mandatory
missing value,sediment,measured,ph,117,<empty>,\,/github/workspace/logsheets/filtered/sediment_measured.csv,XSDDouble,mandatory
missing value,sediment,measured,ph,118,<empty>,\,/github/workspace/logsheets/filtered/sediment_measured.csv,XSDDouble,mandatory
missing value,sediment,measured,ph,119,<empty>,\,/github/workspace/logsheets/filtered/sediment_measured.csv,XSDDouble,mandatory
missing value,sediment,measured,ph,120,<empty>,\,/github/workspace/logsheets/filtered/sediment_measured.csv,XSDDouble,mandatory
missing value,sediment,measured,ph,121,<empty>,\,/github/workspace/logsheets/filtered/sediment_measured.csv,XSDDouble,mandatory
missing value,sediment,measured,ph,122,<empty>,\,/github/workspace/logsheets/filtered/sediment_measured.csv,XSDDouble,mandatory
missing value,sediment,measured,ph,123,<empty>,\,/github/workspace/logsheets/filtered/sediment_measured.csv,XSDDouble,mandatory
missing value,sediment,measured,ph_method,116,<empty>,\,/github/workspace/logsheets/filtered/sediment_measured.csv,XSDString,mandatory
missing value,sediment,measured,ph_method,117,<empty>,\,/github/workspace/logsheets/filtered/sediment_measured.csv,XSDString,mandatory
missing value,sediment,measured,ph_method,118,<empty>,\,/github/workspace/logsheets/filtered/sediment_measured.csv,XSDString,mandatory
missing value,sediment,measured,ph_method,119,<empty>,\,/github/workspace/logsheets/filtered/sediment_measured.csv,XSDString,mandatory
missing value,sediment,measured,ph_method,120,<empty>,\,/github/workspace/logsheets/filtered/sediment_measured.csv,XSDString,mandatory
missing value,sediment,measured,ph_method,121,<empty>,\,/github/workspace/logsheets/filtered/sediment_measured.csv,XSDString,mandatory
missing value,sediment,measured,ph_method,122,<empty>,\,/github/workspace/logsheets/filtered/sediment_measured.csv,XSDString,mandatory
missing value,sediment,measured,ph_method,123,<empty>,\,/github/workspace/logsheets/filtered/sediment_measured.csv,XSDString,mandatory
missing value,sediment,measured,redox_potential,116,<empty>,\,/github/workspace/logsheets/filtered/sediment_measured.csv,XSDDouble,mandatory
missing value,sediment,measured,redox_potential,117,<empty>,\,/github/workspace/logsheets/filtered/sediment_measured.csv,XSDDouble,mandatory
missing value,sediment,measured,redox_potential,118,<empty>,\,/github/workspace/logsheets/filtered/sediment_measured.csv,XSDDouble,mandatory
missing value,sediment,measured,redox_potential,119,<empty>,\,/github/workspace/logsheets/filtered/sediment_measured.csv,XSDDouble,mandatory
missing value,sediment,measured,redox_potential,120,<empty>,\,/github/workspace/logsheets/filtered/sediment_measured.csv,XSDDouble,mandatory
missing value,sediment,measured,redox_potential,121,<empty>,\,/github/workspace/logsheets/filtered/sediment_measured.csv,XSDDouble,mandatory
missing value,sediment,measured,redox_potential,122,<empty>,\,/github/workspace/logsheets/filtered/sediment_measured.csv,XSDDouble,mandatory
missing value,sediment,measured,redox_potential,123,<empty>,\,/github/workspace/logsheets/filtered/sediment_measured.csv,XSDDouble,mandatory
missing value,sediment,measured,sea_surf_temp,116,<empty>,\,/github/workspace/logsheets/filtered/sediment_measured.csv,XSDDouble,mandatory
missing value,sediment,measured,sea_surf_temp,117,<empty>,\,/github/workspace/logsheets/filtered/sediment_measured.csv,XSDDouble,mandatory
missing value,sediment,measured,sea_surf_temp,118,<empty>,\,/github/workspace/logsheets/filtered/sediment_measured.csv,XSDDouble,mandatory
missing value,sediment,measured,sea_surf_temp,119,<empty>,\,/github/workspace/logsheets/filtered/sediment_measured.csv,XSDDouble,mandatory
missing value,sediment,measured,sea_surf_temp,120,<empty>,\,/github/workspace/logsheets/filtered/sediment_measured.csv,XSDDouble,mandatory
missing value,sediment,measured,sea_surf_temp,121,<empty>,\,/github/workspace/logsheets/filtered/sediment_measured.csv,XSDDouble,mandatory
missing value,sediment,measured,sea_surf_temp,122,<empty>,\,/github/workspace/logsheets/filtered/sediment_measured.csv,XSDDouble,mandatory
missing value,sediment,measured,sea_surf_temp,123,<empty>,\,/github/workspace/logsheets/filtered/sediment_measured.csv,XSDDouble,mandatory
missing value,sediment,measured,sea_surf_temp_method,116,<empty>,\,/github/workspace/logsheets/filtered/sediment_measured.csv,XSDString,mandatory
missing value,sediment,measured,sea_surf_temp_method,117,<empty>,\,/github/workspace/logsheets/filtered/sediment_measured.csv,XSDString,mandatory
missing value,sediment,measured,sea_surf_temp_method,118,<empty>,\,/github/workspace/logsheets/filtered/sediment_measured.csv,XSDString,mandatory
missing value,sediment,measured,sea_surf_temp_method,119,<empty>,\,/github/workspace/logsheets/filtered/sediment_measured.csv,XSDString,mandatory
missing value,sediment,measured,sea_surf_temp_method,120,<empty>,\,/github/workspace/logsheets/filtered/sediment_measured.csv,XSDString,mandatory
missing value,sediment,measured,sea_surf_temp_method,121,<empty>,\,/github/workspace/logsheets/filtered/sediment_measured.csv,XSDString,mandatory
missing value,sediment,measured,sea_surf_temp_method,122,<empty>,\,/github/workspace/logsheets/filtered/sediment_measured.csv,XSDString,mandatory
missing value,sediment,measured,sea_surf_temp_method,123,<empty>,\,/github/workspace/logsheets/filtered/sediment_measured.csv,XSDString,mandatory
missing value,sediment,measured,sediment_temp,116,<empty>,\,/github/workspace/logsheets/filtered/sediment_measured.csv,XSDDouble,mandatory
missing value,sediment,measured,sediment_temp,117,<empty>,\,/github/workspace/logsheets/filtered/sediment_measured.csv,XSDDouble,mandatory
missing value,sediment,measured,sediment_temp,118,<empty>,\,/github/workspace/logsheets/filtered/sediment_measured.csv,XSDDouble,mandatory
missing value,sediment,measured,sediment_temp,119,<empty>,\,/github/workspace/logsheets/filtered/sediment_measured.csv,XSDDouble,mandatory
missing value,sediment,measured,sediment_temp,120,<empty>,\,/github/workspace/logsheets/filtered/sediment_measured.csv,XSDDouble,mandatory
missing value,sediment,measured,sediment_temp,121,<empty>,\,/github/workspace/logsheets/filtered/sediment_measured.csv,XSDDouble,mandatory
missing value,sediment,measured,sediment_temp,122,<empty>,\,/github/workspace/logsheets/filtered/sediment_measured.csv,XSDDouble,mandatory
missing value,sediment,measured,sediment_temp,123,<empty>,\,/github/workspace/logsheets/filtered/sediment_measured.csv,XSDDouble,mandatory
missing value,sediment,measured,sediment_temp_method,116,<empty>,\,/github/workspace/logsheets/filtered/sediment_measured.csv,XSDString,mandatory
missing value,sediment,measured,sediment_temp_method,117,<empty>,\,/github/workspace/logsheets/filtered/sediment_measured.csv,XSDString,mandatory
missing value,sediment,measured,sediment_temp_method,118,<empty>,\,/github/workspace/logsheets/filtered/sediment_measured.csv,XSDString,mandatory
missing value,sediment,measured,sediment_temp_method,119,<empty>,\,/github/workspace/logsheets/filtered/sediment_measured.csv,XSDString,mandatory
missing value,sediment,measured,sediment_temp_method,120,<empty>,\,/github/workspace/logsheets/filtered/sediment_measured.csv,XSDString,mandatory
missing value,sediment,measured,sediment_temp_method,121,<empty>,\,/github/workspace/logsheets/filtered/sediment_measured.csv,XSDString,mandatory
missing value,sediment,measured,sediment_temp_method,122,<empty>,\,/github/workspace/logsheets/filtered/sediment_measured.csv,XSDString,mandatory
missing value,sediment,measured,sediment_temp_method,123,<empty>,\,/github/workspace/logsheets/filtered/sediment_measured.csv,XSDString,mandatory
missing value,sediment,sampling,ENA_accession_number_sample,116,<empty>,\,/github/workspace/logsheets/filtered/sediment_sampling.csv,XSDAnyURI,mandatory
missing value,sediment,sampling,ENA_accession_number_sample,117,<empty>,\,/github/workspace/logsheets/filtered/sediment_sampling.csv,XSDAnyURI,mandatory
missing value,sediment,sampling,ENA_accession_number_sample,118,<empty>,\,/github/workspace/logsheets/filtered/sediment_sampling.csv,XSDAnyURI,mandatory
missing value,sediment,sampling,ENA_accession_number_sample,119,<empty>,\,/github/workspace/logsheets/filtered/sediment_sampling.csv,XSDAnyURI,mandatory
missing value,sediment,sampling,ENA_accession_number_sample,120,<empty>,\,/github/workspace/logsheets/filtered/sediment_sampling.csv,XSDAnyURI,mandatory
missing value,sediment,sampling,ENA_accession_number_sample,121,<empty>,\,/github/workspace/logsheets/filtered/sediment_sampling.csv,XSDAnyURI,mandatory
missing value,sediment,sampling,ENA_accession_number_sample,122,<empty>,\,/github/workspace/logsheets/filtered/sediment_sampling.csv,XSDAnyURI,mandatory
missing value,sediment,sampling,ENA_accession_number_sample,123,<empty>,\,/github/workspace/logsheets/filtered/sediment_sampling.csv,XSDAnyURI,mandatory
missing value,sediment,sampling,ENA_accession_number_sample,124,<empty>,\,/github/workspace/logsheets/filtered/sediment_sampling.csv,XSDAnyURI,mandatory
missing value,sediment,sampling,ENA_accession_number_sample,125,<empty>,\,/github/workspace/logsheets/filtered/sediment_sampling.csv,XSDAnyURI,mandatory
missing value,sediment,sampling,ENA_accession_number_sample,126,<empty>,\,/github/workspace/logsheets/filtered/sediment_sampling.csv,XSDAnyURI,mandatory
missing value,sediment,sampling,ENA_accession_number_sample,127,<empty>,\,/github/workspace/logsheets/filtered/sediment_sampling.csv,XSDAnyURI,mandatory
missing value,sediment,sampling,arr_date_hq,116,<empty>,\,/github/workspace/logsheets/filtered/sediment_sampling.csv,XSDDate,mandatory
missing value,sediment,sampling,arr_date_hq,117,<empty>,\,/github/workspace/logsheets/filtered/sediment_sampling.csv,XSDDate,mandatory
missing value,sediment,sampling,arr_date_hq,118,<empty>,\,/github/workspace/logsheets/filtered/sediment_sampling.csv,XSDDate,mandatory
missing value,sediment,sampling,arr_date_hq,119,<empty>,\,/github/workspace/logsheets/filtered/sediment_sampling.csv,XSDDate,mandatory
missing value,sediment,sampling,arr_date_hq,120,<empty>,\,/github/workspace/logsheets/filtered/sediment_sampling.csv,XSDDate,mandatory
missing value,sediment,sampling,arr_date_hq,121,<empty>,\,/github/workspace/logsheets/filtered/sediment_sampling.csv,XSDDate,mandatory
missing value,sediment,sampling,arr_date_hq,122,<empty>,\,/github/workspace/logsheets/filtered/sediment_sampling.csv,XSDDate,mandatory
missing value,sediment,sampling,arr_date_hq,123,<empty>,\,/github/workspace/logsheets/filtered/sediment_sampling.csv,XSDDate,mandatory
missing value,sediment,sampling,arr_date_hq,124,<empty>,\,/github/workspace/logsheets/filtered/sediment_sampling.csv,XSDDate,mandatory
missing value,sediment,sampling,arr_date_hq,125,<empty>,\,/github/workspace/logsheets/filtered/sediment_sampling.csv,XSDDate,mandatory
missing value,sediment,sampling,arr_date_hq,126,<empty>,\,/github/workspace/logsheets/filtered/sediment_sampling.csv,XSDDate,mandatory
missing value,sediment,sampling,arr_date_hq,127,<empty>,\,/github/workspace/logsheets/filtered/sediment_sampling.csv,XSDDate,mandatory
missing value,sediment,sampling,arr_date_seq,116,<empty>,\,/github/workspace/logsheets/filtered/sediment_sampling.csv,XSDDate,mandatory
missing value,sediment,sampling,arr_date_seq,117,<empty>,\,/github/workspace/logsheets/filtered/sediment_sampling.csv,XSDDate,mandatory
missing value,sediment,sampling,arr_date_seq,118,<empty>,\,/github/workspace/logsheets/filtered/sediment_sampling.csv,XSDDate,mandatory
missing value,sediment,sampling,arr_date_seq,119,<empty>,\,/github/workspace/logsheets/filtered/sediment_sampling.csv,XSDDate,mandatory
missing value,sediment,sampling,arr_date_seq,120,<empty>,\,/github/workspace/logsheets/filtered/sediment_sampling.csv,XSDDate,mandatory
missing value,sediment,sampling,arr_date_seq,121,<empty>,\,/github/workspace/logsheets/filtered/sediment_sampling.csv,XSDDate,mandatory
missing value,sediment,sampling,arr_date_seq,122,<empty>,\,/github/workspace/logsheets/filtered/sediment_sampling.csv,XSDDate,mandatory
missing value,sediment,sampling,arr_date_seq,123,<empty>,\,/github/workspace/logsheets/filtered/sediment_sampling.csv,XSDDate,mandatory
missing value,sediment,sampling,arr_date_seq,124,<empty>,\,/github/workspace/logsheets/filtered/sediment_sampling.csv,XSDDate,mandatory
missing value,sediment,sampling,arr_date_seq,125,<empty>,\,/github/workspace/logsheets/filtered/sediment_sampling.csv,XSDDate,mandatory
missing value,sediment,sampling,arr_date_seq,126,<empty>,\,/github/workspace/logsheets/filtered/sediment_sampling.csv,XSDDate,mandatory
missing value,sediment,sampling,arr_date_seq,127,<empty>,\,/github/workspace/logsheets/filtered/sediment_sampling.csv,XSDDate,mandatory
missing value,sediment,sampling,collection_date,116,<empty>,\,/github/workspace/logsheets/filtered/sediment_sampling.csv,XSDDate,mandatory
missing value,sediment,sampling,collection_date,117,<empty>,\,/github/workspace/logsheets/filtered/sediment_sampling.csv,XSDDate,mandatory
missing value,sediment,sampling,collection_date,118,<empty>,\,/github/workspace/logsheets/filtered/sediment_sampling.csv,XSDDate,mandatory
missing value,sediment,sampling,collection_date,119,<empty>,\,/github/workspace/logsheets/filtered/sediment_sampling.csv,XSDDate,mandatory
missing value,sediment,sampling,collection_date,120,<empty>,\,/github/workspace/logsheets/filtered/sediment_sampling.csv,XSDDate,mandatory
missing value,sediment,sampling,collection_date,121,<empty>,\,/github/workspace/logsheets/filtered/sediment_sampling.csv,XSDDate,mandatory
missing value,sediment,sampling,collection_date,122,<empty>,\,/github/workspace/logsheets/filtered/sediment_sampling.csv,XSDDate,mandatory
missing value,sediment,sampling,collection_date,123,<empty>,\,/github/workspace/logsheets/filtered/sediment_sampling.csv,XSDDate,mandatory
missing value,sediment,sampling,collection_date,124,<empty>,\,/github/workspace/logsheets/filtered/sediment_sampling.csv,XSDDate,mandatory
missing value,sediment,sampling,collection_date,125,<empty>,\,/github/workspace/logsheets/filtered/sediment_sampling.csv,XSDDate,mandatory
missing value,sediment,sampling,collection_date,126,<empty>,\,/github/workspace/logsheets/filtered/sediment_sampling.csv,XSDDate,mandatory
missing value,sediment,sampling,collection_date,127,<empty>,\,/github/workspace/logsheets/filtered/sediment_sampling.csv,XSDDate,mandatory
missing value,sediment,sampling,depth,116,<empty>,\,/github/workspace/logsheets/filtered/sediment_sampling.csv,XSDString,mandatory
missing value,sediment,sampling,depth,117,<empty>,\,/github/workspace/logsheets/filtered/sediment_sampling.csv,XSDString,mandatory
missing value,sediment,sampling,depth,118,<empty>,\,/github/workspace/logsheets/filtered/sediment_sampling.csv,XSDString,mandatory
missing value,sediment,sampling,depth,119,<empty>,\,/github/workspace/logsheets/filtered/sediment_sampling.csv,XSDString,mandatory
missing value,sediment,sampling,depth,120,<empty>,\,/github/workspace/logsheets/filtered/sediment_sampling.csv,XSDString,mandatory
missing value,sediment,sampling,depth,121,<empty>,\,/github/workspace/logsheets/filtered/sediment_sampling.csv,XSDString,mandatory
missing value,sediment,sampling,depth,122,<empty>,\,/github/workspace/logsheets/filtered/sediment_sampling.csv,XSDString,mandatory
missing value,sediment,sampling,depth,123,<empty>,\,/github/workspace/logsheets/filtered/sediment_sampling.csv,XSDString,mandatory
missing value,sediment,sampling,depth,124,<empty>,\,/github/workspace/logsheets/filtered/sediment_sampling.csv,XSDString,mandatory
missing value,sediment,sampling,depth,125,<empty>,\,/github/workspace/logsheets/filtered/sediment_sampling.csv,XSDString,mandatory
missing value,sediment,sampling,depth,126,<empty>,\,/github/workspace/logsheets/filtered/sediment_sampling.csv,XSDString,mandatory
missing value,sediment,sampling,depth,127,<empty>,\,/github/workspace/logsheets/filtered/sediment_sampling.csv,XSDString,mandatory
missing value,sediment,sampling,env_material,116,<empty>,\,/github/workspace/logsheets/filtered/sediment_sampling.csv,EMOBONList,mandatory
missing value,sediment,sampling,env_material,117,<empty>,\,/github/workspace/logsheets/filtered/sediment_sampling.csv,EMOBONList,mandatory
missing value,sediment,sampling,env_material,118,<empty>,\,/github/workspace/logsheets/filtered/sediment_sampling.csv,EMOBONList,mandatory
missing value,sediment,sampling,env_material,119,<empty>,\,/github/workspace/logsheets/filtered/sediment_sampling.csv,EMOBONList,mandatory
missing value,sediment,sampling,env_material,120,<empty>,\,/github/workspace/logsheets/filtered/sediment_sampling.csv,EMOBONList,mandatory
missing value,sediment,sampling,env_material,121,<empty>,\,/github/workspace/logsheets/filtered/sediment_sampling.csv,EMOBONList,mandatory
missing value,sediment,sampling,env_material,122,<empty>,\,/github/workspace/logsheets/filtered/sediment_sampling.csv,EMOBONList,mandatory
missing value,sediment,sampling,env_material,123,<empty>,\,/github/workspace/logsheets/filtered/sediment_sampling.csv,EMOBONList,mandatory
missing value,sediment,sampling,env_material,124,<empty>,\,/github/workspace/logsheets/filtered/sediment_sampling.csv,EMOBONList,mandatory
missing value,sediment,sampling,env_material,125,<empty>,\,/github/workspace/logsheets/filtered/sediment_sampling.csv,EMOBONList,mandatory
missing value,sediment,sampling,env_material,126,<empty>,\,/github/workspace/logsheets/filtered/sediment_sampling.csv,EMOBONList,mandatory
missing value,sediment,sampling,env_material,127,<empty>,\,/github/workspace/logsheets/filtered/sediment_sampling.csv,EMOBONList,mandatory
missing value,sediment,sampling,investigation_type,116,<empty>,\,/github/workspace/logsheets/filtered/sediment_sampling.csv,XSDString,mandatory
missing value,sediment,sampling,investigation_type,117,<empty>,\,/github/workspace/logsheets/filtered/sediment_sampling.csv,XSDString,mandatory
missing value,sediment,sampling,investigation_type,118,<empty>,\,/github/workspace/logsheets/filtered/sediment_sampling.csv,XSDString,mandatory
missing value,sediment,sampling,investigation_type,119,<empty>,\,/github/workspace/logsheets/filtered/sediment_sampling.csv,XSDString,mandatory
missing value,sediment,sampling,investigation_type,120,<empty>,\,/github/workspace/logsheets/filtered/sediment_sampling.csv,XSDString,mandatory
missing value,sediment,sampling,investigation_type,121,<empty>,\,/github/workspace/logsheets/filtered/sediment_sampling.csv,XSDString,mandatory
missing value,sediment,sampling,investigation_type,122,<empty>,\,/github/workspace/logsheets/filtered/sediment_sampling.csv,XSDString,mandatory
missing value,sediment,sampling,investigation_type,123,<empty>,\,/github/workspace/logsheets/filtered/sediment_sampling.csv,XSDString,mandatory
missing value,sediment,sampling,investigation_type,124,<empty>,\,/github/workspace/logsheets/filtered/sediment_sampling.csv,XSDString,mandatory
missing value,sediment,sampling,investigation_type,125,<empty>,\,/github/workspace/logsheets/filtered/sediment_sampling.csv,XSDString,mandatory
missing value,sediment,sampling,investigation_type,126,<empty>,\,/github/workspace/logsheets/filtered/sediment_sampling.csv,XSDString,mandatory
missing value,sediment,sampling,investigation_type,127,<empty>,\,/github/workspace/logsheets/filtered/sediment_sampling.csv,XSDString,mandatory
missing value,sediment,sampling,long_store,116,<empty>,\,/github/workspace/logsheets/filtered/sediment_sampling.csv,XSDBoolean,mandatory
missing value,sediment,sampling,long_store,117,<empty>,\,/github/workspace/logsheets/filtered/sediment_sampling.csv,XSDBoolean,mandatory
missing value,sediment,sampling,long_store,118,<empty>,\,/github/workspace/logsheets/filtered/sediment_sampling.csv,XSDBoolean,mandatory
missing value,sediment,sampling,long_store,119,<empty>,\,/github/workspace/logsheets/filtered/sediment_sampling.csv,XSDBoolean,mandatory
missing value,sediment,sampling,long_store,120,<empty>,\,/github/workspace/logsheets/filtered/sediment_sampling.csv,XSDBoolean,mandatory
missing value,sediment,sampling,long_store,121,<empty>,\,/github/workspace/logsheets/filtered/sediment_sampling.csv,XSDBoolean,mandatory
missing value,sediment,sampling,long_store,122,<empty>,\,/github/workspace/logsheets/filtered/sediment_sampling.csv,XSDBoolean,mandatory
missing value,sediment,sampling,long_store,123,<empty>,\,/github/workspace/logsheets/filtered/sediment_sampling.csv,XSDBoolean,mandatory
missing value,sediment,sampling,long_store,124,<empty>,\,/github/workspace/logsheets/filtered/sediment_sampling.csv,XSDBoolean,mandatory
missing value,sediment,sampling,long_store,125,<empty>,\,/github/workspace/logsheets/filtered/sediment_sampling.csv,XSDBoolean,mandatory
missing value,sediment,sampling,long_store,126,<empty>,\,/github/workspace/logsheets/filtered/sediment_sampling.csv,XSDBoolean,mandatory
missing value,sediment,sampling,long_store,127,<empty>,\,/github/workspace/logsheets/filtered/sediment_sampling.csv,XSDBoolean,mandatory
missing value,sediment,sampling,samp_collect_device,116,<empty>,\,/github/workspace/logsheets/filtered/sediment_sampling.csv,XSDString,mandatory
missing value,sediment,sampling,samp_collect_device,117,<empty>,\,/github/workspace/logsheets/filtered/sediment_sampling.csv,XSDString,mandatory
missing value,sediment,sampling,samp_collect_device,118,<empty>,\,/github/workspace/logsheets/filtered/sediment_sampling.csv,XSDString,mandatory
missing value,sediment,sampling,samp_collect_device,119,<empty>,\,/github/workspace/logsheets/filtered/sediment_sampling.csv,XSDString,mandatory
missing value,sediment,sampling,samp_collect_device,120,<empty>,\,/github/workspace/logsheets/filtered/sediment_sampling.csv,XSDString,mandatory
missing value,sediment,sampling,samp_collect_device,121,<empty>,\,/github/workspace/logsheets/filtered/sediment_sampling.csv,XSDString,mandatory
missing value,sediment,sampling,samp_collect_device,122,<empty>,\,/github/workspace/logsheets/filtered/sediment_sampling.csv,XSDString,mandatory
missing value,sediment,sampling,samp_collect_device,123,<empty>,\,/github/workspace/logsheets/filtered/sediment_sampling.csv,XSDString,mandatory
missing value,sediment,sampling,samp_collect_device,124,<empty>,\,/github/workspace/logsheets/filtered/sediment_sampling.csv,XSDString,mandatory
missing value,sediment,sampling,samp_collect_device,125,<empty>,\,/github/workspace/logsheets/filtered/sediment_sampling.csv,XSDString,mandatory
missing value,sediment,sampling,samp_collect_device,126,<empty>,\,/github/workspace/logsheets/filtered/sediment_sampling.csv,XSDString,mandatory
missing value,sediment,sampling,samp_collect_device,127,<empty>,\,/github/workspace/logsheets/filtered/sediment_sampling.csv,XSDString,mandatory
missing value,sediment,sampling,samp_description,116,<empty>,\,/github/workspace/logsheets/filtered/sediment_sampling.csv,XSDString,mandatory
missing value,sediment,sampling,samp_description,117,<empty>,\,/github/workspace/logsheets/filtered/sediment_sampling.csv,XSDString,mandatory
missing value,sediment,sampling,samp_description,118,<empty>,\,/github/workspace/logsheets/filtered/sediment_sampling.csv,XSDString,mandatory
missing value,sediment,sampling,samp_description,119,<empty>,\,/github/workspace/logsheets/filtered/sediment_sampling.csv,XSDString,mandatory
missing value,sediment,sampling,samp_description,120,<empty>,\,/github/workspace/logsheets/filtered/sediment_sampling.csv,XSDString,mandatory
missing value,sediment,sampling,samp_description,121,<empty>,\,/github/workspace/logsheets/filtered/sediment_sampling.csv,XSDString,mandatory
missing value,sediment,sampling,samp_description,122,<empty>,\,/github/workspace/logsheets/filtered/sediment_sampling.csv,XSDString,mandatory
missing value,sediment,sampling,samp_description,123,<empty>,\,/github/workspace/logsheets/filtered/sediment_sampling.csv,XSDString,mandatory
missing value,sediment,sampling,samp_description,124,<empty>,\,/github/workspace/logsheets/filtered/sediment_sampling.csv,XSDString,mandatory
missing value,sediment,sampling,samp_description,125,<empty>,\,/github/workspace/logsheets/filtered/sediment_sampling.csv,XSDString,mandatory
missing value,sediment,sampling,samp_description,126,<empty>,\,/github/workspace/logsheets/filtered/sediment_sampling.csv,XSDString,mandatory
missing value,sediment,sampling,samp_description,127,<empty>,\,/github/workspace/logsheets/filtered/sediment_sampling.csv,XSDString,mandatory
missing value,sediment,sampling,samp_size_mass,116,<empty>,\,/github/workspace/logsheets/filtered/sediment_sampling.csv,XSDDouble,mandatory
missing value,sediment,sampling,samp_size_mass,117,<empty>,\,/github/workspace/logsheets/filtered/sediment_sampling.csv,XSDDouble,mandatory
missing value,sediment,sampling,samp_size_mass,118,<empty>,\,/github/workspace/logsheets/filtered/sediment_sampling.csv,XSDDouble,mandatory
missing value,sediment,sampling,samp_size_mass,119,<empty>,\,/github/workspace/logsheets/filtered/sediment_sampling.csv,XSDDouble,mandatory
missing value,sediment,sampling,samp_size_mass,120,<empty>,\,/github/workspace/logsheets/filtered/sediment_sampling.csv,XSDDouble,mandatory
missing value,sediment,sampling,samp_size_mass,121,<empty>,\,/github/workspace/logsheets/filtered/sediment_sampling.csv,XSDDouble,mandatory
missing value,sediment,sampling,samp_size_mass,122,<empty>,\,/github/workspace/logsheets/filtered/sediment_sampling.csv,XSDDouble,mandatory
missing value,sediment,sampling,samp_size_mass,123,<empty>,\,/github/workspace/logsheets/filtered/sediment_sampling.csv,XSDDouble,mandatory
missing value,sediment,sampling,samp_size_mass,124,<empty>,\,/github/workspace/logsheets/filtered/sediment_sampling.csv,XSDDouble,mandatory
missing value,sediment,sampling,samp_size_mass,125,<empty>,\,/github/workspace/logsheets/filtered/sediment_sampling.csv,XSDDouble,mandatory
missing value,sediment,sampling,samp_size_mass,126,<empty>,\,/github/workspace/logsheets/filtered/sediment_sampling.csv,XSDDouble,mandatory
missing value,sediment,sampling,samp_size_mass,127,<empty>,\,/github/workspace/logsheets/filtered/sediment_sampling.csv,XSDDouble,mandatory
missing value,sediment,sampling,samp_mat_process,116,<empty>,\,/github/workspace/logsheets/filtered/sediment_sampling.csv,XSDString,mandatory
missing value,sediment,sampling,samp_mat_process,117,<empty>,\,/github/workspace/logsheets/filtered/sediment_sampling.csv,XSDString,mandatory
missing value,sediment,sampling,samp_mat_process,118,<empty>,\,/github/workspace/logsheets/filtered/sediment_sampling.csv,XSDString,mandatory
missing value,sediment,sampling,samp_mat_process,119,<empty>,\,/github/workspace/logsheets/filtered/sediment_sampling.csv,XSDString,mandatory
missing value,sediment,sampling,samp_mat_process,120,<empty>,\,/github/workspace/logsheets/filtered/sediment_sampling.csv,XSDString,mandatory
missing value,sediment,sampling,samp_mat_process,121,<empty>,\,/github/workspace/logsheets/filtered/sediment_sampling.csv,XSDString,mandatory
missing value,sediment,sampling,samp_mat_process,122,<empty>,\,/github/workspace/logsheets/filtered/sediment_sampling.csv,XSDString,mandatory
missing value,sediment,sampling,samp_mat_process,123,<empty>,\,/github/workspace/logsheets/filtered/sediment_sampling.csv,XSDString,mandatory
missing value,sediment,sampling,samp_mat_process,124,<empty>,\,/github/workspace/logsheets/filtered/sediment_sampling.csv,XSDString,mandatory
missing value,sediment,sampling,samp_mat_process,125,<empty>,\,/github/workspace/logsheets/filtered/sediment_sampling.csv,XSDString,mandatory
missing value,sediment,sampling,samp_mat_process,126,<empty>,\,/github/workspace/logsheets/filtered/sediment_sampling.csv,XSDString,mandatory
missing value,sediment,sampling,samp_mat_process,127,<empty>,\,/github/workspace/logsheets/filtered/sediment_sampling.csv,XSDString,mandatory
missing value,sediment,sampling,samp_mat_process_dev,116,<empty>,\,/github/workspace/logsheets/filtered/sediment_sampling.csv,XSDString,mandatory
missing value,sediment,sampling,samp_mat_process_dev,117,<empty>,\,/github/workspace/logsheets/filtered/sediment_sampling.csv,XSDString,mandatory
missing value,sediment,sampling,samp_mat_process_dev,118,<empty>,\,/github/workspace/logsheets/filtered/sediment_sampling.csv,XSDString,mandatory
missing value,sediment,sampling,samp_mat_process_dev,119,<empty>,\,/github/workspace/logsheets/filtered/sediment_sampling.csv,XSDString,mandatory
missing value,sediment,sampling,samp_mat_process_dev,120,<empty>,\,/github/workspace/logsheets/filtered/sediment_sampling.csv,XSDString,mandatory
missing value,sediment,sampling,samp_mat_process_dev,121,<empty>,\,/github/workspace/logsheets/filtered/sediment_sampling.csv,XSDString,mandatory
missing value,sediment,sampling,samp_mat_process_dev,122,<empty>,\,/github/workspace/logsheets/filtered/sediment_sampling.csv,XSDString,mandatory
missing value,sediment,sampling,samp_mat_process_dev,123,<empty>,\,/github/workspace/logsheets/filtered/sediment_sampling.csv,XSDString,mandatory
missing value,sediment,sampling,samp_mat_process_dev,124,<empty>,\,/github/workspace/logsheets/filtered/sediment_sampling.csv,XSDString,mandatory
missing value,sediment,sampling,samp_mat_process_dev,125,<empty>,\,/github/workspace/logsheets/filtered/sediment_sampling.csv,XSDString,mandatory
missing value,sediment,sampling,samp_mat_process_dev,126,<empty>,\,/github/workspace/logsheets/filtered/sediment_sampling.csv,XSDString,mandatory
missing value,sediment,sampling,samp_mat_process_dev,127,<empty>,\,/github/workspace/logsheets/filtered/sediment_sampling.csv,XSDString,mandatory
missing value,sediment,sampling,samp_store_loc,116,<empty>,\,/github/workspace/logsheets/filtered/sediment_sampling.csv,XSDString,mandatory
missing value,sediment,sampling,samp_store_loc,117,<empty>,\,/github/workspace/logsheets/filtered/sediment_sampling.csv,XSDString,mandatory
missing value,sediment,sampling,samp_store_loc,118,<empty>,\,/github/workspace/logsheets/filtered/sediment_sampling.csv,XSDString,mandatory
missing value,sediment,sampling,samp_store_loc,119,<empty>,\,/github/workspace/logsheets/filtered/sediment_sampling.csv,XSDString,mandatory
missing value,sediment,sampling,samp_store_loc,120,<empty>,\,/github/workspace/logsheets/filtered/sediment_sampling.csv,XSDString,mandatory
missing value,sediment,sampling,samp_store_loc,121,<empty>,\,/github/workspace/logsheets/filtered/sediment_sampling.csv,XSDString,mandatory
missing value,sediment,sampling,samp_store_loc,122,<empty>,\,/github/workspace/logsheets/filtered/sediment_sampling.csv,XSDString,mandatory
missing value,sediment,sampling,samp_store_loc,123,<empty>,\,/github/workspace/logsheets/filtered/sediment_sampling.csv,XSDString,mandatory
missing value,sediment,sampling,samp_store_loc,124,<empty>,\,/github/workspace/logsheets/filtered/sediment_sampling.csv,XSDString,mandatory
missing value,sediment,sampling,samp_store_loc,125,<empty>,\,/github/workspace/logsheets/filtered/sediment_sampling.csv,XSDString,mandatory
missing value,sediment,sampling,samp_store_loc,126,<empty>,\,/github/workspace/logsheets/filtered/sediment_sampling.csv,XSDString,mandatory
missing value,sediment,sampling,samp_store_loc,127,<empty>,\,/github/workspace/logsheets/filtered/sediment_sampling.csv,XSDString,mandatory
missing value,sediment,sampling,samp_store_temp,116,<empty>,\,/github/workspace/logsheets/filtered/sediment_sampling.csv,XSDString,mandatory
missing value,sediment,sampling,samp_store_temp,117,<empty>,\,/github/workspace/logsheets/filtered/sediment_sampling.csv,XSDString,mandatory
missing value,sediment,sampling,samp_store_temp,118,<empty>,\,/github/workspace/logsheets/filtered/sediment_sampling.csv,XSDString,mandatory
missing value,sediment,sampling,samp_store_temp,119,<empty>,\,/github/workspace/logsheets/filtered/sediment_sampling.csv,XSDString,mandatory
missing value,sediment,sampling,samp_store_temp,120,<empty>,\,/github/workspace/logsheets/filtered/sediment_sampling.csv,XSDString,mandatory
missing value,sediment,sampling,samp_store_temp,121,<empty>,\,/github/workspace/logsheets/filtered/sediment_sampling.csv,XSDString,mandatory
missing value,sediment,sampling,samp_store_temp,122,<empty>,\,/github/workspace/logsheets/filtered/sediment_sampling.csv,XSDString,mandatory
missing value,sediment,sampling,samp_store_temp,123,<empty>,\,/github/workspace/logsheets/filtered/sediment_sampling.csv,XSDString,mandatory
missing value,sediment,sampling,samp_store_temp,124,<empty>,\,/github/workspace/logsheets/filtered/sediment_sampling.csv,XSDString,mandatory
missing value,sediment,sampling,samp_store_temp,125,<empty>,\,/github/workspace/logsheets/filtered/sediment_sampling.csv,XSDString,mandatory
missing value,sediment,sampling,samp_store_temp,126,<empty>,\,/github/workspace/logsheets/filtered/sediment_sampling.csv,XSDString,mandatory
missing value,sediment,sampling,samp_store_temp,127,<empty>,\,/github/workspace/logsheets/filtered/sediment_sampling.csv,XSDString,mandatory
missing value,sediment,sampling,sampl_person,116,<empty>,\,/github/workspace/logsheets/filtered/sediment_sampling.csv,XSDString,mandatory
missing value,sediment,sampling,sampl_person,117,<empty>,\,/github/workspace/logsheets/filtered/sediment_sampling.csv,XSDString,mandatory
missing value,sediment,sampling,sampl_person,118,<empty>,\,/github/workspace/logsheets/filtered/sediment_sampling.csv,XSDString,mandatory
missing value,sediment,sampling,sampl_person,119,<empty>,\,/github/workspace/logsheets/filtered/sediment_sampling.csv,XSDString,mandatory
missing value,sediment,sampling,sampl_person,120,<empty>,\,/github/workspace/logsheets/filtered/sediment_sampling.csv,XSDString,mandatory
missing value,sediment,sampling,sampl_person,121,<empty>,\,/github/workspace/logsheets/filtered/sediment_sampling.csv,XSDString,mandatory
missing value,sediment,sampling,sampl_person,122,<empty>,\,/github/workspace/logsheets/filtered/sediment_sampling.csv,XSDString,mandatory
missing value,sediment,sampling,sampl_person,123,<empty>,\,/github/workspace/logsheets/filtered/sediment_sampling.csv,XSDString,mandatory
missing value,sediment,sampling,sampl_person,124,<empty>,\,/github/workspace/logsheets/filtered/sediment_sampling.csv,XSDString,mandatory
missing value,sediment,sampling,sampl_person,125,<empty>,\,/github/workspace/logsheets/filtered/sediment_sampling.csv,XSDString,mandatory
missing value,sediment,sampling,sampl_person,126,<empty>,\,/github/workspace/logsheets/filtered/sediment_sampling.csv,XSDString,mandatory
missing value,sediment,sampling,sampl_person,127,<empty>,\,/github/workspace/logsheets/filtered/sediment_sampling.csv,XSDString,mandatory
missing value,sediment,sampling,sampling_event,116,<empty>,\,/github/workspace/logsheets/filtered/sediment_sampling.csv,XSDString,mandatory
missing value,sediment,sampling,sampling_event,117,<empty>,\,/github/workspace/logsheets/filtered/sediment_sampling.csv,XSDString,mandatory
missing value,sediment,sampling,sampling_event,118,<empty>,\,/github/workspace/logsheets/filtered/sediment_sampling.csv,XSDString,mandatory
missing value,sediment,sampling,sampling_event,119,<empty>,\,/github/workspace/logsheets/filtered/sediment_sampling.csv,XSDString,mandatory
missing value,sediment,sampling,sampling_event,120,<empty>,\,/github/workspace/logsheets/filtered/sediment_sampling.csv,XSDString,mandatory
missing value,sediment,sampling,sampling_event,121,<empty>,\,/github/workspace/logsheets/filtered/sediment_sampling.csv,XSDString,mandatory
missing value,sediment,sampling,sampling_event,122,<empty>,\,/github/workspace/logsheets/filtered/sediment_sampling.csv,XSDString,mandatory
missing value,sediment,sampling,sampling_event,123,<empty>,\,/github/workspace/logsheets/filtered/sediment_sampling.csv,XSDString,mandatory
missing value,sediment,sampling,sampling_event,124,<empty>,\,/github/workspace/logsheets/filtered/sediment_sampling.csv,XSDString,mandatory
missing value,sediment,sampling,sampling_event,125,<empty>,\,/github/workspace/logsheets/filtered/sediment_sampling.csv,XSDString,mandatory
missing value,sediment,sampling,sampling_event,126,<empty>,\,/github/workspace/logsheets/filtered/sediment_sampling.csv,XSDString,mandatory
missing value,sediment,sampling,sampling_event,127,<empty>,\,/github/workspace/logsheets/filtered/sediment_sampling.csv,XSDString,mandatory
missing value,sediment,sampling,ship_date,116,<empty>,\,/github/workspace/logsheets/filtered/sediment_sampling.csv,XSDDate,mandatory
missing value,sediment,sampling,ship_date,117,<empty>,\,/github/workspace/logsheets/filtered/sediment_sampling.csv,XSDDate,mandatory
missing value,sediment,sampling,ship_date,118,<empty>,\,/github/workspace/logsheets/filtered/sediment_sampling.csv,XSDDate,mandatory
missing value,sediment,sampling,ship_date,119,<empty>,\,/github/workspace/logsheets/filtered/sediment_sampling.csv,XSDDate,mandatory
missing value,sediment,sampling,ship_date,120,<empty>,\,/github/workspace/logsheets/filtered/sediment_sampling.csv,XSDDate,mandatory
missing value,sediment,sampling,ship_date,121,<empty>,\,/github/workspace/logsheets/filtered/sediment_sampling.csv,XSDDate,mandatory
missing value,sediment,sampling,ship_date,122,<empty>,\,/github/workspace/logsheets/filtered/sediment_sampling.csv,XSDDate,mandatory
missing value,sediment,sampling,ship_date,123,<empty>,\,/github/workspace/logsheets/filtered/sediment_sampling.csv,XSDDate,mandatory
missing value,sediment,sampling,ship_date,124,<empty>,\,/github/workspace/logsheets/filtered/sediment_sampling.csv,XSDDate,mandatory
missing value,sediment,sampling,ship_date,125,<empty>,\,/github/workspace/logsheets/filtered/sediment_sampling.csv,XSDDate,mandatory
missing value,sediment,sampling,ship_date,126,<empty>,\,/github/workspace/logsheets/filtered/sediment_sampling.csv,XSDDate,mandatory
missing value,sediment,sampling,ship_date,127,<empty>,\,/github/workspace/logsheets/filtered/sediment_sampling.csv,XSDDate,mandatory
missing value,sediment,sampling,ship_date_seq,116,<empty>,\,/github/workspace/logsheets/filtered/sediment_sampling.csv,XSDDate,mandatory
missing value,sediment,sampling,ship_date_seq,117,<empty>,\,/github/workspace/logsheets/filtered/sediment_sampling.csv,XSDDate,mandatory
missing value,sediment,sampling,ship_date_seq,118,<empty>,\,/github/workspace/logsheets/filtered/sediment_sampling.csv,XSDDate,mandatory
missing value,sediment,sampling,ship_date_seq,119,<empty>,\,/github/workspace/logsheets/filtered/sediment_sampling.csv,XSDDate,mandatory
missing value,sediment,sampling,ship_date_seq,120,<empty>,\,/github/workspace/logsheets/filtered/sediment_sampling.csv,XSDDate,mandatory
missing value,sediment,sampling,ship_date_seq,121,<empty>,\,/github/workspace/logsheets/filtered/sediment_sampling.csv,XSDDate,mandatory
missing value,sediment,sampling,ship_date_seq,122,<empty>,\,/github/workspace/logsheets/filtered/sediment_sampling.csv,XSDDate,mandatory
missing value,sediment,sampling,ship_date_seq,123,<empty>,\,/github/workspace/logsheets/filtered/sediment_sampling.csv,XSDDate,mandatory
missing value,sediment,sampling,ship_date_seq,124,<empty>,\,/github/workspace/logsheets/filtered/sediment_sampling.csv,XSDDate,mandatory
missing value,sediment,sampling,ship_date_seq,125,<empty>,\,/github/workspace/logsheets/filtered/sediment_sampling.csv,XSDDate,mandatory
missing value,sediment,sampling,ship_date_seq,126,<empty>,\,/github/workspace/logsheets/filtered/sediment_sampling.csv,XSDDate,mandatory
missing value,sediment,sampling,ship_date_seq,127,<empty>,\,/github/workspace/logsheets/filtered/sediment_sampling.csv,XSDDate,mandatory
missing value,sediment,sampling,size_frac_low,116,<empty>,\,/github/workspace/logsheets/filtered/sediment_sampling.csv,XSDDouble,mandatory
missing value,sediment,sampling,size_frac_low,117,<empty>,\,/github/workspace/logsheets/filtered/sediment_sampling.csv,XSDDouble,mandatory
missing value,sediment,sampling,size_frac_low,118,<empty>,\,/github/workspace/logsheets/filtered/sediment_sampling.csv,XSDDouble,mandatory
missing value,sediment,sampling,size_frac_low,119,<empty>,\,/github/workspace/logsheets/filtered/sediment_sampling.csv,XSDDouble,mandatory
missing value,sediment,sampling,size_frac_low,120,<empty>,\,/github/workspace/logsheets/filtered/sediment_sampling.csv,XSDDouble,mandatory
missing value,sediment,sampling,size_frac_low,121,<empty>,\,/github/workspace/logsheets/filtered/sediment_sampling.csv,XSDDouble,mandatory
missing value,sediment,sampling,size_frac_low,122,<empty>,\,/github/workspace/logsheets/filtered/sediment_sampling.csv,XSDDouble,mandatory
missing value,sediment,sampling,size_frac_low,123,<empty>,\,/github/workspace/logsheets/filtered/sediment_sampling.csv,XSDDouble,mandatory
missing value,sediment,sampling,size_frac_low,124,<empty>,\,/github/workspace/logsheets/filtered/sediment_sampling.csv,XSDDouble,mandatory
missing value,sediment,sampling,size_frac_low,125,<empty>,\,/github/workspace/logsheets/filtered/sediment_sampling.csv,XSDDouble,mandatory
missing value,sediment,sampling,size_frac_low,126,<empty>,\,/github/workspace/logsheets/filtered/sediment_sampling.csv,XSDDouble,mandatory
missing value,sediment,sampling,size_frac_low,127,<empty>,\,/github/workspace/logsheets/filtered/sediment_sampling.csv,XSDDouble,mandatory
missing value,sediment,sampling,size_frac_up,116,<empty>,\,/github/workspace/logsheets/filtered/sediment_sampling.csv,XSDDouble,mandatory
missing value,sediment,sampling,size_frac_up,117,<empty>,\,/github/workspace/logsheets/filtered/sediment_sampling.csv,XSDDouble,mandatory
missing value,sediment,sampling,size_frac_up,118,<empty>,\,/github/workspace/logsheets/filtered/sediment_sampling.csv,XSDDouble,mandatory
missing value,sediment,sampling,size_frac_up,119,<empty>,\,/github/workspace/logsheets/filtered/sediment_sampling.csv,XSDDouble,mandatory
missing value,sediment,sampling,size_frac_up,120,<empty>,\,/github/workspace/logsheets/filtered/sediment_sampling.csv,XSDDouble,mandatory
missing value,sediment,sampling,size_frac_up,121,<empty>,\,/github/workspace/logsheets/filtered/sediment_sampling.csv,XSDDouble,mandatory
missing value,sediment,sampling,size_frac_up,122,<empty>,\,/github/workspace/logsheets/filtered/sediment_sampling.csv,XSDDouble,mandatory
missing value,sediment,sampling,size_frac_up,123,<empty>,\,/github/workspace/logsheets/filtered/sediment_sampling.csv,XSDDouble,mandatory
missing value,sediment,sampling,size_frac_up,124,<empty>,\,/github/workspace/logsheets/filtered/sediment_sampling.csv,XSDDouble,mandatory
missing value,sediment,sampling,size_frac_up,125,<empty>,\,/github/workspace/logsheets/filtered/sediment_sampling.csv,XSDDouble,mandatory
missing value,sediment,sampling,size_frac_up,126,<empty>,\,/github/workspace/logsheets/filtered/sediment_sampling.csv,XSDDouble,mandatory
missing value,sediment,sampling,size_frac_up,127,<empty>,\,/github/workspace/logsheets/filtered/sediment_sampling.csv,XSDDouble,mandatory
missing value,sediment,sampling,store_person,116,<empty>,\,/github/workspace/logsheets/filtered/sediment_sampling.csv,XSDString,mandatory
missing value,sediment,sampling,store_person,117,<empty>,\,/github/workspace/logsheets/filtered/sediment_sampling.csv,XSDString,mandatory
missing value,sediment,sampling,store_person,118,<empty>,\,/github/workspace/logsheets/filtered/sediment_sampling.csv,XSDString,mandatory
missing value,sediment,sampling,store_person,119,<empty>,\,/github/workspace/logsheets/filtered/sediment_sampling.csv,XSDString,mandatory
missing value,sediment,sampling,store_person,120,<empty>,\,/github/workspace/logsheets/filtered/sediment_sampling.csv,XSDString,mandatory
missing value,sediment,sampling,store_person,121,<empty>,\,/github/workspace/logsheets/filtered/sediment_sampling.csv,XSDString,mandatory
missing value,sediment,sampling,store_person,122,<empty>,\,/github/workspace/logsheets/filtered/sediment_sampling.csv,XSDString,mandatory
missing value,sediment,sampling,store_person,123,<empty>,\,/github/workspace/logsheets/filtered/sediment_sampling.csv,XSDString,mandatory
missing value,sediment,sampling,store_person,124,<empty>,\,/github/workspace/logsheets/filtered/sediment_sampling.csv,XSDString,mandatory
missing value,sediment,sampling,store_person,125,<empty>,\,/github/workspace/logsheets/filtered/sediment_sampling.csv,XSDString,mandatory
missing value,sediment,sampling,store_person,126,<empty>,\,/github/workspace/logsheets/filtered/sediment_sampling.csv,XSDString,mandatory
missing value,sediment,sampling,store_person,127,<empty>,\,/github/workspace/logsheets/filtered/sediment_sampling.csv,XSDString,mandatory
missing value,sediment,sampling,store_temp_hq,116,<empty>,\,/github/workspace/logsheets/filtered/sediment_sampling.csv,XSDDouble,mandatory
missing value,sediment,sampling,store_temp_hq,117,<empty>,\,/github/workspace/logsheets/filtered/sediment_sampling.csv,XSDDouble,mandatory
missing value,sediment,sampling,store_temp_hq,118,<empty>,\,/github/workspace/logsheets/filtered/sediment_sampling.csv,XSDDouble,mandatory
missing value,sediment,sampling,store_temp_hq,119,<empty>,\,/github/workspace/logsheets/filtered/sediment_sampling.csv,XSDDouble,mandatory
missing value,sediment,sampling,store_temp_hq,120,<empty>,\,/github/workspace/logsheets/filtered/sediment_sampling.csv,XSDDouble,mandatory
missing value,sediment,sampling,store_temp_hq,121,<empty>,\,/github/workspace/logsheets/filtered/sediment_sampling.csv,XSDDouble,mandatory
missing value,sediment,sampling,store_temp_hq,122,<empty>,\,/github/workspace/logsheets/filtered/sediment_sampling.csv,XSDDouble,mandatory
missing value,sediment,sampling,store_temp_hq,123,<empty>,\,/github/workspace/logsheets/filtered/sediment_sampling.csv,XSDDouble,mandatory
missing value,sediment,sampling,store_temp_hq,124,<empty>,\,/github/workspace/logsheets/filtered/sediment_sampling.csv,XSDDouble,mandatory
missing value,sediment,sampling,store_temp_hq,125,<empty>,\,/github/workspace/logsheets/filtered/sediment_sampling.csv,XSDDouble,mandatory
missing value,sediment,sampling,store_temp_hq,126,<empty>,\,/github/workspace/logsheets/filtered/sediment_sampling.csv,XSDDouble,mandatory
missing value,sediment,sampling,store_temp_hq,127,<empty>,\,/github/workspace/logsheets/filtered/sediment_sampling.csv,XSDDouble,mandatory
missing value,sediment,sampling,tax_id,116,<empty>,\,/github/workspace/logsheets/filtered/sediment_sampling.csv,XSDAnyURI,mandatory
missing value,sediment,sampling,tax_id,117,<empty>,\,/github/workspace/logsheets/filtered/sediment_sampling.csv,XSDAnyURI,mandatory
missing value,sediment,sampling,tax_id,118,<empty>,\,/github/workspace/logsheets/filtered/sediment_sampling.csv,XSDAnyURI,mandatory
missing value,sediment,sampling,tax_id,119,<empty>,\,/github/workspace/logsheets/filtered/sediment_sampling.csv,XSDAnyURI,mandatory
missing value,sediment,sampling,tax_id,120,<empty>,\,/github/workspace/logsheets/filtered/sediment_sampling.csv,XSDAnyURI,mandatory
missing value,sediment,sampling,tax_id,121,<empty>,\,/github/workspace/logsheets/filtered/sediment_sampling.csv,XSDAnyURI,mandatory
missing value,sediment,sampling,tax_id,122,<empty>,\,/github/workspace/logsheets/filtered/sediment_sampling.csv,XSDAnyURI,mandatory
missing value,sediment,sampling,tax_id,123,<empty>,\,/github/workspace/logsheets/filtered/sediment_sampling.csv,XSDAnyURI,mandatory
missing value,sediment,sampling,tax_id,124,<empty>,\,/github/workspace/logsheets/filtered/sediment_sampling.csv,XSDAnyURI,mandatory
missing value,sediment,sampling,tax_id,125,<empty>,\,/github/workspace/logsheets/filtered/sediment_sampling.csv,XSDAnyURI,mandatory
missing value,sediment,sampling,tax_id,126,<empty>,\,/github/workspace/logsheets/filtered/sediment_sampling.csv,XSDAnyURI,mandatory
missing value,sediment,sampling,tax_id,127,<empty>,\,/github/workspace/logsheets/filtered/sediment_sampling.csv,XSDAnyURI,mandatory
missing value,sediment,sampling,failure,116,<empty>,\,/github/workspace/logsheets/filtered/sediment_sampling.csv,XSDBoolean,mandatory
missing value,sediment,sampling,failure,117,<empty>,\,/github/workspace/logsheets/filtered/sediment_sampling.csv,XSDBoolean,mandatory
missing value,sediment,sampling,failure,118,<empty>,\,/github/workspace/logsheets/filtered/sediment_sampling.csv,XSDBoolean,mandatory
missing value,sediment,sampling,failure,119,<empty>,\,/github/workspace/logsheets/filtered/sediment_sampling.csv,XSDBoolean,mandatory
missing value,sediment,sampling,failure,120,<empty>,\,/github/workspace/logsheets/filtered/sediment_sampling.csv,XSDBoolean,mandatory
missing value,sediment,sampling,failure,121,<empty>,\,/github/workspace/logsheets/filtered/sediment_sampling.csv,XSDBoolean,mandatory
missing value,sediment,sampling,failure,122,<empty>,\,/github/workspace/logsheets/filtered/sediment_sampling.csv,XSDBoolean,mandatory
missing value,sediment,sampling,failure,123,<empty>,\,/github/workspace/logsheets/filtered/sediment_sampling.csv,XSDBoolean,mandatory
missing value,sediment,sampling,failure,124,<empty>,\,/github/workspace/logsheets/filtered/sediment_sampling.csv,XSDBoolean,mandatory
missing value,sediment,sampling,failure,125,<empty>,\,/github/workspace/logsheets/filtered/sediment_sampling.csv,XSDBoolean,mandatory
missing value,sediment,sampling,failure,126,<empty>,\,/github/workspace/logsheets/filtered/sediment_sampling.csv,XSDBoolean,mandatory
missing value,sediment,sampling,failure,127,<empty>,\,/github/workspace/logsheets/filtered/sediment_sampling.csv,XSDBoolean,mandatory
missing value,sediment,sampling,scientific_name,116,<empty>,\,/github/workspace/logsheets/filtered/sediment_sampling.csv,XSDString,mandatory
missing value,sediment,sampling,scientific_name,117,<empty>,\,/github/workspace/logsheets/filtered/sediment_sampling.csv,XSDString,mandatory
missing value,sediment,sampling,scientific_name,118,<empty>,\,/github/workspace/logsheets/filtered/sediment_sampling.csv,XSDString,mandatory
missing value,sediment,sampling,scientific_name,119,<empty>,\,/github/workspace/logsheets/filtered/sediment_sampling.csv,XSDString,mandatory
missing value,sediment,sampling,scientific_name,120,<empty>,\,/github/workspace/logsheets/filtered/sediment_sampling.csv,XSDString,mandatory
missing value,sediment,sampling,scientific_name,121,<empty>,\,/github/workspace/logsheets/filtered/sediment_sampling.csv,XSDString,mandatory
missing value,sediment,sampling,scientific_name,122,<empty>,\,/github/workspace/logsheets/filtered/sediment_sampling.csv,XSDString,mandatory
missing value,sediment,sampling,scientific_name,123,<empty>,\,/github/workspace/logsheets/filtered/sediment_sampling.csv,XSDString,mandatory
missing value,sediment,sampling,scientific_name,124,<empty>,\,/github/workspace/logsheets/filtered/sediment_sampling.csv,XSDString,mandatory
missing value,sediment,sampling,scientific_name,125,<empty>,\,/github/workspace/logsheets/filtered/sediment_sampling.csv,XSDString,mandatory
missing value,sediment,sampling,scientific_name,126,<empty>,\,/github/workspace/logsheets/filtered/sediment_sampling.csv,XSDString,mandatory
missing value,sediment,sampling,scientific_name,127,<empty>,\,/github/workspace/logsheets/filtered/sediment_sampling.csv,XSDString,mandatory
missing value,sediment,sampling,comm_samp,116,<empty>,\,/github/workspace/logsheets/filtered/sediment_sampling.csv,XSDString,mandatory
missing value,sediment,sampling,comm_samp,117,<empty>,\,/github/workspace/logsheets/filtered/sediment_sampling.csv,XSDString,mandatory
missing value,sediment,sampling,comm_samp,118,<empty>,\,/github/workspace/logsheets/filtered/sediment_sampling.csv,XSDString,mandatory
missing value,sediment,sampling,comm_samp,119,<empty>,\,/github/workspace/logsheets/filtered/sediment_sampling.csv,XSDString,mandatory
missing value,sediment,sampling,comm_samp,120,<empty>,\,/github/workspace/logsheets/filtered/sediment_sampling.csv,XSDString,mandatory
missing value,sediment,sampling,comm_samp,121,<empty>,\,/github/workspace/logsheets/filtered/sediment_sampling.csv,XSDString,mandatory
missing value,sediment,sampling,comm_samp,122,<empty>,\,/github/workspace/logsheets/filtered/sediment_sampling.csv,XSDString,mandatory
missing value,sediment,sampling,comm_samp,123,<empty>,\,/github/workspace/logsheets/filtered/sediment_sampling.csv,XSDString,mandatory
missing value,sediment,sampling,comm_samp,124,<empty>,\,/github/workspace/logsheets/filtered/sediment_sampling.csv,XSDString,mandatory
missing value,sediment,sampling,comm_samp,125,<empty>,\,/github/workspace/logsheets/filtered/sediment_sampling.csv,XSDString,mandatory
missing value,sediment,sampling,comm_samp,126,<empty>,\,/github/workspace/logsheets/filtered/sediment_sampling.csv,XSDString,mandatory
missing value,sediment,sampling,comm_samp,127,<empty>,\,/github/workspace/logsheets/filtered/sediment_sampling.csv,XSDString,mandatory
missing value,sediment,sampling,source_mat_id_orig,116,<empty>,\,/github/workspace/logsheets/filtered/sediment_sampling.csv,XSDString,mandatory
missing value,sediment,sampling,source_mat_id_orig,117,<empty>,\,/github/workspace/logsheets/filtered/sediment_sampling.csv,XSDString,mandatory
missing value,sediment,sampling,source_mat_id_orig,118,<empty>,\,/github/workspace/logsheets/filtered/sediment_sampling.csv,XSDString,mandatory
missing value,sediment,sampling,source_mat_id_orig,119,<empty>,\,/github/workspace/logsheets/filtered/sediment_sampling.csv,XSDString,mandatory
missing value,sediment,sampling,source_mat_id_orig,120,<empty>,\,/github/workspace/logsheets/filtered/sediment_sampling.csv,XSDString,mandatory
missing value,sediment,sampling,source_mat_id_orig,121,<empty>,\,/github/workspace/logsheets/filtered/sediment_sampling.csv,XSDString,mandatory
missing value,sediment,sampling,source_mat_id_orig,122,<empty>,\,/github/workspace/logsheets/filtered/sediment_sampling.csv,XSDString,mandatory
missing value,sediment,sampling,source_mat_id_orig,123,<empty>,\,/github/workspace/logsheets/filtered/sediment_sampling.csv,XSDString,mandatory
missing value,sediment,sampling,source_mat_id_orig,124,<empty>,\,/github/workspace/logsheets/filtered/sediment_sampling.csv,XSDString,mandatory
missing value,sediment,sampling,source_mat_id_orig,125,<empty>,\,/github/workspace/logsheets/filtered/sediment_sampling.csv,XSDString,mandatory
missing value,sediment,sampling,source_mat_id_orig,126,<empty>,\,/github/workspace/logsheets/filtered/sediment_sampling.csv,XSDString,mandatory
missing value,sediment,sampling,source_mat_id_orig,127,<empty>,\,/github/workspace/logsheets/filtered/sediment_sampling.csv,XSDString,mandatory
missing value,sediment,sampling,samp_store_date,116,<empty>,\,/github/workspace/logsheets/filtered/sediment_sampling.csv,XSDDate,mandatory
missing value,sediment,sampling,samp_store_date,117,<empty>,\,/github/workspace/logsheets/filtered/sediment_sampling.csv,XSDDate,mandatory
missing value,sediment,sampling,samp_store_date,118,<empty>,\,/github/workspace/logsheets/filtered/sediment_sampling.csv,XSDDate,mandatory
missing value,sediment,sampling,samp_store_date,119,<empty>,\,/github/workspace/logsheets/filtered/sediment_sampling.csv,XSDDate,mandatory
missing value,sediment,sampling,samp_store_date,120,<empty>,\,/github/workspace/logsheets/filtered/sediment_sampling.csv,XSDDate,mandatory
missing value,sediment,sampling,samp_store_date,121,<empty>,\,/github/workspace/logsheets/filtered/sediment_sampling.csv,XSDDate,mandatory
missing value,sediment,sampling,samp_store_date,122,<empty>,\,/github/workspace/logsheets/filtered/sediment_sampling.csv,XSDDate,mandatory
missing value,sediment,sampling,samp_store_date,123,<empty>,\,/github/workspace/logsheets/filtered/sediment_sampling.csv,XSDDate,mandatory
missing value,sediment,sampling,samp_store_date,124,<empty>,\,/github/workspace/logsheets/filtered/sediment_sampling.csv,XSDDate,mandatory
missing value,sediment,sampling,samp_store_date,125,<empty>,\,/github/workspace/logsheets/filtered/sediment_sampling.csv,XSDDate,mandatory
missing value,sediment,sampling,samp_store_date,126,<empty>,\,/github/workspace/logsheets/filtered/sediment_sampling.csv,XSDDate,mandatory
missing value,sediment,sampling,samp_store_date,127,<empty>,\,/github/workspace/logsheets/filtered/sediment_sampling.csv,XSDDate,mandatory
missing value,sediment,sampling,replicate,116,<empty>,\,/github/workspace/logsheets/filtered/sediment_sampling.csv,XSDString,mandatory
missing value,sediment,sampling,replicate,117,<empty>,\,/github/workspace/logsheets/filtered/sediment_sampling.csv,XSDString,mandatory
missing value,sediment,sampling,replicate,118,<empty>,\,/github/workspace/logsheets/filtered/sediment_sampling.csv,XSDString,mandatory
missing value,sediment,sampling,replicate,119,<empty>,\,/github/workspace/logsheets/filtered/sediment_sampling.csv,XSDString,mandatory
missing value,sediment,sampling,replicate,120,<empty>,\,/github/workspace/logsheets/filtered/sediment_sampling.csv,XSDString,mandatory
missing value,sediment,sampling,replicate,121,<empty>,\,/github/workspace/logsheets/filtered/sediment_sampling.csv,XSDString,mandatory
missing value,sediment,sampling,replicate,122,<empty>,\,/github/workspace/logsheets/filtered/sediment_sampling.csv,XSDString,mandatory
missing value,sediment,sampling,replicate,123,<empty>,\,/github/workspace/logsheets/filtered/sediment_sampling.csv,XSDString,mandatory
missing value,sediment,sampling,replicate,124,<empty>,\,/github/workspace/logsheets/filtered/sediment_sampling.csv,XSDString,mandatory
missing value,sediment,sampling,replicate,125,<empty>,\,/github/workspace/logsheets/filtered/sediment_sampling.csv,XSDString,mandatory
missing value,sediment,sampling,replicate,126,<empty>,\,/github/workspace/logsheets/filtered/sediment_sampling.csv,XSDString,mandatory
missing value,sediment,sampling,replicate,127,<empty>,\,/github/workspace/logsheets/filtered/sediment_sampling.csv,XSDString,mandatory
missing value,sediment,sampling,failure_comment,116,<empty>,\,/github/workspace/logsheets/filtered/sediment_sampling.csv,XSDString,mandatory
missing value,sediment,sampling,failure_comment,117,<empty>,\,/github/workspace/logsheets/filtered/sediment_sampling.csv,XSDString,mandatory
missing value,sediment,sampling,failure_comment,118,<empty>,\,/github/workspace/logsheets/filtered/sediment_sampling.csv,XSDString,mandatory
missing value,sediment,sampling,failure_comment,119,<empty>,\,/github/workspace/logsheets/filtered/sediment_sampling.csv,XSDString,mandatory
missing value,sediment,sampling,failure_comment,120,<empty>,\,/github/workspace/logsheets/filtered/sediment_sampling.csv,XSDString,mandatory
missing value,sediment,sampling,failure_comment,121,<empty>,\,/github/workspace/logsheets/filtered/sediment_sampling.csv,XSDString,mandatory
missing value,sediment,sampling,failure_comment,122,<empty>,\,/github/workspace/logsheets/filtered/sediment_sampling.csv,XSDString,mandatory
missing value,sediment,sampling,failure_comment,123,<empty>,\,/github/workspace/logsheets/filtered/sediment_sampling.csv,XSDString,mandatory
missing value,sediment,sampling,failure_comment,124,<empty>,\,/github/workspace/logsheets/filtered/sediment_sampling.csv,XSDString,mandatory
missing value,sediment,sampling,failure_comment,125,<empty>,\,/github/workspace/logsheets/filtered/sediment_sampling.csv,XSDString,mandatory
missing value,sediment,sampling,failure_comment,126,<empty>,\,/github/workspace/logsheets/filtered/sediment_sampling.csv,XSDString,mandatory
missing value,sediment,sampling,failure_comment,127,<empty>,\,/github/workspace/logsheets/filtered/sediment_sampling.csv,XSDString,mandatory
missing value,water,measured,sea_subsurf_salinity,231,<empty>,\,/github/workspace/logsheets/filtered/water_measured.csv,XSDDouble,mandatory
missing value,water,measured,sea_subsurf_salinity,232,<empty>,\,/github/workspace/logsheets/filtered/water_measured.csv,XSDDouble,mandatory
missing value,water,measured,sea_subsurf_salinity,233,<empty>,\,/github/workspace/logsheets/filtered/water_measured.csv,XSDDouble,mandatory
missing value,water,measured,sea_subsurf_salinity,234,<empty>,\,/github/workspace/logsheets/filtered/water_measured.csv,XSDDouble,mandatory
missing value,water,measured,sea_subsurf_salinity,235,<empty>,\,/github/workspace/logsheets/filtered/water_measured.csv,XSDDouble,mandatory
missing value,water,measured,sea_subsurf_salinity,236,<empty>,\,/github/workspace/logsheets/filtered/water_measured.csv,XSDDouble,mandatory
missing value,water,measured,sea_subsurf_salinity,239,<empty>,\,/github/workspace/logsheets/filtered/water_measured.csv,XSDDouble,mandatory
missing value,water,measured,sea_subsurf_salinity,240,<empty>,\,/github/workspace/logsheets/filtered/water_measured.csv,XSDDouble,mandatory
missing value,water,measured,sea_subsurf_salinity_method,231,<empty>,\,/github/workspace/logsheets/filtered/water_measured.csv,XSDString,mandatory
missing value,water,measured,sea_subsurf_salinity_method,232,<empty>,\,/github/workspace/logsheets/filtered/water_measured.csv,XSDString,mandatory
missing value,water,measured,sea_subsurf_salinity_method,233,<empty>,\,/github/workspace/logsheets/filtered/water_measured.csv,XSDString,mandatory
missing value,water,measured,sea_subsurf_salinity_method,234,<empty>,\,/github/workspace/logsheets/filtered/water_measured.csv,XSDString,mandatory
missing value,water,measured,sea_subsurf_salinity_method,235,<empty>,\,/github/workspace/logsheets/filtered/water_measured.csv,XSDString,mandatory
missing value,water,measured,sea_subsurf_salinity_method,236,<empty>,\,/github/workspace/logsheets/filtered/water_measured.csv,XSDString,mandatory
missing value,water,measured,sea_subsurf_salinity_method,239,<empty>,\,/github/workspace/logsheets/filtered/water_measured.csv,XSDString,mandatory
missing value,water,measured,sea_subsurf_salinity_method,240,<empty>,\,/github/workspace/logsheets/filtered/water_measured.csv,XSDString,mandatory
missing value,water,measured,sea_subsurf_temp,231,<empty>,\,/github/workspace/logsheets/filtered/water_measured.csv,XSDDouble,mandatory
missing value,water,measured,sea_subsurf_temp,232,<empty>,\,/github/workspace/logsheets/filtered/water_measured.csv,XSDDouble,mandatory
missing value,water,measured,sea_subsurf_temp,233,<empty>,\,/github/workspace/logsheets/filtered/water_measured.csv,XSDDouble,mandatory
missing value,water,measured,sea_subsurf_temp,234,<empty>,\,/github/workspace/logsheets/filtered/water_measured.csv,XSDDouble,mandatory
missing value,water,measured,sea_subsurf_temp,235,<empty>,\,/github/workspace/logsheets/filtered/water_measured.csv,XSDDouble,mandatory
missing value,water,measured,sea_subsurf_temp,236,<empty>,\,/github/workspace/logsheets/filtered/water_measured.csv,XSDDouble,mandatory
missing value,water,measured,sea_subsurf_temp,239,<empty>,\,/github/workspace/logsheets/filtered/water_measured.csv,XSDDouble,mandatory
missing value,water,measured,sea_subsurf_temp,240,<empty>,\,/github/workspace/logsheets/filtered/water_measured.csv,XSDDouble,mandatory
missing value,water,measured,sea_subsurf_temp_method,231,<empty>,\,/github/workspace/logsheets/filtered/water_measured.csv,XSDString,mandatory
missing value,water,measured,sea_subsurf_temp_method,232,<empty>,\,/github/workspace/logsheets/filtered/water_measured.csv,XSDString,mandatory
missing value,water,measured,sea_subsurf_temp_method,233,<empty>,\,/github/workspace/logsheets/filtered/water_measured.csv,XSDString,mandatory
missing value,water,measured,sea_subsurf_temp_method,234,<empty>,\,/github/workspace/logsheets/filtered/water_measured.csv,XSDString,mandatory
missing value,water,measured,sea_subsurf_temp_method,235,<empty>,\,/github/workspace/logsheets/filtered/water_measured.csv,XSDString,mandatory
missing value,water,measured,sea_subsurf_temp_method,236,<empty>,\,/github/workspace/logsheets/filtered/water_measured.csv,XSDString,mandatory
missing value,water,measured,sea_subsurf_temp_method,239,<empty>,\,/github/workspace/logsheets/filtered/water_measured.csv,XSDString,mandatory
missing value,water,measured,sea_subsurf_temp_method,240,<empty>,\,/github/workspace/logsheets/filtered/water_measured.csv,XSDString,mandatory
missing value,water,measured,sea_surf_temp,231,<empty>,\,/github/workspace/logsheets/filtered/water_measured.csv,XSDDouble,mandatory
missing value,water,measured,sea_surf_temp,232,<empty>,\,/github/workspace/logsheets/filtered/water_measured.csv,XSDDouble,mandatory
missing value,water,measured,sea_surf_temp,233,<empty>,\,/github/workspace/logsheets/filtered/water_measured.csv,XSDDouble,mandatory
missing value,water,measured,sea_surf_temp,234,<empty>,\,/github/workspace/logsheets/filtered/water_measured.csv,XSDDouble,mandatory
missing value,water,measured,sea_surf_temp,235,<empty>,\,/github/workspace/logsheets/filtered/water_measured.csv,XSDDouble,mandatory
missing value,water,measured,sea_surf_temp,236,<empty>,\,/github/workspace/logsheets/filtered/water_measured.csv,XSDDouble,mandatory
missing value,water,measured,sea_surf_temp,239,<empty>,\,/github/workspace/logsheets/filtered/water_measured.csv,XSDDouble,mandatory
missing value,water,measured,sea_surf_temp,240,<empty>,\,/github/workspace/logsheets/filtered/water_measured.csv,XSDDouble,mandatory
missing value,water,measured,sea_surf_temp_method,231,<empty>,\,/github/workspace/logsheets/filtered/water_measured.csv,XSDString,mandatory
missing value,water,measured,sea_surf_temp_method,232,<empty>,\,/github/workspace/logsheets/filtered/water_measured.csv,XSDString,mandatory
missing value,water,measured,sea_surf_temp_method,233,<empty>,\,/github/workspace/logsheets/filtered/water_measured.csv,XSDString,mandatory
missing value,water,measured,sea_surf_temp_method,234,<empty>,\,/github/workspace/logsheets/filtered/water_measured.csv,XSDString,mandatory
missing value,water,measured,sea_surf_temp_method,235,<empty>,\,/github/workspace/logsheets/filtered/water_measured.csv,XSDString,mandatory
missing value,water,measured,sea_surf_temp_method,236,<empty>,\,/github/workspace/logsheets/filtered/water_measured.csv,XSDString,mandatory
missing value,water,measured,sea_surf_temp_method,239,<empty>,\,/github/workspace/logsheets/filtered/water_measured.csv,XSDString,mandatory
missing value,water,measured,sea_surf_temp_method,240,<empty>,\,/github/workspace/logsheets/filtered/water_measured.csv,XSDString,mandatory
missing value,water,measured,source_mat_id,231,<empty>,\,/github/workspace/logsheets/filtered/water_measured.csv,XSDString,mandatory
missing value,water,measured,source_mat_id,232,<empty>,\,/github/workspace/logsheets/filtered/water_measured.csv,XSDString,mandatory
missing value,water,measured,source_mat_id,233,<empty>,\,/github/workspace/logsheets/filtered/water_measured.csv,XSDString,mandatory
missing value,water,measured,source_mat_id,234,<empty>,\,/github/workspace/logsheets/filtered/water_measured.csv,XSDString,mandatory
missing value,water,measured,source_mat_id,235,<empty>,\,/github/workspace/logsheets/filtered/water_measured.csv,XSDString,mandatory
missing value,water,measured,source_mat_id,236,<empty>,\,/github/workspace/logsheets/filtered/water_measured.csv,XSDString,mandatory
missing value,water,measured,source_mat_id,239,<empty>,\,/github/workspace/logsheets/filtered/water_measured.csv,XSDString,mandatory
missing value,water,measured,source_mat_id,240,<empty>,\,/github/workspace/logsheets/filtered/water_measured.csv,XSDString,mandatory
missing value,water,sampling,ENA_accession_number_sample,1,<empty>,\,/github/workspace/logsheets/filtered/water_sampling.csv,XSDAnyURI,mandatory
missing value,water,sampling,ENA_accession_number_sample,2,<empty>,\,/github/workspace/logsheets/filtered/water_sampling.csv,XSDAnyURI,mandatory
missing value,water,sampling,ENA_accession_number_sample,5,<empty>,\,/github/workspace/logsheets/filtered/water_sampling.csv,XSDAnyURI,mandatory
missing value,water,sampling,ENA_accession_number_sample,6,<empty>,\,/github/workspace/logsheets/filtered/water_sampling.csv,XSDAnyURI,mandatory
missing value,water,sampling,ENA_accession_number_sample,11,<empty>,\,/github/workspace/logsheets/filtered/water_sampling.csv,XSDAnyURI,mandatory
missing value,water,sampling,ENA_accession_number_sample,12,<empty>,\,/github/workspace/logsheets/filtered/water_sampling.csv,XSDAnyURI,mandatory
missing value,water,sampling,ENA_accession_number_sample,15,<empty>,\,/github/workspace/logsheets/filtered/water_sampling.csv,XSDAnyURI,mandatory
missing value,water,sampling,ENA_accession_number_sample,16,<empty>,\,/github/workspace/logsheets/filtered/water_sampling.csv,XSDAnyURI,mandatory
missing value,water,sampling,ENA_accession_number_sample,21,<empty>,\,/github/workspace/logsheets/filtered/water_sampling.csv,XSDAnyURI,mandatory
missing value,water,sampling,ENA_accession_number_sample,22,<empty>,\,/github/workspace/logsheets/filtered/water_sampling.csv,XSDAnyURI,mandatory
missing value,water,sampling,ENA_accession_number_sample,25,<empty>,\,/github/workspace/logsheets/filtered/water_sampling.csv,XSDAnyURI,mandatory
missing value,water,sampling,ENA_accession_number_sample,26,<empty>,\,/github/workspace/logsheets/filtered/water_sampling.csv,XSDAnyURI,mandatory
missing value,water,sampling,ENA_accession_number_sample,31,<empty>,\,/github/workspace/logsheets/filtered/water_sampling.csv,XSDAnyURI,mandatory
missing value,water,sampling,ENA_accession_number_sample,32,<empty>,\,/github/workspace/logsheets/filtered/water_sampling.csv,XSDAnyURI,mandatory
missing value,water,sampling,ENA_accession_number_sample,35,<empty>,\,/github/workspace/logsheets/filtered/water_sampling.csv,XSDAnyURI,mandatory
missing value,water,sampling,ENA_accession_number_sample,36,<empty>,\,/github/workspace/logsheets/filtered/water_sampling.csv,XSDAnyURI,mandatory
missing value,water,sampling,ENA_accession_number_sample,41,<empty>,\,/github/workspace/logsheets/filtered/water_sampling.csv,XSDAnyURI,mandatory
missing value,water,sampling,ENA_accession_number_sample,42,<empty>,\,/github/workspace/logsheets/filtered/water_sampling.csv,XSDAnyURI,mandatory
missing value,water,sampling,ENA_accession_number_sample,45,<empty>,\,/github/workspace/logsheets/filtered/water_sampling.csv,XSDAnyURI,mandatory
missing value,water,sampling,ENA_accession_number_sample,46,<empty>,\,/github/workspace/logsheets/filtered/water_sampling.csv,XSDAnyURI,mandatory
missing value,water,sampling,ENA_accession_number_sample,51,<empty>,\,/github/workspace/logsheets/filtered/water_sampling.csv,XSDAnyURI,mandatory
missing value,water,sampling,ENA_accession_number_sample,52,<empty>,\,/github/workspace/logsheets/filtered/water_sampling.csv,XSDAnyURI,mandatory
missing value,water,sampling,ENA_accession_number_sample,55,<empty>,\,/github/workspace/logsheets/filtered/water_sampling.csv,XSDAnyURI,mandatory
missing value,water,sampling,ENA_accession_number_sample,56,<empty>,\,/github/workspace/logsheets/filtered/water_sampling.csv,XSDAnyURI,mandatory
missing value,water,sampling,ENA_accession_number_sample,61,<empty>,\,/github/workspace/logsheets/filtered/water_sampling.csv,XSDAnyURI,mandatory
missing value,water,sampling,ENA_accession_number_sample,62,<empty>,\,/github/workspace/logsheets/filtered/water_sampling.csv,XSDAnyURI,mandatory
missing value,water,sampling,ENA_accession_number_sample,65,<empty>,\,/github/workspace/logsheets/filtered/water_sampling.csv,XSDAnyURI,mandatory
missing value,water,sampling,ENA_accession_number_sample,66,<empty>,\,/github/workspace/logsheets/filtered/water_sampling.csv,XSDAnyURI,mandatory
missing value,water,sampling,ENA_accession_number_sample,71,<empty>,\,/github/workspace/logsheets/filtered/water_sampling.csv,XSDAnyURI,mandatory
missing value,water,sampling,ENA_accession_number_sample,72,<empty>,\,/github/workspace/logsheets/filtered/water_sampling.csv,XSDAnyURI,mandatory
missing value,water,sampling,ENA_accession_number_sample,75,<empty>,\,/github/workspace/logsheets/filtered/water_sampling.csv,XSDAnyURI,mandatory
missing value,water,sampling,ENA_accession_number_sample,76,<empty>,\,/github/workspace/logsheets/filtered/water_sampling.csv,XSDAnyURI,mandatory
missing value,water,sampling,ENA_accession_number_sample,81,<empty>,\,/github/workspace/logsheets/filtered/water_sampling.csv,XSDAnyURI,mandatory
missing value,water,sampling,ENA_accession_number_sample,82,<empty>,\,/github/workspace/logsheets/filtered/water_sampling.csv,XSDAnyURI,mandatory
missing value,water,sampling,ENA_accession_number_sample,85,<empty>,\,/github/workspace/logsheets/filtered/water_sampling.csv,XSDAnyURI,mandatory
missing value,water,sampling,ENA_accession_number_sample,86,<empty>,\,/github/workspace/logsheets/filtered/water_sampling.csv,XSDAnyURI,mandatory
missing value,water,sampling,ENA_accession_number_sample,231,<empty>,\,/github/workspace/logsheets/filtered/water_sampling.csv,XSDAnyURI,mandatory
missing value,water,sampling,ENA_accession_number_sample,232,<empty>,\,/github/workspace/logsheets/filtered/water_sampling.csv,XSDAnyURI,mandatory
missing value,water,sampling,ENA_accession_number_sample,233,<empty>,\,/github/workspace/logsheets/filtered/water_sampling.csv,XSDAnyURI,mandatory
missing value,water,sampling,ENA_accession_number_sample,234,<empty>,\,/github/workspace/logsheets/filtered/water_sampling.csv,XSDAnyURI,mandatory
missing value,water,sampling,ENA_accession_number_sample,235,<empty>,\,/github/workspace/logsheets/filtered/water_sampling.csv,XSDAnyURI,mandatory
missing value,water,sampling,ENA_accession_number_sample,236,<empty>,\,/github/workspace/logsheets/filtered/water_sampling.csv,XSDAnyURI,mandatory
missing value,water,sampling,arr_date_hq,231,<empty>,\,/github/workspace/logsheets/filtered/water_sampling.csv,XSDDate,mandatory
missing value,water,sampling,arr_date_hq,232,<empty>,\,/github/workspace/logsheets/filtered/water_sampling.csv,XSDDate,mandatory
missing value,water,sampling,arr_date_hq,233,<empty>,\,/github/workspace/logsheets/filtered/water_sampling.csv,XSDDate,mandatory
missing value,water,sampling,arr_date_hq,234,<empty>,\,/github/workspace/logsheets/filtered/water_sampling.csv,XSDDate,mandatory
missing value,water,sampling,arr_date_hq,235,<empty>,\,/github/workspace/logsheets/filtered/water_sampling.csv,XSDDate,mandatory
missing value,water,sampling,arr_date_hq,236,<empty>,\,/github/workspace/logsheets/filtered/water_sampling.csv,XSDDate,mandatory
missing value,water,sampling,arr_date_seq,71,<empty>,\,/github/workspace/logsheets/filtered/water_sampling.csv,XSDDate,mandatory
missing value,water,sampling,arr_date_seq,72,<empty>,\,/github/workspace/logsheets/filtered/water_sampling.csv,XSDDate,mandatory
missing value,water,sampling,arr_date_seq,75,<empty>,\,/github/workspace/logsheets/filtered/water_sampling.csv,XSDDate,mandatory
missing value,water,sampling,arr_date_seq,76,<empty>,\,/github/workspace/logsheets/filtered/water_sampling.csv,XSDDate,mandatory
missing value,water,sampling,arr_date_seq,81,<empty>,\,/github/workspace/logsheets/filtered/water_sampling.csv,XSDDate,mandatory
missing value,water,sampling,arr_date_seq,82,<empty>,\,/github/workspace/logsheets/filtered/water_sampling.csv,XSDDate,mandatory
missing value,water,sampling,arr_date_seq,85,<empty>,\,/github/workspace/logsheets/filtered/water_sampling.csv,XSDDate,mandatory
missing value,water,sampling,arr_date_seq,86,<empty>,\,/github/workspace/logsheets/filtered/water_sampling.csv,XSDDate,mandatory
missing value,water,sampling,arr_date_seq,231,<empty>,\,/github/workspace/logsheets/filtered/water_sampling.csv,XSDDate,mandatory
missing value,water,sampling,arr_date_seq,232,<empty>,\,/github/workspace/logsheets/filtered/water_sampling.csv,XSDDate,mandatory
missing value,water,sampling,arr_date_seq,233,<empty>,\,/github/workspace/logsheets/filtered/water_sampling.csv,XSDDate,mandatory
missing value,water,sampling,arr_date_seq,234,<empty>,\,/github/workspace/logsheets/filtered/water_sampling.csv,XSDDate,mandatory
missing value,water,sampling,arr_date_seq,235,<empty>,\,/github/workspace/logsheets/filtered/water_sampling.csv,XSDDate,mandatory
missing value,water,sampling,arr_date_seq,236,<empty>,\,/github/workspace/logsheets/filtered/water_sampling.csv,XSDDate,mandatory
missing value,water,sampling,collection_date,231,<empty>,\,/github/workspace/logsheets/filtered/water_sampling.csv,XSDDate,mandatory
missing value,water,sampling,collection_date,232,<empty>,\,/github/workspace/logsheets/filtered/water_sampling.csv,XSDDate,mandatory
missing value,water,sampling,collection_date,233,<empty>,\,/github/workspace/logsheets/filtered/water_sampling.csv,XSDDate,mandatory
missing value,water,sampling,collection_date,234,<empty>,\,/github/workspace/logsheets/filtered/water_sampling.csv,XSDDate,mandatory
missing value,water,sampling,collection_date,235,<empty>,\,/github/workspace/logsheets/filtered/water_sampling.csv,XSDDate,mandatory
missing value,water,sampling,collection_date,236,<empty>,\,/github/workspace/logsheets/filtered/water_sampling.csv,XSDDate,mandatory
missing value,water,sampling,depth,231,<empty>,\,/github/workspace/logsheets/filtered/water_sampling.csv,XSDString,mandatory
missing value,water,sampling,depth,232,<empty>,\,/github/workspace/logsheets/filtered/water_sampling.csv,XSDString,mandatory
missing value,water,sampling,depth,233,<empty>,\,/github/workspace/logsheets/filtered/water_sampling.csv,XSDString,mandatory
missing value,water,sampling,depth,234,<empty>,\,/github/workspace/logsheets/filtered/water_sampling.csv,XSDString,mandatory
missing value,water,sampling,depth,235,<empty>,\,/github/workspace/logsheets/filtered/water_sampling.csv,XSDString,mandatory
missing value,water,sampling,depth,236,<empty>,\,/github/workspace/logsheets/filtered/water_sampling.csv,XSDString,mandatory
missing value,water,sampling,env_material,231,<empty>,\,/github/workspace/logsheets/filtered/water_sampling.csv,EMOBONList,mandatory
missing value,water,sampling,env_material,232,<empty>,\,/github/workspace/logsheets/filtered/water_sampling.csv,EMOBONList,mandatory
missing value,water,sampling,env_material,233,<empty>,\,/github/workspace/logsheets/filtered/water_sampling.csv,EMOBONList,mandatory
missing value,water,sampling,env_material,234,<empty>,\,/github/workspace/logsheets/filtered/water_sampling.csv,EMOBONList,mandatory
missing value,water,sampling,env_material,235,<empty>,\,/github/workspace/logsheets/filtered/water_sampling.csv,EMOBONList,mandatory
missing value,water,sampling,env_material,236,<empty>,\,/github/workspace/logsheets/filtered/water_sampling.csv,EMOBONList,mandatory
missing value,water,sampling,investigation_type,231,<empty>,\,/github/workspace/logsheets/filtered/water_sampling.csv,XSDString,mandatory
missing value,water,sampling,investigation_type,232,<empty>,\,/github/workspace/logsheets/filtered/water_sampling.csv,XSDString,mandatory
missing value,water,sampling,investigation_type,233,<empty>,\,/github/workspace/logsheets/filtered/water_sampling.csv,XSDString,mandatory
missing value,water,sampling,investigation_type,234,<empty>,\,/github/workspace/logsheets/filtered/water_sampling.csv,XSDString,mandatory
missing value,water,sampling,investigation_type,235,<empty>,\,/github/workspace/logsheets/filtered/water_sampling.csv,XSDString,mandatory
missing value,water,sampling,investigation_type,236,<empty>,\,/github/workspace/logsheets/filtered/water_sampling.csv,XSDString,mandatory
missing value,water,sampling,long_store,231,<empty>,\,/github/workspace/logsheets/filtered/water_sampling.csv,XSDBoolean,mandatory
missing value,water,sampling,long_store,232,<empty>,\,/github/workspace/logsheets/filtered/water_sampling.csv,XSDBoolean,mandatory
missing value,water,sampling,long_store,233,<empty>,\,/github/workspace/logsheets/filtered/water_sampling.csv,XSDBoolean,mandatory
missing value,water,sampling,long_store,234,<empty>,\,/github/workspace/logsheets/filtered/water_sampling.csv,XSDBoolean,mandatory
missing value,water,sampling,long_store,235,<empty>,\,/github/workspace/logsheets/filtered/water_sampling.csv,XSDBoolean,mandatory
missing value,water,sampling,long_store,236,<empty>,\,/github/workspace/logsheets/filtered/water_sampling.csv,XSDBoolean,mandatory
missing value,water,sampling,membr_cut,231,<empty>,\,/github/workspace/logsheets/filtered/water_sampling.csv,XSDBoolean,mandatory
missing value,water,sampling,membr_cut,232,<empty>,\,/github/workspace/logsheets/filtered/water_sampling.csv,XSDBoolean,mandatory
missing value,water,sampling,membr_cut,233,<empty>,\,/github/workspace/logsheets/filtered/water_sampling.csv,XSDBoolean,mandatory
missing value,water,sampling,membr_cut,234,<empty>,\,/github/workspace/logsheets/filtered/water_sampling.csv,XSDBoolean,mandatory
missing value,water,sampling,membr_cut,235,<empty>,\,/github/workspace/logsheets/filtered/water_sampling.csv,XSDBoolean,mandatory
missing value,water,sampling,membr_cut,236,<empty>,\,/github/workspace/logsheets/filtered/water_sampling.csv,XSDBoolean,mandatory
missing value,water,sampling,samp_collect_device,231,<empty>,\,/github/workspace/logsheets/filtered/water_sampling.csv,XSDString,mandatory
missing value,water,sampling,samp_collect_device,232,<empty>,\,/github/workspace/logsheets/filtered/water_sampling.csv,XSDString,mandatory
missing value,water,sampling,samp_collect_device,233,<empty>,\,/github/workspace/logsheets/filtered/water_sampling.csv,XSDString,mandatory
missing value,water,sampling,samp_collect_device,234,<empty>,\,/github/workspace/logsheets/filtered/water_sampling.csv,XSDString,mandatory
missing value,water,sampling,samp_collect_device,235,<empty>,\,/github/workspace/logsheets/filtered/water_sampling.csv,XSDString,mandatory
missing value,water,sampling,samp_collect_device,236,<empty>,\,/github/workspace/logsheets/filtered/water_sampling.csv,XSDString,mandatory
missing value,water,sampling,samp_description,231,<empty>,\,/github/workspace/logsheets/filtered/water_sampling.csv,XSDString,mandatory
missing value,water,sampling,samp_description,232,<empty>,\,/github/workspace/logsheets/filtered/water_sampling.csv,XSDString,mandatory
missing value,water,sampling,samp_description,233,<empty>,\,/github/workspace/logsheets/filtered/water_sampling.csv,XSDString,mandatory
missing value,water,sampling,samp_description,234,<empty>,\,/github/workspace/logsheets/filtered/water_sampling.csv,XSDString,mandatory
missing value,water,sampling,samp_description,235,<empty>,\,/github/workspace/logsheets/filtered/water_sampling.csv,XSDString,mandatory
missing value,water,sampling,samp_description,236,<empty>,\,/github/workspace/logsheets/filtered/water_sampling.csv,XSDString,mandatory
missing value,water,sampling,samp_mat_process,231,<empty>,\,/github/workspace/logsheets/filtered/water_sampling.csv,XSDString,mandatory
missing value,water,sampling,samp_mat_process,232,<empty>,\,/github/workspace/logsheets/filtered/water_sampling.csv,XSDString,mandatory
missing value,water,sampling,samp_mat_process,233,<empty>,\,/github/workspace/logsheets/filtered/water_sampling.csv,XSDString,mandatory
missing value,water,sampling,samp_mat_process,234,<empty>,\,/github/workspace/logsheets/filtered/water_sampling.csv,XSDString,mandatory
missing value,water,sampling,samp_mat_process,235,<empty>,\,/github/workspace/logsheets/filtered/water_sampling.csv,XSDString,mandatory
missing value,water,sampling,samp_mat_process,236,<empty>,\,/github/workspace/logsheets/filtered/water_sampling.csv,XSDString,mandatory
missing value,water,sampling,samp_mat_process_dev,231,<empty>,\,/github/workspace/logsheets/filtered/water_sampling.csv,XSDString,mandatory
missing value,water,sampling,samp_mat_process_dev,232,<empty>,\,/github/workspace/logsheets/filtered/water_sampling.csv,XSDString,mandatory
missing value,water,sampling,samp_mat_process_dev,233,<empty>,\,/github/workspace/logsheets/filtered/water_sampling.csv,XSDString,mandatory
missing value,water,sampling,samp_mat_process_dev,234,<empty>,\,/github/workspace/logsheets/filtered/water_sampling.csv,XSDString,mandatory
missing value,water,sampling,samp_mat_process_dev,235,<empty>,\,/github/workspace/logsheets/filtered/water_sampling.csv,XSDString,mandatory
missing value,water,sampling,samp_mat_process_dev,236,<empty>,\,/github/workspace/logsheets/filtered/water_sampling.csv,XSDString,mandatory
missing value,water,sampling,samp_store_loc,231,<empty>,\,/github/workspace/logsheets/filtered/water_sampling.csv,XSDString,mandatory
missing value,water,sampling,samp_store_loc,232,<empty>,\,/github/workspace/logsheets/filtered/water_sampling.csv,XSDString,mandatory
missing value,water,sampling,samp_store_loc,233,<empty>,\,/github/workspace/logsheets/filtered/water_sampling.csv,XSDString,mandatory
missing value,water,sampling,samp_store_loc,234,<empty>,\,/github/workspace/logsheets/filtered/water_sampling.csv,XSDString,mandatory
missing value,water,sampling,samp_store_loc,235,<empty>,\,/github/workspace/logsheets/filtered/water_sampling.csv,XSDString,mandatory
missing value,water,sampling,samp_store_loc,236,<empty>,\,/github/workspace/logsheets/filtered/water_sampling.csv,XSDString,mandatory
missing value,water,sampling,samp_store_temp,231,<empty>,\,/github/workspace/logsheets/filtered/water_sampling.csv,XSDString,mandatory
missing value,water,sampling,samp_store_temp,232,<empty>,\,/github/workspace/logsheets/filtered/water_sampling.csv,XSDString,mandatory
missing value,water,sampling,samp_store_temp,233,<empty>,\,/github/workspace/logsheets/filtered/water_sampling.csv,XSDString,mandatory
missing value,water,sampling,samp_store_temp,234,<empty>,\,/github/workspace/logsheets/filtered/water_sampling.csv,XSDString,mandatory
missing value,water,sampling,samp_store_temp,235,<empty>,\,/github/workspace/logsheets/filtered/water_sampling.csv,XSDString,mandatory
missing value,water,sampling,samp_store_temp,236,<empty>,\,/github/workspace/logsheets/filtered/water_sampling.csv,XSDString,mandatory
missing value,water,sampling,samp_size_vol,231,<empty>,\,/github/workspace/logsheets/filtered/water_sampling.csv,XSDDouble,mandatory
missing value,water,sampling,samp_size_vol,232,<empty>,\,/github/workspace/logsheets/filtered/water_sampling.csv,XSDDouble,mandatory
missing value,water,sampling,samp_size_vol,233,<empty>,\,/github/workspace/logsheets/filtered/water_sampling.csv,XSDDouble,mandatory
missing value,water,sampling,samp_size_vol,234,<empty>,\,/github/workspace/logsheets/filtered/water_sampling.csv,XSDDouble,mandatory
missing value,water,sampling,samp_size_vol,235,<empty>,\,/github/workspace/logsheets/filtered/water_sampling.csv,XSDDouble,mandatory
missing value,water,sampling,samp_size_vol,236,<empty>,\,/github/workspace/logsheets/filtered/water_sampling.csv,XSDDouble,mandatory
missing value,water,sampling,sampl_person,231,<empty>,\,/github/workspace/logsheets/filtered/water_sampling.csv,XSDString,mandatory
missing value,water,sampling,sampl_person,232,<empty>,\,/github/workspace/logsheets/filtered/water_sampling.csv,XSDString,mandatory
missing value,water,sampling,sampl_person,233,<empty>,\,/github/workspace/logsheets/filtered/water_sampling.csv,XSDString,mandatory
missing value,water,sampling,sampl_person,234,<empty>,\,/github/workspace/logsheets/filtered/water_sampling.csv,XSDString,mandatory
missing value,water,sampling,sampl_person,235,<empty>,\,/github/workspace/logsheets/filtered/water_sampling.csv,XSDString,mandatory
missing value,water,sampling,sampl_person,236,<empty>,\,/github/workspace/logsheets/filtered/water_sampling.csv,XSDString,mandatory
missing value,water,sampling,sampling_event,231,<empty>,\,/github/workspace/logsheets/filtered/water_sampling.csv,XSDString,mandatory
missing value,water,sampling,sampling_event,232,<empty>,\,/github/workspace/logsheets/filtered/water_sampling.csv,XSDString,mandatory
missing value,water,sampling,sampling_event,233,<empty>,\,/github/workspace/logsheets/filtered/water_sampling.csv,XSDString,mandatory
missing value,water,sampling,sampling_event,234,<empty>,\,/github/workspace/logsheets/filtered/water_sampling.csv,XSDString,mandatory
missing value,water,sampling,sampling_event,235,<empty>,\,/github/workspace/logsheets/filtered/water_sampling.csv,XSDString,mandatory
missing value,water,sampling,sampling_event,236,<empty>,\,/github/workspace/logsheets/filtered/water_sampling.csv,XSDString,mandatory
missing value,water,sampling,ship_date,231,<empty>,\,/github/workspace/logsheets/filtered/water_sampling.csv,XSDDate,mandatory
missing value,water,sampling,ship_date,232,<empty>,\,/github/workspace/logsheets/filtered/water_sampling.csv,XSDDate,mandatory
missing value,water,sampling,ship_date,233,<empty>,\,/github/workspace/logsheets/filtered/water_sampling.csv,XSDDate,mandatory
missing value,water,sampling,ship_date,234,<empty>,\,/github/workspace/logsheets/filtered/water_sampling.csv,XSDDate,mandatory
missing value,water,sampling,ship_date,235,<empty>,\,/github/workspace/logsheets/filtered/water_sampling.csv,XSDDate,mandatory
missing value,water,sampling,ship_date,236,<empty>,\,/github/workspace/logsheets/filtered/water_sampling.csv,XSDDate,mandatory
missing value,water,sampling,ship_date_seq,71,<empty>,\,/github/workspace/logsheets/filtered/water_sampling.csv,XSDDate,mandatory
missing value,water,sampling,ship_date_seq,72,<empty>,\,/github/workspace/logsheets/filtered/water_sampling.csv,XSDDate,mandatory
missing value,water,sampling,ship_date_seq,75,<empty>,\,/github/workspace/logsheets/filtered/water_sampling.csv,XSDDate,mandatory
missing value,water,sampling,ship_date_seq,76,<empty>,\,/github/workspace/logsheets/filtered/water_sampling.csv,XSDDate,mandatory
missing value,water,sampling,ship_date_seq,81,<empty>,\,/github/workspace/logsheets/filtered/water_sampling.csv,XSDDate,mandatory
missing value,water,sampling,ship_date_seq,82,<empty>,\,/github/workspace/logsheets/filtered/water_sampling.csv,XSDDate,mandatory
missing value,water,sampling,ship_date_seq,85,<empty>,\,/github/workspace/logsheets/filtered/water_sampling.csv,XSDDate,mandatory
missing value,water,sampling,ship_date_seq,86,<empty>,\,/github/workspace/logsheets/filtered/water_sampling.csv,XSDDate,mandatory
missing value,water,sampling,ship_date_seq,231,<empty>,\,/github/workspace/logsheets/filtered/water_sampling.csv,XSDDate,mandatory
missing value,water,sampling,ship_date_seq,232,<empty>,\,/github/workspace/logsheets/filtered/water_sampling.csv,XSDDate,mandatory
missing value,water,sampling,ship_date_seq,233,<empty>,\,/github/workspace/logsheets/filtered/water_sampling.csv,XSDDate,mandatory
missing value,water,sampling,ship_date_seq,234,<empty>,\,/github/workspace/logsheets/filtered/water_sampling.csv,XSDDate,mandatory
missing value,water,sampling,ship_date_seq,235,<empty>,\,/github/workspace/logsheets/filtered/water_sampling.csv,XSDDate,mandatory
missing value,water,sampling,ship_date_seq,236,<empty>,\,/github/workspace/logsheets/filtered/water_sampling.csv,XSDDate,mandatory
missing value,water,sampling,size_frac_low,231,<empty>,\,/github/workspace/logsheets/filtered/water_sampling.csv,XSDDouble,mandatory
missing value,water,sampling,size_frac_low,232,<empty>,\,/github/workspace/logsheets/filtered/water_sampling.csv,XSDDouble,mandatory
missing value,water,sampling,size_frac_low,233,<empty>,\,/github/workspace/logsheets/filtered/water_sampling.csv,XSDDouble,mandatory
missing value,water,sampling,size_frac_low,234,<empty>,\,/github/workspace/logsheets/filtered/water_sampling.csv,XSDDouble,mandatory
missing value,water,sampling,size_frac_low,235,<empty>,\,/github/workspace/logsheets/filtered/water_sampling.csv,XSDDouble,mandatory
missing value,water,sampling,size_frac_low,236,<empty>,\,/github/workspace/logsheets/filtered/water_sampling.csv,XSDDouble,mandatory
missing value,water,sampling,size_frac_up,231,<empty>,\,/github/workspace/logsheets/filtered/water_sampling.csv,XSDDouble,mandatory
missing value,water,sampling,size_frac_up,232,<empty>,\,/github/workspace/logsheets/filtered/water_sampling.csv,XSDDouble,mandatory
missing value,water,sampling,size_frac_up,233,<empty>,\,/github/workspace/logsheets/filtered/water_sampling.csv,XSDDouble,mandatory
missing value,water,sampling,size_frac_up,234,<empty>,\,/github/workspace/logsheets/filtered/water_sampling.csv,XSDDouble,mandatory
missing value,water,sampling,size_frac_up,235,<empty>,\,/github/workspace/logsheets/filtered/water_sampling.csv,XSDDouble,mandatory
missing value,water,sampling,size_frac_up,236,<empty>,\,/github/workspace/logsheets/filtered/water_sampling.csv,XSDDouble,mandatory
missing value,water,sampling,size_frac,231,<empty>,\,/github/workspace/logsheets/filtered/water_sampling.csv,XSDString,mandatory
missing value,water,sampling,size_frac,232,<empty>,\,/github/workspace/logsheets/filtered/water_sampling.csv,XSDString,mandatory
missing value,water,sampling,size_frac,233,<empty>,\,/github/workspace/logsheets/filtered/water_sampling.csv,XSDString,mandatory
missing value,water,sampling,size_frac,234,<empty>,\,/github/workspace/logsheets/filtered/water_sampling.csv,XSDString,mandatory
missing value,water,sampling,size_frac,235,<empty>,\,/github/workspace/logsheets/filtered/water_sampling.csv,XSDString,mandatory
missing value,water,sampling,size_frac,236,<empty>,\,/github/workspace/logsheets/filtered/water_sampling.csv,XSDString,mandatory
missing value,water,sampling,store_person,231,<empty>,\,/github/workspace/logsheets/filtered/water_sampling.csv,XSDString,mandatory
missing value,water,sampling,store_person,232,<empty>,\,/github/workspace/logsheets/filtered/water_sampling.csv,XSDString,mandatory
missing value,water,sampling,store_person,233,<empty>,\,/github/workspace/logsheets/filtered/water_sampling.csv,XSDString,mandatory
missing value,water,sampling,store_person,234,<empty>,\,/github/workspace/logsheets/filtered/water_sampling.csv,XSDString,mandatory
missing value,water,sampling,store_person,235,<empty>,\,/github/workspace/logsheets/filtered/water_sampling.csv,XSDString,mandatory
missing value,water,sampling,store_person,236,<empty>,\,/github/workspace/logsheets/filtered/water_sampling.csv,XSDString,mandatory
missing value,water,sampling,store_temp_hq,231,<empty>,\,/github/workspace/logsheets/filtered/water_sampling.csv,XSDDouble,mandatory
missing value,water,sampling,store_temp_hq,232,<empty>,\,/github/workspace/logsheets/filtered/water_sampling.csv,XSDDouble,mandatory
missing value,water,sampling,store_temp_hq,233,<empty>,\,/github/workspace/logsheets/filtered/water_sampling.csv,XSDDouble,mandatory
missing value,water,sampling,store_temp_hq,234,<empty>,\,/github/workspace/logsheets/filtered/water_sampling.csv,XSDDouble,mandatory
missing value,water,sampling,store_temp_hq,235,<empty>,\,/github/workspace/logsheets/filtered/water_sampling.csv,XSDDouble,mandatory
missing value,water,sampling,store_temp_hq,236,<empty>,\,/github/workspace/logsheets/filtered/water_sampling.csv,XSDDouble,mandatory
missing value,water,sampling,tax_id,231,<empty>,\,/github/workspace/logsheets/filtered/water_sampling.csv,XSDAnyURI,mandatory
missing value,water,sampling,tax_id,232,<empty>,\,/github/workspace/logsheets/filtered/water_sampling.csv,XSDAnyURI,mandatory
missing value,water,sampling,tax_id,233,<empty>,\,/github/workspace/logsheets/filtered/water_sampling.csv,XSDAnyURI,mandatory
missing value,water,sampling,tax_id,234,<empty>,\,/github/workspace/logsheets/filtered/water_sampling.csv,XSDAnyURI,mandatory
missing value,water,sampling,tax_id,235,<empty>,\,/github/workspace/logsheets/filtered/water_sampling.csv,XSDAnyURI,mandatory
missing value,water,sampling,tax_id,236,<empty>,\,/github/workspace/logsheets/filtered/water_sampling.csv,XSDAnyURI,mandatory
missing value,water,sampling,time_fi,231,<empty>,\,/github/workspace/logsheets/filtered/water_sampling.csv,XSDString,mandatory
missing value,water,sampling,time_fi,232,<empty>,\,/github/workspace/logsheets/filtered/water_sampling.csv,XSDString,mandatory
missing value,water,sampling,time_fi,233,<empty>,\,/github/workspace/logsheets/filtered/water_sampling.csv,XSDString,mandatory
missing value,water,sampling,time_fi,234,<empty>,\,/github/workspace/logsheets/filtered/water_sampling.csv,XSDString,mandatory
missing value,water,sampling,time_fi,235,<empty>,\,/github/workspace/logsheets/filtered/water_sampling.csv,XSDString,mandatory
missing value,water,sampling,time_fi,236,<empty>,\,/github/workspace/logsheets/filtered/water_sampling.csv,XSDString,mandatory
missing value,water,sampling,failure,31,<empty>,\,/github/workspace/logsheets/filtered/water_sampling.csv,XSDBoolean,mandatory
missing value,water,sampling,failure,32,<empty>,\,/github/workspace/logsheets/filtered/water_sampling.csv,XSDBoolean,mandatory
missing value,water,sampling,failure,35,<empty>,\,/github/workspace/logsheets/filtered/water_sampling.csv,XSDBoolean,mandatory
missing value,water,sampling,failure,36,<empty>,\,/github/workspace/logsheets/filtered/water_sampling.csv,XSDBoolean,mandatory
missing value,water,sampling,failure,41,<empty>,\,/github/workspace/logsheets/filtered/water_sampling.csv,XSDBoolean,mandatory
missing value,water,sampling,failure,42,<empty>,\,/github/workspace/logsheets/filtered/water_sampling.csv,XSDBoolean,mandatory
missing value,water,sampling,failure,45,<empty>,\,/github/workspace/logsheets/filtered/water_sampling.csv,XSDBoolean,mandatory
missing value,water,sampling,failure,46,<empty>,\,/github/workspace/logsheets/filtered/water_sampling.csv,XSDBoolean,mandatory
missing value,water,sampling,failure,51,<empty>,\,/github/workspace/logsheets/filtered/water_sampling.csv,XSDBoolean,mandatory
missing value,water,sampling,failure,52,<empty>,\,/github/workspace/logsheets/filtered/water_sampling.csv,XSDBoolean,mandatory
missing value,water,sampling,failure,55,<empty>,\,/github/workspace/logsheets/filtered/water_sampling.csv,XSDBoolean,mandatory
missing value,water,sampling,failure,56,<empty>,\,/github/workspace/logsheets/filtered/water_sampling.csv,XSDBoolean,mandatory
missing value,water,sampling,failure,61,<empty>,\,/github/workspace/logsheets/filtered/water_sampling.csv,XSDBoolean,mandatory
missing value,water,sampling,failure,62,<empty>,\,/github/workspace/logsheets/filtered/water_sampling.csv,XSDBoolean,mandatory
missing value,water,sampling,failure,65,<empty>,\,/github/workspace/logsheets/filtered/water_sampling.csv,XSDBoolean,mandatory
missing value,water,sampling,failure,66,<empty>,\,/github/workspace/logsheets/filtered/water_sampling.csv,XSDBoolean,mandatory
missing value,water,sampling,failure,71,<empty>,\,/github/workspace/logsheets/filtered/water_sampling.csv,XSDBoolean,mandatory
missing value,water,sampling,failure,72,<empty>,\,/github/workspace/logsheets/filtered/water_sampling.csv,XSDBoolean,mandatory
missing value,water,sampling,failure,75,<empty>,\,/github/workspace/logsheets/filtered/water_sampling.csv,XSDBoolean,mandatory
missing value,water,sampling,failure,76,<empty>,\,/github/workspace/logsheets/filtered/water_sampling.csv,XSDBoolean,mandatory
missing value,water,sampling,failure,81,<empty>,\,/github/workspace/logsheets/filtered/water_sampling.csv,XSDBoolean,mandatory
missing value,water,sampling,failure,82,<empty>,\,/github/workspace/logsheets/filtered/water_sampling.csv,XSDBoolean,mandatory
missing value,water,sampling,failure,85,<empty>,\,/github/workspace/logsheets/filtered/water_sampling.csv,XSDBoolean,mandatory
missing value,water,sampling,failure,86,<empty>,\,/github/workspace/logsheets/filtered/water_sampling.csv,XSDBoolean,mandatory
missing value,water,sampling,failure,231,<empty>,\,/github/workspace/logsheets/filtered/water_sampling.csv,XSDBoolean,mandatory
missing value,water,sampling,failure,232,<empty>,\,/github/workspace/logsheets/filtered/water_sampling.csv,XSDBoolean,mandatory
missing value,water,sampling,failure,233,<empty>,\,/github/workspace/logsheets/filtered/water_sampling.csv,XSDBoolean,mandatory
missing value,water,sampling,failure,234,<empty>,\,/github/workspace/logsheets/filtered/water_sampling.csv,XSDBoolean,mandatory
missing value,water,sampling,failure,235,<empty>,\,/github/workspace/logsheets/filtered/water_sampling.csv,XSDBoolean,mandatory
missing value,water,sampling,failure,236,<empty>,\,/github/workspace/logsheets/filtered/water_sampling.csv,XSDBoolean,mandatory
missing value,water,sampling,scientific_name,231,<empty>,\,/github/workspace/logsheets/filtered/water_sampling.csv,XSDString,mandatory
missing value,water,sampling,scientific_name,232,<empty>,\,/github/workspace/logsheets/filtered/water_sampling.csv,XSDString,mandatory
missing value,water,sampling,scientific_name,233,<empty>,\,/github/workspace/logsheets/filtered/water_sampling.csv,XSDString,mandatory
missing value,water,sampling,scientific_name,234,<empty>,\,/github/workspace/logsheets/filtered/water_sampling.csv,XSDString,mandatory
missing value,water,sampling,scientific_name,235,<empty>,\,/github/workspace/logsheets/filtered/water_sampling.csv,XSDString,mandatory
missing value,water,sampling,scientific_name,236,<empty>,\,/github/workspace/logsheets/filtered/water_sampling.csv,XSDString,mandatory
missing value,water,sampling,source_mat_id,231,<empty>,\,/github/workspace/logsheets/filtered/water_sampling.csv,XSDString,mandatory
missing value,water,sampling,source_mat_id,232,<empty>,\,/github/workspace/logsheets/filtered/water_sampling.csv,XSDString,mandatory
missing value,water,sampling,source_mat_id,233,<empty>,\,/github/workspace/logsheets/filtered/water_sampling.csv,XSDString,mandatory
missing value,water,sampling,source_mat_id,234,<empty>,\,/github/workspace/logsheets/filtered/water_sampling.csv,XSDString,mandatory
missing value,water,sampling,source_mat_id,235,<empty>,\,/github/workspace/logsheets/filtered/water_sampling.csv,XSDString,mandatory
missing value,water,sampling,source_mat_id,236,<empty>,\,/github/workspace/logsheets/filtered/water_sampling.csv,XSDString,mandatory
missing value,water,sampling,samp_store_date,231,<empty>,\,/github/workspace/logsheets/filtered/water_sampling.csv,XSDDate,mandatory
missing value,water,sampling,samp_store_date,232,<empty>,\,/github/workspace/logsheets/filtered/water_sampling.csv,XSDDate,mandatory
missing value,water,sampling,samp_store_date,233,<empty>,\,/github/workspace/logsheets/filtered/water_sampling.csv,XSDDate,mandatory
missing value,water,sampling,samp_store_date,234,<empty>,\,/github/workspace/logsheets/filtered/water_sampling.csv,XSDDate,mandatory
missing value,water,sampling,samp_store_date,235,<empty>,\,/github/workspace/logsheets/filtered/water_sampling.csv,XSDDate,mandatory
missing value,water,sampling,samp_store_date,236,<empty>,\,/github/workspace/logsheets/filtered/water_sampling.csv,XSDDate,mandatory
missing value,water,sampling,replicate,231,<empty>,\,/github/workspace/logsheets/filtered/water_sampling.csv,XSDString,mandatory
missing value,water,sampling,replicate,232,<empty>,\,/github/workspace/logsheets/filtered/water_sampling.csv,XSDString,mandatory
missing value,water,sampling,replicate,233,<empty>,\,/github/workspace/logsheets/filtered/water_sampling.csv,XSDString,mandatory
missing value,water,sampling,replicate,234,<empty>,\,/github/workspace/logsheets/filtered/water_sampling.csv,XSDString,mandatory
missing value,water,sampling,replicate,235,<empty>,\,/github/workspace/logsheets/filtered/water_sampling.csv,XSDString,mandatory
missing value,water,sampling,replicate,236,<empty>,\,/github/workspace/logsheets/filtered/water_sampling.csv,XSDString,mandatory
missing value,water,sampling,failure_comment,31,<empty>,\,/github/workspace/logsheets/filtered/water_sampling.csv,XSDString,mandatory
missing value,water,sampling,failure_comment,32,<empty>,\,/github/workspace/logsheets/filtered/water_sampling.csv,XSDString,mandatory
missing value,water,sampling,failure_comment,35,<empty>,\,/github/workspace/logsheets/filtered/water_sampling.csv,XSDString,mandatory
missing value,water,sampling,failure_comment,36,<empty>,\,/github/workspace/logsheets/filtered/water_sampling.csv,XSDString,mandatory
missing value,water,sampling,failure_comment,41,<empty>,\,/github/workspace/logsheets/filtered/water_sampling.csv,XSDString,mandatory
missing value,water,sampling,failure_comment,42,<empty>,\,/github/workspace/logsheets/filtered/water_sampling.csv,XSDString,mandatory
missing value,water,sampling,failure_comment,45,<empty>,\,/github/workspace/logsheets/filtered/water_sampling.csv,XSDString,mandatory
missing value,water,sampling,failure_comment,46,<empty>,\,/github/workspace/logsheets/filtered/water_sampling.csv,XSDString,mandatory
missing value,water,sampling,failure_comment,51,<empty>,\,/github/workspace/logsheets/filtered/water_sampling.csv,XSDString,mandatory
missing value,water,sampling,failure_comment,52,<empty>,\,/github/workspace/logsheets/filtered/water_sampling.csv,XSDString,mandatory
missing value,water,sampling,failure_comment,55,<empty>,\,/github/workspace/logsheets/filtered/water_sampling.csv,XSDString,mandatory
missing value,water,sampling,failure_comment,56,<empty>,\,/github/workspace/logsheets/filtered/water_sampling.csv,XSDString,mandatory
missing value,water,sampling,failure_comment,61,<empty>,\,/github/workspace/logsheets/filtered/water_sampling.csv,XSDString,mandatory
missing value,water,sampling,failure_comment,62,<empty>,\,/github/workspace/logsheets/filtered/water_sampling.csv,XSDString,mandatory
missing value,water,sampling,failure_comment,65,<empty>,\,/github/workspace/logsheets/filtered/water_sampling.csv,XSDString,mandatory
missing value,water,sampling,failure_comment,66,<empty>,\,/github/workspace/logsheets/filtered/water_sampling.csv,XSDString,mandatory
missing value,water,sampling,failure_comment,71,<empty>,\,/github/workspace/logsheets/filtered/water_sampling.csv,XSDString,mandatory
missing value,water,sampling,failure_comment,72,<empty>,\,/github/workspace/logsheets/filtered/water_sampling.csv,XSDString,mandatory
missing value,water,sampling,failure_comment,75,<empty>,\,/github/workspace/logsheets/filtered/water_sampling.csv,XSDString,mandatory
missing value,water,sampling,failure_comment,76,<empty>,\,/github/workspace/logsheets/filtered/water_sampling.csv,XSDString,mandatory
missing value,water,sampling,failure_comment,81,<empty>,\,/github/workspace/logsheets/filtered/water_sampling.csv,XSDString,mandatory
missing value,water,sampling,failure_comment,82,<empty>,\,/github/workspace/logsheets/filtered/water_sampling.csv,XSDString,mandatory
missing value,water,sampling,failure_comment,85,<empty>,\,/github/workspace/logsheets/filtered/water_sampling.csv,XSDString,mandatory
missing value,water,sampling,failure_comment,86,<empty>,\,/github/workspace/logsheets/filtered/water_sampling.csv,XSDString,mandatory
missing value,water,sampling,failure_comment,231,<empty>,\,/github/workspace/logsheets/filtered/water_sampling.csv,XSDString,mandatory
missing value,water,sampling,failure_comment,232,<empty>,\,/github/workspace/logsheets/filtered/water_sampling.csv,XSDString,mandatory
missing value,water,sampling,failure_comment,233,<empty>,\,/github/workspace/logsheets/filtered/water_sampling.csv,XSDString,mandatory
missing value,water,sampling,failure_comment,234,<empty>,\,/github/workspace/logsheets/filtered/water_sampling.csv,XSDString,mandatory
missing value,water,sampling,failure_comment,235,<empty>,\,/github/workspace/logsheets/filtered/water_sampling.csv,XSDString,mandatory
missing value,water,sampling,failure_comment,236,<empty>,\,/github/workspace/logsheets/filtered/water_sampling.csv,XSDString,mandatory
